User_ID,Experiment_number,Round_number,S,T,Game,Action,Opponent_ID,Opponent_Action
2,1,1,6,5,Harmony,C,7,C
2,1,2,6,8,Harmony,D,17,C
2,1,3,6,15,Snow Drift,D,22,C
2,1,4,4,6,Stag-Hunt,D,40,C
2,1,5,9,9,Harmony,C,41,C
2,1,6,6,11,Snow Drift,D,52,C
2,1,7,6,6,Harmony,C,63,C
2,1,8,0,10,border Stag-Hunt/Prisoner's Dilemma,D,79,D
2,1,9,9,12,Snow Drift,D,83,D
2,1,10,5,10,center of the TS plane,D,92,C
2,1,11,8,6,Harmony,C,107,C
2,1,12,6,9,Harmony,D,111,D
2,1,13,2,7,Stag-Hunt,D,129,D
2,1,14,2,12,Prisoner's Dilemma,D,133,D
3,1,1,4,9,Stag-Hunt,C,4,D
3,1,2,3,15,Prisoner's Dilemma,C,11,C
3,1,3,6,15,Snow Drift,C,21,D
3,1,4,3,6,Stag-Hunt,C,35,D
3,1,5,1,6,Stag-Hunt,C,50,C
3,1,6,6,7,Harmony,C,58,D
3,1,7,1,9,Stag-Hunt,C,67,D
3,1,8,5,6,border Harmony/Stag-Hunt,C,77,C
3,1,9,5,6,border Harmony/Stag-Hunt,C,81,D
3,1,10,10,5,Harmony,C,94,C
3,1,11,5,15,border Snow Drift/Prisoner's Dilemma,C,101,D
3,1,12,2,11,Prisoner's Dilemma,C,118,D
3,1,13,8,5,Harmony,C,127,C
3,1,14,4,8,Stag-Hunt,D,137,D
4,1,1,5,14,border Snow Drift/Prisoner's Dilemma,C,6,D
4,1,2,10,7,Harmony,C,14,C
4,1,3,1,13,Prisoner's Dilemma,C,24,C
4,1,4,8,5,Harmony,C,33,C
4,1,5,1,12,Prisoner's Dilemma,D,44,D
4,1,6,9,11,Snow Drift,C,54,D
4,1,7,4,6,Stag-Hunt,C,65,C
4,1,8,6,14,Snow Drift,D,75,D
4,1,9,7,14,Snow Drift,C,90,D
4,1,10,8,7,Harmony,C,97,C
4,1,11,8,6,Harmony,C,108,C
4,1,12,0,9,Stag-Hunt,D,120,C
4,1,13,4,8,Stag-Hunt,D,125,C
4,1,14,2,12,Prisoner's Dilemma,D,134,D
5,1,1,5,14,border Snow Drift/Prisoner's Dilemma,D,5,C
5,1,2,8,14,Snow Drift,D,15,C
5,1,3,9,15,Snow Drift,D,25,D
5,1,4,8,13,Snow Drift,C,38,D
5,1,5,9,9,Harmony,C,42,C
5,1,6,9,11,Snow Drift,D,53,C
5,1,7,4,6,Stag-Hunt,C,66,C
5,1,8,7,8,Harmony,C,73,D
5,1,9,5,5,border Harmony/Stag-Hunt,C,86,C
5,1,10,5,10,center of the TS plane,C,91,D
5,1,11,5,15,border Snow Drift/Prisoner's Dilemma,D,102,C
5,1,12,8,9,Harmony,C,116,D
5,1,13,8,7,Harmony,C,121,C
5,1,14,5,8,border Harmony/Stag-Hunt,C,131,C
6,1,1,4,9,Stag-Hunt,D,3,C
6,1,2,7,6,Harmony,C,19,C
6,1,3,7,8,Harmony,D,28,C
6,1,4,3,6,Stag-Hunt,D,36,C
6,1,5,1,6,Stag-Hunt,C,49,C
6,1,6,3,7,Stag-Hunt,D,60,D
6,1,7,9,12,Snow Drift,D,62,D
6,1,8,7,8,Harmony,D,74,C
6,1,9,9,12,Snow Drift,D,84,D
6,1,10,9,7,Harmony,C,96,C
6,1,11,7,10,border Harmony/Snow Drift,D,109,C
6,1,12,1,11,Prisoner's Dilemma,D,113,D
6,1,13,2,7,Stag-Hunt,D,130,D
6,1,14,0,11,Prisoner's Dilemma,C,139,D
7,1,1,2,10,border Stag-Hunt/Prisoner's Dilemma,D,9,C
7,1,2,10,7,Harmony,C,13,C
7,1,3,9,15,Snow Drift,D,26,D
7,1,4,8,13,Snow Drift,D,37,C
7,1,5,1,12,Prisoner's Dilemma,D,43,D
7,1,6,3,7,Stag-Hunt,D,59,D
7,1,7,1,9,Stag-Hunt,D,68,C
7,1,8,7,15,Snow Drift,D,72,D
7,1,9,5,6,border Harmony/Stag-Hunt,D,82,C
7,1,10,2,15,Prisoner's Dilemma,D,99,D
7,1,11,2,8,Stag-Hunt,D,105,D
7,1,12,8,9,Harmony,D,115,C
7,1,13,2,5,Stag-Hunt,D,124,D
7,1,14,0,11,Prisoner's Dilemma,D,140,C
8,1,1,8,12,Snow Drift,D,2,D
8,1,2,6,8,Harmony,C,18,D
8,1,3,1,13,Prisoner's Dilemma,C,23,C
8,1,4,8,5,Harmony,C,34,C
8,1,5,2,14,Prisoner's Dilemma,C,45,D
8,1,6,6,11,Snow Drift,C,51,D
8,1,7,1,11,Prisoner's Dilemma,D,69,D
8,1,8,0,10,border Stag-Hunt/Prisoner's Dilemma,D,80,D
8,1,9,7,14,Snow Drift,D,89,C
8,1,10,2,15,Prisoner's Dilemma,D,100,D
8,1,11,2,8,Stag-Hunt,D,106,D
8,1,12,0,9,Stag-Hunt,C,119,D
8,1,13,4,8,Stag-Hunt,C,126,D
8,1,14,5,8,border Harmony/Stag-Hunt,C,132,C
9,1,1,6,5,Harmony,C,8,C
9,1,2,8,14,Snow Drift,C,16,D
9,1,3,7,8,Harmony,C,27,D
9,1,4,2,8,Stag-Hunt,D,32,D
9,1,5,2,14,Prisoner's Dilemma,D,46,C
9,1,6,6,7,Harmony,D,57,C
9,1,7,9,12,Snow Drift,D,61,D
9,1,8,6,14,Snow Drift,D,76,D
9,1,9,6,12,Snow Drift,D,88,D
9,1,10,9,7,Harmony,C,95,C
9,1,11,4,7,Stag-Hunt,D,103,D
9,1,12,1,11,Prisoner's Dilemma,D,114,D
9,1,13,2,5,Stag-Hunt,D,123,D
9,1,14,4,8,Stag-Hunt,D,138,D
10,1,1,2,10,border Stag-Hunt/Prisoner's Dilemma,C,10,D
10,1,2,7,6,Harmony,C,20,C
10,1,3,7,11,Snow Drift,D,30,D
10,1,4,4,6,Stag-Hunt,C,39,D
10,1,5,10,12,Snow Drift,D,48,D
10,1,6,5,7,border Harmony/Stag-Hunt,D,55,D
10,1,7,1,11,Prisoner's Dilemma,D,70,D
10,1,8,7,15,Snow Drift,D,71,D
10,1,9,5,5,border Harmony/Stag-Hunt,C,85,C
10,1,10,10,5,Harmony,C,93,C
10,1,11,4,7,Stag-Hunt,D,104,D
10,1,12,2,11,Prisoner's Dilemma,D,117,C
10,1,13,8,5,Harmony,C,128,C
10,1,14,10,11,Snow Drift,C,135,C
11,1,1,8,12,Snow Drift,D,1,D
11,1,2,3,15,Prisoner's Dilemma,C,12,C
11,1,3,7,11,Snow Drift,D,29,D
11,1,4,2,8,Stag-Hunt,D,31,D
11,1,5,10,12,Snow Drift,D,47,D
11,1,6,5,7,border Harmony/Stag-Hunt,D,56,D
11,1,7,6,6,Harmony,C,64,C
11,1,8,5,6,border Harmony/Stag-Hunt,C,78,C
11,1,9,6,12,Snow Drift,D,87,D
11,1,10,8,7,Harmony,C,98,C
11,1,11,7,10,border Harmony/Snow Drift,C,110,D
11,1,12,6,9,Harmony,D,112,D
11,1,13,8,7,Harmony,C,122,C
11,1,14,10,11,Snow Drift,C,136,C
18,2,1,10,5,Harmony,C,147,C
18,2,2,2,9,Stag-Hunt,C,Dummy,D
18,2,3,2,7,Stag-Hunt,C,178,D
18,2,4,2,9,Stag-Hunt,D,189,D
18,2,5,3,10,border Stag-Hunt/Prisoner's Dilemma,D,194,D
18,2,6,5,11,border Snow Drift/Prisoner's Dilemma,D,206,D
18,2,7,0,7,Stag-Hunt,D,220,D
18,2,8,0,8,Stag-Hunt,D,233,C
18,2,9,10,10,border Harmony/Snow Drift,C,246,C
18,2,10,3,6,Stag-Hunt,D,262,C
18,2,11,6,6,Harmony,C,Dummy,C
18,2,12,9,6,Harmony,C,289,C
18,2,13,6,9,Harmony,D,307,D
18,2,14,6,7,Harmony,D,Dummy,D
19,2,1,3,13,Prisoner's Dilemma,D,141,D
19,2,2,4,15,Prisoner's Dilemma,D,161,C
19,2,3,5,13,border Snow Drift/Prisoner's Dilemma,C,167,D
19,2,4,8,10,border Harmony/Snow Drift,D,190,C
19,2,5,5,6,border Harmony/Stag-Hunt,C,196,C
19,2,6,5,11,border Snow Drift/Prisoner's Dilemma,D,207,D
19,2,7,2,5,Stag-Hunt,C,226,C
19,2,8,0,11,Prisoner's Dilemma,C,235,D
19,2,9,9,5,Harmony,C,249,C
19,2,10,1,10,border Stag-Hunt/Prisoner's Dilemma,D,269,C
19,2,11,10,15,Snow Drift,D,275,C
19,2,12,1,12,Prisoner's Dilemma,D,284,D
19,2,13,7,14,Snow Drift,C,302,D
19,2,14,3,6,Stag-Hunt,C,310,C
20,2,1,1,10,border Stag-Hunt/Prisoner's Dilemma,C,150,D
20,2,2,5,9,border Harmony/Stag-Hunt,C,165,D
20,2,3,3,5,Stag-Hunt,C,173,C
20,2,4,1,15,Prisoner's Dilemma,C,183,D
20,2,5,3,10,border Stag-Hunt/Prisoner's Dilemma,D,193,D
20,2,6,4,7,Stag-Hunt,C,215,C
20,2,7,10,10,border Harmony/Snow Drift,C,229,C
20,2,8,0,9,Stag-Hunt,D,Dummy,D
20,2,9,3,15,Prisoner's Dilemma,D,Dummy,C
20,2,10,9,15,Snow Drift,D,Dummy,C
20,2,11,6,12,Snow Drift,C,282,D
20,2,12,7,8,Harmony,C,287,D
20,2,13,3,10,border Stag-Hunt/Prisoner's Dilemma,D,306,D
20,2,14,8,9,Harmony,C,316,D
22,2,1,3,10,border Stag-Hunt/Prisoner's Dilemma,C,152,C
22,2,2,5,9,border Harmony/Stag-Hunt,D,164,C
22,2,3,2,7,Stag-Hunt,D,177,C
22,2,4,2,9,Stag-Hunt,D,188,D
22,2,5,5,10,center of the TS plane,C,200,D
22,2,6,2,11,Prisoner's Dilemma,D,209,D
22,2,7,5,12,border Snow Drift/Prisoner's Dilemma,D,223,D
22,2,8,0,15,Prisoner's Dilemma,D,236,D
22,2,9,10,10,border Harmony/Snow Drift,C,245,C
22,2,10,0,7,Stag-Hunt,D,261,C
22,2,11,7,14,Snow Drift,D,274,D
22,2,12,5,15,border Snow Drift/Prisoner's Dilemma,D,295,C
22,2,13,7,14,Snow Drift,D,301,C
22,2,14,2,8,Stag-Hunt,D,321,C
23,2,1,3,10,border Stag-Hunt/Prisoner's Dilemma,C,151,C
23,2,2,3,13,Prisoner's Dilemma,C,155,D
23,2,3,10,6,Harmony,C,175,C
23,2,4,2,6,Stag-Hunt,C,186,C
23,2,5,5,7,border Harmony/Stag-Hunt,C,197,D
23,2,6,2,11,Prisoner's Dilemma,D,208,D
23,2,7,2,15,Prisoner's Dilemma,D,Dummy,D
23,2,8,6,14,Snow Drift,D,240,D
23,2,9,2,12,Prisoner's Dilemma,D,256,C
23,2,10,0,7,Stag-Hunt,C,260,D
23,2,11,10,15,Snow Drift,C,276,D
23,2,12,9,15,Snow Drift,C,292,D
23,2,13,9,10,border Harmony/Snow Drift,D,304,D
23,2,14,6,12,Snow Drift,D,314,C
24,2,1,10,5,Harmony,C,148,C
24,2,2,6,11,Snow Drift,C,162,D
24,2,3,5,5,border Harmony/Stag-Hunt,D,171,C
24,2,4,3,15,Prisoner's Dilemma,D,181,D
24,2,5,1,8,Stag-Hunt,D,204,D
24,2,6,10,15,Snow Drift,D,217,D
24,2,7,2,6,Stag-Hunt,D,222,C
24,2,8,0,15,Prisoner's Dilemma,D,237,D
24,2,9,9,5,Harmony,C,250,C
24,2,10,1,9,Stag-Hunt,D,258,D
24,2,11,3,15,Prisoner's Dilemma,D,272,D
24,2,12,5,15,border Snow Drift/Prisoner's Dilemma,C,294,D
24,2,13,1,8,Stag-Hunt,C,297,D
24,2,14,3,10,border Stag-Hunt/Prisoner's Dilemma,D,312,D
25,2,1,3,13,Prisoner's Dilemma,D,142,D
25,2,2,3,8,Stag-Hunt,C,156,C
25,2,3,5,13,border Snow Drift/Prisoner's Dilemma,D,168,C
25,2,4,3,15,Prisoner's Dilemma,D,180,D
25,2,5,5,6,border Harmony/Stag-Hunt,C,195,C
25,2,6,0,12,Prisoner's Dilemma,C,210,D
25,2,7,5,12,border Snow Drift/Prisoner's Dilemma,D,224,D
25,2,8,0,11,Prisoner's Dilemma,D,234,C
25,2,9,7,11,Snow Drift,C,247,D
25,2,10,10,13,Snow Drift,D,266,D
25,2,11,7,9,Harmony,C,278,C
25,2,12,9,6,Harmony,C,288,C
25,2,13,3,10,border Stag-Hunt/Prisoner's Dilemma,D,305,D
25,2,14,3,6,Stag-Hunt,C,311,C
26,2,1,1,10,border Stag-Hunt/Prisoner's Dilemma,D,149,C
26,2,2,6,11,Snow Drift,D,163,C
26,2,3,5,8,border Harmony/Stag-Hunt,D,Dummy,C
26,2,4,8,13,Snow Drift,D,185,C
26,2,5,5,10,center of the TS plane,D,199,C
26,2,6,7,6,Harmony,C,Dummy,C
26,2,7,10,10,border Harmony/Snow Drift,C,230,C
26,2,8,0,7,Stag-Hunt,D,243,D
26,2,9,2,7,Stag-Hunt,D,252,D
26,2,10,9,6,Harmony,C,264,C
26,2,11,7,13,Snow Drift,D,280,D
26,2,12,9,15,Snow Drift,D,293,C
26,2,13,6,9,Harmony,D,308,D
26,2,14,8,9,Harmony,D,317,C
27,2,1,1,9,Stag-Hunt,C,144,D
27,2,2,4,15,Prisoner's Dilemma,C,160,D
27,2,3,10,6,Harmony,C,176,C
27,2,4,2,6,Stag-Hunt,C,187,C
27,2,5,10,6,Harmony,C,201,C
27,2,6,0,12,Prisoner's Dilemma,D,211,C
27,2,7,8,9,Harmony,D,227,C
27,2,8,0,8,Stag-Hunt,C,232,D
27,2,9,7,11,Snow Drift,D,248,C
27,2,10,10,13,Snow Drift,D,267,D
27,2,11,6,12,Snow Drift,D,281,C
27,2,12,4,13,Prisoner's Dilemma,,290,C
27,2,13,9,10,border Harmony/Snow Drift,D,303,D
27,2,14,3,10,border Stag-Hunt/Prisoner's Dilemma,D,313,D
28,2,1,7,12,Snow Drift,C,Dummy,C
28,2,2,3,8,Stag-Hunt,C,157,C
28,2,3,8,11,Snow Drift,C,169,D
28,2,4,8,13,Snow Drift,C,184,D
28,2,5,5,15,border Snow Drift/Prisoner's Dilemma,C,Dummy,D
28,2,6,8,6,Harmony,C,212,C
28,2,7,2,6,Stag-Hunt,C,221,D
28,2,8,10,12,Snow Drift,C,239,C
28,2,9,2,12,Prisoner's Dilemma,C,255,D
28,2,10,3,6,Stag-Hunt,C,263,D
28,2,11,7,14,Snow Drift,D,273,D
28,2,12,9,15,Snow Drift,C,Dummy,D
28,2,13,0,10,border Stag-Hunt/Prisoner's Dilemma,C,300,C
28,2,14,6,12,Snow Drift,C,315,D
29,2,1,1,13,Prisoner's Dilemma,D,145,C
29,2,2,9,13,Snow Drift,C,159,D
29,2,3,3,5,Stag-Hunt,C,174,C
29,2,4,8,10,border Harmony/Snow Drift,C,191,D
29,2,5,1,8,Stag-Hunt,D,203,D
29,2,6,8,6,Harmony,C,213,C
29,2,7,2,5,Stag-Hunt,C,225,C
29,2,8,6,14,Snow Drift,D,241,D
29,2,9,10,12,Snow Drift,D,254,C
29,2,10,9,6,Harmony,C,265,C
29,2,11,7,13,Snow Drift,D,279,D
29,2,12,4,13,Prisoner's Dilemma,C,Dummy,D
29,2,13,0,10,border Stag-Hunt/Prisoner's Dilemma,C,299,C
29,2,14,2,8,Stag-Hunt,C,320,D
30,2,1,1,13,Prisoner's Dilemma,C,146,D
30,2,2,9,13,Snow Drift,D,158,C
30,2,3,8,11,Snow Drift,D,170,C
30,2,4,8,6,Harmony,C,Dummy,C
30,2,5,5,7,border Harmony/Stag-Hunt,D,198,C
30,2,6,10,15,Snow Drift,D,216,D
30,2,7,0,7,Stag-Hunt,D,219,D
30,2,8,0,7,Stag-Hunt,D,242,D
30,2,9,2,7,Stag-Hunt,D,251,D
30,2,10,1,9,Stag-Hunt,D,259,D
30,2,11,3,15,Prisoner's Dilemma,D,271,D
30,2,12,7,8,Harmony,D,286,C
30,2,13,6,13,Snow Drift,D,Dummy,C
30,2,14,6,6,Harmony,C,319,C
31,2,1,1,9,Stag-Hunt,D,143,C
31,2,2,3,13,Prisoner's Dilemma,D,154,C
31,2,3,5,5,border Harmony/Stag-Hunt,C,172,D
31,2,4,1,15,Prisoner's Dilemma,D,182,C
31,2,5,10,6,Harmony,C,202,C
31,2,6,4,7,Stag-Hunt,C,214,C
31,2,7,8,9,Harmony,C,228,D
31,2,8,10,12,Snow Drift,C,238,C
31,2,9,10,12,Snow Drift,C,253,D
31,2,10,1,10,border Stag-Hunt/Prisoner's Dilemma,C,268,D
31,2,11,7,9,Harmony,C,277,C
31,2,12,1,12,Prisoner's Dilemma,D,285,D
31,2,13,1,8,Stag-Hunt,D,298,C
31,2,14,6,6,Harmony,C,318,C
32,3,1,7,12,Snow Drift,C,335,C
32,3,2,2,8,Stag-Hunt,C,348,D
32,3,3,7,8,Harmony,C,359,D
32,3,4,5,5,border Harmony/Stag-Hunt,C,369,C
32,3,5,1,12,Prisoner's Dilemma,D,379,D
32,3,6,10,12,Snow Drift,C,Dummy,D
32,3,7,2,8,Stag-Hunt,C,407,D
32,3,8,6,5,Harmony,C,423,C
32,3,9,9,7,Harmony,C,440,C
32,3,10,6,8,Harmony,C,454,C
32,3,11,5,13,border Snow Drift/Prisoner's Dilemma,D,474,D
32,3,12,1,13,Prisoner's Dilemma,C,482,D
32,3,13,4,6,Stag-Hunt,C,494,D
32,3,14,10,10,border Harmony/Snow Drift,C,514,C
32,3,15,3,6,Stag-Hunt,C,528,D
32,3,16,5,15,border Snow Drift/Prisoner's Dilemma,D,543,D
32,3,17,7,13,Snow Drift,C,557,D
33,3,1,4,7,Stag-Hunt,C,332,C
33,3,2,5,6,border Harmony/Stag-Hunt,C,344,D
33,3,3,1,10,border Stag-Hunt/Prisoner's Dilemma,D,357,C
33,3,4,4,15,Prisoner's Dilemma,D,372,C
33,3,5,0,12,Prisoner's Dilemma,D,384,D
33,3,6,9,14,Snow Drift,C,406,D
33,3,7,0,7,Stag-Hunt,D,417,C
33,3,8,6,5,Harmony,C,424,C
33,3,9,2,14,Prisoner's Dilemma,D,438,D
33,3,10,7,11,Snow Drift,C,461,C
33,3,11,8,8,Harmony,C,Dummy,C
33,3,12,3,10,border Stag-Hunt/Prisoner's Dilemma,D,484,C
33,3,13,9,7,Harmony,C,492,C
33,3,14,9,11,Snow Drift,C,505,D
33,3,15,4,13,Prisoner's Dilemma,D,526,D
33,3,16,4,15,Prisoner's Dilemma,D,536,D
33,3,17,2,6,Stag-Hunt,C,Dummy,D
34,3,1,7,14,Snow Drift,C,328,C
34,3,2,2,8,Stag-Hunt,D,342,D
34,3,3,0,5,Stag-Hunt,C,355,D
34,3,4,5,5,border Harmony/Stag-Hunt,C,370,C
34,3,5,0,12,Prisoner's Dilemma,D,383,D
34,3,6,9,7,Harmony,C,Dummy,C
34,3,7,2,11,Prisoner's Dilemma,D,Dummy,C
34,3,8,7,5,Harmony,C,421,C
34,3,9,6,13,Snow Drift,D,Dummy,D
34,3,10,6,8,Harmony,C,453,C
34,3,11,3,15,Prisoner's Dilemma,D,466,D
34,3,12,4,6,Stag-Hunt,C,477,C
34,3,13,8,11,Snow Drift,C,501,D
34,3,14,9,11,Snow Drift,D,506,C
34,3,15,9,5,Harmony,C,524,C
34,3,16,9,5,Harmony,C,Dummy,D
34,3,17,7,10,border Harmony/Snow Drift,D,550,C
35,3,1,4,7,Stag-Hunt,C,331,C
35,3,2,8,7,Harmony,C,346,D
35,3,3,9,12,Snow Drift,D,361,C
35,3,4,4,15,Prisoner's Dilemma,C,371,D
35,3,5,0,13,Prisoner's Dilemma,D,381,D
35,3,6,5,12,border Snow Drift/Prisoner's Dilemma,D,402,D
35,3,7,0,12,Prisoner's Dilemma,D,416,D
35,3,8,10,14,Snow Drift,C,426,C
35,3,9,9,7,Harmony,C,439,C
35,3,10,7,11,Snow Drift,C,462,C
35,3,11,3,8,Stag-Hunt,D,Dummy,C
35,3,12,1,13,Prisoner's Dilemma,D,481,C
35,3,13,10,13,Snow Drift,C,497,C
35,3,14,0,5,Stag-Hunt,D,509,C
35,3,15,9,5,Harmony,C,523,C
35,3,16,7,12,Snow Drift,C,533,D
35,3,17,7,10,border Harmony/Snow Drift,C,549,D
36,3,1,7,11,Snow Drift,,323,C
36,3,2,4,13,Prisoner's Dilemma,,350,C
36,3,3,1,10,border Stag-Hunt/Prisoner's Dilemma,C,358,D
36,3,4,0,5,Stag-Hunt,,365,
36,3,5,1,8,Stag-Hunt,,389,D
36,3,6,10,12,Snow Drift,,398,C
36,3,7,2,11,Prisoner's Dilemma,,420,D
36,3,8,0,7,Stag-Hunt,,434,D
36,3,9,6,13,Snow Drift,,443,D
36,3,10,6,5,Harmony,,459,C
36,3,11,8,8,Harmony,,468,C
36,3,12,6,9,Harmony,,487,D
36,3,13,0,5,Stag-Hunt,,504,D
36,3,14,10,5,Harmony,,508,C
36,3,15,3,12,Prisoner's Dilemma,,532,
36,3,16,0,6,Stag-Hunt,,546,C
36,3,17,7,7,Harmony,,552,C
37,3,1,0,11,Prisoner's Dilemma,C,Dummy,D
37,3,2,4,13,Prisoner's Dilemma,C,Dummy,D
37,3,3,6,12,Snow Drift,D,Dummy,D
37,3,4,8,9,Harmony,C,368,D
37,3,5,7,6,Harmony,C,391,C
37,3,6,4,10,border Stag-Hunt/Prisoner's Dilemma,D,399,D
37,3,7,1,6,Stag-Hunt,D,412,D
37,3,8,0,7,Stag-Hunt,D,Dummy,D
37,3,9,2,14,Prisoner's Dilemma,D,447,D
37,3,10,9,13,Snow Drift,C,455,C
37,3,11,0,12,Prisoner's Dilemma,D,476,D
37,3,12,3,10,border Stag-Hunt/Prisoner's Dilemma,C,483,D
37,3,13,10,13,Snow Drift,C,498,C
37,3,14,10,10,border Harmony/Snow Drift,C,513,C
37,3,15,8,15,Snow Drift,D,520,D
37,3,16,4,15,Prisoner's Dilemma,D,535,D
37,3,17,9,12,Snow Drift,C,560,C
38,3,1,7,14,Snow Drift,C,327,C
38,3,2,2,8,Stag-Hunt,D,347,C
38,3,3,3,13,Prisoner's Dilemma,D,353,C
38,3,4,8,9,Harmony,D,367,C
38,3,5,1,8,Stag-Hunt,D,385,D
38,3,6,4,10,border Stag-Hunt/Prisoner's Dilemma,D,400,D
38,3,7,8,6,Harmony,C,409,C
38,3,8,5,8,border Harmony/Stag-Hunt,D,431,C
38,3,9,2,14,Prisoner's Dilemma,D,437,D
38,3,10,6,5,Harmony,C,Dummy,C
38,3,11,2,15,Prisoner's Dilemma,D,469,D
38,3,12,6,9,Harmony,D,Dummy,C
38,3,13,6,14,Snow Drift,D,Dummy,D
38,3,14,5,14,border Snow Drift/Prisoner's Dilemma,D,517,D
38,3,15,3,6,Stag-Hunt,D,527,C
38,3,16,5,6,border Harmony/Stag-Hunt,C,537,C
38,3,17,1,9,Stag-Hunt,D,553,C
40,3,1,5,15,border Snow Drift/Prisoner's Dilemma,C,325,C
40,3,2,4,12,Prisoner's Dilemma,C,339,C
40,3,3,0,5,Stag-Hunt,D,356,C
40,3,4,3,13,Prisoner's Dilemma,D,376,D
40,3,5,1,8,Stag-Hunt,D,Dummy,D
40,3,6,5,12,border Snow Drift/Prisoner's Dilemma,D,401,D
40,3,7,1,6,Stag-Hunt,D,411,D
40,3,8,10,14,Snow Drift,C,425,C
40,3,9,0,10,border Stag-Hunt/Prisoner's Dilemma,D,435,D
40,3,10,9,13,Snow Drift,C,456,C
40,3,11,2,15,Prisoner's Dilemma,D,470,D
40,3,12,4,6,Stag-Hunt,C,478,C
40,3,13,4,6,Stag-Hunt,D,493,C
40,3,14,5,14,border Snow Drift/Prisoner's Dilemma,D,518,D
40,3,15,10,6,Harmony,C,522,C
40,3,16,6,12,Snow Drift,D,542,D
40,3,17,7,13,Snow Drift,D,558,C
41,3,1,5,15,border Snow Drift/Prisoner's Dilemma,C,326,C
41,3,2,5,6,border Harmony/Stag-Hunt,D,343,C
41,3,3,8,6,Harmony,C,364,C
41,3,4,3,13,Prisoner's Dilemma,D,375,D
41,3,5,7,6,Harmony,C,392,C
41,3,6,2,7,Stag-Hunt,C,403,D
41,3,7,0,12,Prisoner's Dilemma,D,415,D
41,3,8,4,9,Stag-Hunt,D,427,D
41,3,9,7,14,Snow Drift,D,441,D
41,3,10,9,5,Harmony,D,450,C
41,3,11,0,15,Prisoner's Dilemma,D,472,D
41,3,12,10,9,Harmony,C,489,C
41,3,13,0,5,Stag-Hunt,D,Dummy,D
41,3,14,7,6,Harmony,C,515,C
41,3,15,4,13,Prisoner's Dilemma,D,525,D
41,3,16,0,6,Stag-Hunt,C,Dummy,C
41,3,17,9,12,Snow Drift,C,559,C
42,3,1,7,11,Snow Drift,C,Dummy,D
42,3,2,4,12,Prisoner's Dilemma,C,340,C
42,3,3,9,12,Snow Drift,C,362,D
42,3,4,7,6,Harmony,D,378,C
42,3,5,1,8,Stag-Hunt,D,386,D
42,3,6,1,12,Prisoner's Dilemma,D,394,D
42,3,7,8,5,Harmony,C,Dummy,D
42,3,8,4,9,Stag-Hunt,D,428,D
42,3,9,2,14,Prisoner's Dilemma,D,448,D
42,3,10,9,5,Harmony,C,449,D
42,3,11,0,15,Prisoner's Dilemma,D,471,D
42,3,12,10,9,Harmony,C,490,C
42,3,13,3,5,Stag-Hunt,D,500,C
42,3,14,7,6,Harmony,C,516,C
42,3,15,8,15,Snow Drift,D,519,D
42,3,16,6,12,Snow Drift,D,541,D
42,3,17,6,8,Harmony,D,548,C
43,3,1,7,14,Snow Drift,D,334,C
43,3,2,8,7,Harmony,D,345,C
43,3,3,7,8,Harmony,D,360,C
43,3,4,7,6,Harmony,C,377,D
43,3,5,0,13,Prisoner's Dilemma,D,382,D
43,3,6,9,14,Snow Drift,D,405,C
43,3,7,2,8,Stag-Hunt,D,408,C
43,3,8,8,8,Harmony,C,Dummy,C
43,3,9,7,14,Snow Drift,D,442,D
43,3,10,9,11,Snow Drift,D,Dummy,D
43,3,11,0,12,Prisoner's Dilemma,D,475,D
43,3,12,4,12,Prisoner's Dilemma,D,Dummy,C
43,3,13,9,7,Harmony,C,491,C
43,3,14,0,5,Stag-Hunt,C,510,D
43,3,15,10,6,Harmony,C,521,C
43,3,16,5,15,border Snow Drift/Prisoner's Dilemma,D,544,D
43,3,17,7,7,Harmony,C,Dummy,D
45,3,1,7,14,Snow Drift,C,333,D
45,3,2,5,6,border Harmony/Stag-Hunt,C,Dummy,D
45,3,3,3,13,Prisoner's Dilemma,C,354,D
45,3,4,1,10,border Stag-Hunt/Prisoner's Dilemma,D,374,C
45,3,5,1,12,Prisoner's Dilemma,D,380,D
45,3,6,2,7,Stag-Hunt,D,404,C
45,3,7,0,7,Stag-Hunt,C,418,D
45,3,8,7,5,Harmony,C,422,C
45,3,9,4,8,Stag-Hunt,C,Dummy,C
45,3,10,2,15,Prisoner's Dilemma,C,452,D
45,3,11,5,13,border Snow Drift/Prisoner's Dilemma,D,473,D
45,3,12,8,15,Snow Drift,C,Dummy,C
45,3,13,3,5,Stag-Hunt,C,499,D
45,3,14,10,5,Harmony,C,507,
45,3,15,3,9,Stag-Hunt,C,530,C
45,3,16,7,12,Snow Drift,D,534,C
45,3,17,6,8,Harmony,C,547,D
47,3,1,7,12,Snow Drift,C,336,C
47,3,2,2,8,Stag-Hunt,D,341,D
47,3,3,8,6,Harmony,C,363,C
47,3,4,1,10,border Stag-Hunt/Prisoner's Dilemma,C,373,D
47,3,5,2,9,Stag-Hunt,C,Dummy,D
47,3,6,1,12,Prisoner's Dilemma,D,393,D
47,3,7,8,6,Harmony,C,410,C
47,3,8,5,8,border Harmony/Stag-Hunt,C,432,D
47,3,9,0,10,border Stag-Hunt/Prisoner's Dilemma,D,436,D
47,3,10,2,15,Prisoner's Dilemma,D,Dummy,C
47,3,11,3,15,Prisoner's Dilemma,D,465,D
47,3,12,4,12,Prisoner's Dilemma,,486,D
47,3,13,8,11,Snow Drift,D,502,C
47,3,14,8,9,Harmony,C,Dummy,D
47,3,15,3,9,Stag-Hunt,C,529,C
47,3,16,5,6,border Harmony/Stag-Hunt,C,538,C
47,3,17,1,9,Stag-Hunt,C,554,D
48,4,1,6,5,Harmony,C,571,C
48,4,2,2,6,Stag-Hunt,C,Dummy,C
48,4,3,4,6,Stag-Hunt,C,598,D
48,4,4,6,5,Harmony,C,603,C
48,4,5,3,7,Stag-Hunt,D,619,D
48,4,6,6,7,Harmony,C,634,D
48,4,7,2,10,border Stag-Hunt/Prisoner's Dilemma,D,639,C
48,4,8,10,6,Harmony,C,656,D
48,4,9,5,13,border Snow Drift/Prisoner's Dilemma,D,675,C
48,4,10,2,11,Prisoner's Dilemma,D,682,C
48,4,11,5,5,border Harmony/Stag-Hunt,C,Dummy,C
48,4,12,2,7,Stag-Hunt,D,710,D
48,4,13,5,7,border Harmony/Stag-Hunt,D,728,D
48,4,14,10,11,Snow Drift,C,741,C
48,4,15,7,6,Harmony,C,746,C
48,4,16,7,5,Harmony,C,762,C
49,4,1,2,15,Prisoner's Dilemma,D,563,C
49,4,2,5,9,border Harmony/Stag-Hunt,C,575,D
49,4,3,3,11,Prisoner's Dilemma,C,593,D
49,4,4,10,10,border Harmony/Snow Drift,C,606,C
49,4,5,3,8,Stag-Hunt,C,614,C
49,4,6,1,9,Stag-Hunt,D,627,C
49,4,7,2,10,border Stag-Hunt/Prisoner's Dilemma,C,640,D
49,4,8,10,6,Harmony,D,657,C
49,4,9,8,10,border Harmony/Snow Drift,C,673,D
49,4,10,2,11,Prisoner's Dilemma,C,683,D
49,4,11,5,7,border Harmony/Stag-Hunt,C,698,C
49,4,12,0,10,border Stag-Hunt/Prisoner's Dilemma,D,712,D
49,4,13,4,8,Stag-Hunt,C,722,D
49,4,14,10,11,Snow Drift,C,740,C
49,4,15,0,11,Prisoner's Dilemma,D,752,D
49,4,16,7,5,Harmony,C,763,C
51,4,1,1,5,Stag-Hunt,C,568,C
51,4,2,3,15,Prisoner's Dilemma,D,577,D
51,4,3,3,11,Prisoner's Dilemma,D,594,C
51,4,4,9,12,Snow Drift,C,610,D
51,4,5,6,11,Snow Drift,C,624,C
51,4,6,0,11,Prisoner's Dilemma,C,Dummy,C
51,4,7,8,14,Snow Drift,C,646,D
51,4,8,1,5,Stag-Hunt,C,661,C
51,4,9,1,9,Stag-Hunt,C,666,C
51,4,10,10,9,Harmony,C,678,C
51,4,11,2,7,Stag-Hunt,D,694,C
51,4,12,6,11,Snow Drift,C,708,C
51,4,13,7,11,Snow Drift,D,723,D
51,4,14,0,12,Prisoner's Dilemma,C,Dummy,D
51,4,15,5,11,border Snow Drift/Prisoner's Dilemma,C,754,D
51,4,16,6,12,Snow Drift,D,756,D
52,4,1,6,5,Harmony,C,572,C
52,4,2,1,12,Prisoner's Dilemma,C,578,C
52,4,3,9,13,Snow Drift,D,592,C
52,4,4,4,7,Stag-Hunt,C,601,D
52,4,5,3,8,Stag-Hunt,C,613,C
52,4,6,10,7,Harmony,C,636,C
52,4,7,9,9,Harmony,C,642,C
52,4,8,0,11,Prisoner's Dilemma,C,652,D
52,4,9,9,15,Snow Drift,D,668,D
52,4,10,1,9,Stag-Hunt,D,681,D
52,4,11,6,10,border Harmony/Snow Drift,D,699,D
52,4,12,1,10,border Stag-Hunt/Prisoner's Dilemma,C,715,D
52,4,13,7,11,Snow Drift,D,724,D
52,4,14,6,12,Snow Drift,C,730,D
52,4,15,5,11,border Snow Drift/Prisoner's Dilemma,D,753,C
52,4,16,4,12,Prisoner's Dilemma,C,Dummy,C
53,4,1,5,8,border Harmony/Stag-Hunt,C,561,D
53,4,2,1,12,Prisoner's Dilemma,C,579,C
53,4,3,4,6,Stag-Hunt,D,597,C
53,4,4,4,15,Prisoner's Dilemma,C,Dummy,C
53,4,5,6,11,Snow Drift,C,623,C
53,4,6,8,5,Harmony,C,628,C
53,4,7,3,10,border Stag-Hunt/Prisoner's Dilemma,D,650,D
53,4,8,0,14,Prisoner's Dilemma,D,659,C
53,4,9,6,13,Snow Drift,C,671,D
53,4,10,0,12,Prisoner's Dilemma,D,687,D
53,4,11,3,9,Stag-Hunt,D,701,D
53,4,12,6,11,Snow Drift,C,709,C
53,4,13,3,9,Stag-Hunt,D,719,D
53,4,14,4,9,Stag-Hunt,D,736,D
53,4,15,0,11,Prisoner's Dilemma,D,751,D
53,4,16,0,11,Prisoner's Dilemma,D,759,D
54,4,1,3,8,Stag-Hunt,C,569,C
54,4,2,10,10,border Harmony/Snow Drift,D,582,C
54,4,3,7,14,Snow Drift,D,Dummy,C
54,4,4,4,7,Stag-Hunt,D,600,C
54,4,5,10,5,Harmony,C,618,C
54,4,6,6,8,Harmony,D,632,D
54,4,7,2,11,Prisoner's Dilemma,D,648,D
54,4,8,4,8,Stag-Hunt,D,654,D
54,4,9,6,13,Snow Drift,D,672,C
54,4,10,8,12,Snow Drift,D,684,D
54,4,11,5,11,border Snow Drift/Prisoner's Dilemma,D,696,D
54,4,12,9,7,Harmony,C,707,C
54,4,13,3,9,Stag-Hunt,D,720,D
54,4,14,4,9,Stag-Hunt,D,737,D
54,4,15,9,7,Harmony,C,Dummy,D
54,4,16,2,7,Stag-Hunt,D,761,D
55,4,1,3,8,Stag-Hunt,C,570,C
55,4,2,10,10,border Harmony/Snow Drift,C,583,D
55,4,3,10,7,Harmony,C,595,C
55,4,4,6,5,Harmony,C,602,C
55,4,5,6,10,border Harmony/Snow Drift,D,622,D
55,4,6,6,8,Harmony,D,633,D
55,4,7,9,9,Harmony,C,641,C
55,4,8,0,11,Prisoner's Dilemma,D,653,C
55,4,9,1,5,Stag-Hunt,D,Dummy,D
55,4,10,10,9,Harmony,C,679,C
55,4,11,3,9,Stag-Hunt,D,702,D
55,4,12,5,14,border Snow Drift/Prisoner's Dilemma,D,Dummy,D
55,4,13,0,8,Stag-Hunt,D,718,D
55,4,14,5,7,border Harmony/Stag-Hunt,D,733,D
55,4,15,7,6,Harmony,C,745,C
55,4,16,2,7,Stag-Hunt,D,760,D
56,4,1,5,8,border Harmony/Stag-Hunt,D,562,C
56,4,2,3,15,Prisoner's Dilemma,D,576,D
56,4,3,9,13,Snow Drift,C,591,D
56,4,4,9,10,border Harmony/Snow Drift,C,605,D
56,4,5,10,5,Harmony,C,617,C
56,4,6,6,7,Harmony,D,635,C
56,4,7,2,11,Prisoner's Dilemma,D,647,D
56,4,8,4,8,Stag-Hunt,D,655,D
56,4,9,8,10,border Harmony/Snow Drift,D,674,C
56,4,10,10,7,Harmony,C,688,C
56,4,11,5,7,border Harmony/Stag-Hunt,C,697,C
56,4,12,9,7,Harmony,C,705,C
56,4,13,2,14,Prisoner's Dilemma,D,726,C
56,4,14,10,13,Snow Drift,C,735,C
56,4,15,5,5,border Harmony/Stag-Hunt,C,750,C
56,4,16,1,7,Stag-Hunt,D,767,D
57,4,1,0,15,Prisoner's Dilemma,D,566,C
57,4,2,0,7,Stag-Hunt,C,584,D
57,4,3,10,7,Harmony,C,596,C
57,4,4,9,10,border Harmony/Snow Drift,D,604,C
57,4,5,3,7,Stag-Hunt,D,620,D
57,4,6,10,7,Harmony,C,637,C
57,4,7,3,10,border Stag-Hunt/Prisoner's Dilemma,D,649,D
57,4,8,1,5,Stag-Hunt,C,660,C
57,4,9,2,11,Prisoner's Dilemma,D,670,D
57,4,10,1,5,Stag-Hunt,C,Dummy,C
57,4,11,2,7,Stag-Hunt,C,693,D
57,4,12,9,7,Harmony,C,706,C
57,4,13,2,14,Prisoner's Dilemma,C,725,D
57,4,14,6,12,Snow Drift,D,731,C
57,4,15,2,12,Prisoner's Dilemma,D,747,C
57,4,16,9,6,Harmony,C,765,C
58,4,1,0,15,Prisoner's Dilemma,C,565,D
58,4,2,0,7,Stag-Hunt,D,585,C
58,4,3,1,5,Stag-Hunt,C,587,D
58,4,4,9,12,Snow Drift,D,611,C
58,4,5,10,8,Harmony,C,616,C
58,4,6,2,8,Stag-Hunt,D,630,C
58,4,7,8,14,Snow Drift,D,645,C
58,4,8,7,13,Snow Drift,D,662,C
58,4,9,9,15,Snow Drift,D,667,D
58,4,10,10,7,Harmony,C,689,C
58,4,11,6,10,border Harmony/Snow Drift,D,700,D
58,4,12,2,7,Stag-Hunt,D,711,D
58,4,13,5,7,border Harmony/Stag-Hunt,D,727,D
58,4,14,5,7,border Harmony/Stag-Hunt,D,732,D
58,4,15,3,7,Stag-Hunt,C,743,C
58,4,16,6,12,Snow Drift,D,757,D
59,4,1,2,15,Prisoner's Dilemma,C,564,D
59,4,2,0,12,Prisoner's Dilemma,D,580,C
59,4,3,1,5,Stag-Hunt,D,588,C
59,4,4,7,6,Harmony,C,609,C
59,4,5,6,10,border Harmony/Snow Drift,D,621,D
59,4,6,8,5,Harmony,C,629,C
59,4,7,2,5,Stag-Hunt,D,Dummy,C
59,4,8,2,13,Prisoner's Dilemma,C,Dummy,D
59,4,9,2,11,Prisoner's Dilemma,D,669,D
59,4,10,0,12,Prisoner's Dilemma,D,686,D
59,4,11,5,11,border Snow Drift/Prisoner's Dilemma,D,695,D
59,4,12,0,10,border Stag-Hunt/Prisoner's Dilemma,D,713,D
59,4,13,4,8,Stag-Hunt,D,721,C
59,4,14,0,6,Stag-Hunt,D,739,C
59,4,15,2,12,Prisoner's Dilemma,C,748,D
59,4,16,0,11,Prisoner's Dilemma,D,758,D
60,4,1,0,5,Stag-Hunt,D,Dummy,C
60,4,2,0,12,Prisoner's Dilemma,C,581,D
60,4,3,0,15,Prisoner's Dilemma,D,589,C
60,4,4,10,10,border Harmony/Snow Drift,C,607,C
60,4,5,1,9,Stag-Hunt,C,Dummy,D
60,4,6,1,9,Stag-Hunt,C,626,D
60,4,7,3,13,Prisoner's Dilemma,D,644,C
60,4,8,0,14,Prisoner's Dilemma,C,658,D
60,4,9,1,9,Stag-Hunt,C,665,C
60,4,10,8,12,Snow Drift,D,685,D
60,4,11,9,5,Harmony,C,692,D
60,4,12,9,7,Harmony,C,704,C
60,4,13,3,7,Stag-Hunt,C,Dummy,D
60,4,14,0,6,Stag-Hunt,C,738,D
60,4,15,3,7,Stag-Hunt,C,744,C
60,4,16,9,6,Harmony,C,764,C
61,4,1,1,5,Stag-Hunt,C,567,C
61,4,2,5,9,border Harmony/Stag-Hunt,D,574,C
61,4,3,0,15,Prisoner's Dilemma,C,590,D
61,4,4,7,6,Harmony,C,608,C
61,4,5,10,8,Harmony,C,615,C
61,4,6,2,8,Stag-Hunt,C,631,D
61,4,7,3,13,Prisoner's Dilemma,C,643,D
61,4,8,7,13,Snow Drift,C,663,D
61,4,9,5,13,border Snow Drift/Prisoner's Dilemma,C,676,D
61,4,10,1,9,Stag-Hunt,D,680,D
61,4,11,9,5,Harmony,D,691,C
61,4,12,1,10,border Stag-Hunt/Prisoner's Dilemma,D,714,C
61,4,13,0,8,Stag-Hunt,D,717,D
61,4,14,10,13,Snow Drift,C,734,C
61,4,15,5,5,border Harmony/Stag-Hunt,C,749,C
61,4,16,1,7,Stag-Hunt,D,766,D
62,5,1,4,7,Stag-Hunt,C,776,D
62,5,2,1,14,Prisoner's Dilemma,D,783,C
62,5,3,9,13,Snow Drift,D,791,C
62,5,4,5,7,border Harmony/Stag-Hunt,D,802,C
62,5,5,3,14,Prisoner's Dilemma,D,Dummy,C
62,5,6,2,12,Prisoner's Dilemma,D,814,D
62,5,7,9,10,border Harmony/Snow Drift,C,825,D
62,5,8,5,12,border Snow Drift/Prisoner's Dilemma,D,Dummy,D
62,5,9,4,10,border Stag-Hunt/Prisoner's Dilemma,D,841,D
62,5,10,9,8,Harmony,C,851,C
62,5,11,6,6,Harmony,C,865,D
62,5,12,3,7,Stag-Hunt,D,871,C
62,5,13,3,9,Stag-Hunt,D,884,C
62,5,14,9,13,Snow Drift,D,Dummy,C
63,5,1,3,8,Stag-Hunt,D,Dummy,C
63,5,2,10,14,Snow Drift,C,780,D
63,5,3,4,9,Stag-Hunt,C,787,C
63,5,4,9,9,Harmony,C,Dummy,C
63,5,5,8,10,border Harmony/Snow Drift,C,805,C
63,5,6,9,15,Snow Drift,C,820,D
63,5,7,0,6,Stag-Hunt,C,824,D
63,5,8,10,11,Snow Drift,D,839,C
63,5,9,4,10,border Stag-Hunt/Prisoner's Dilemma,C,846,D
63,5,10,8,10,border Harmony/Snow Drift,D,854,C
63,5,11,1,13,Prisoner's Dilemma,D,861,C
63,5,12,9,14,Snow Drift,D,873,C
63,5,13,2,9,Stag-Hunt,D,Dummy,D
63,5,14,1,10,border Stag-Hunt/Prisoner's Dilemma,D,887,C
64,5,1,4,7,Stag-Hunt,D,775,C
64,5,2,9,10,border Harmony/Snow Drift,C,785,C
64,5,3,9,13,Snow Drift,C,792,D
64,5,4,8,11,Snow Drift,D,797,C
64,5,5,2,7,Stag-Hunt,D,809,C
64,5,6,5,7,border Harmony/Stag-Hunt,D,816,D
64,5,7,9,15,Snow Drift,C,827,C
64,5,8,1,14,Prisoner's Dilemma,D,833,C
64,5,9,0,12,Prisoner's Dilemma,C,848,C
64,5,10,6,11,Snow Drift,C,852,C
64,5,11,0,14,Prisoner's Dilemma,D,860,D
64,5,12,3,7,Stag-Hunt,C,870,D
64,5,13,3,9,Stag-Hunt,C,883,D
64,5,14,0,8,Stag-Hunt,C,889,C
65,5,1,3,9,Stag-Hunt,D,773,C
65,5,2,5,14,border Snow Drift/Prisoner's Dilemma,D,779,C
65,5,3,9,9,Harmony,C,Dummy,C
65,5,4,7,9,Harmony,D,798,C
65,5,5,1,6,Stag-Hunt,D,808,C
65,5,6,5,7,border Harmony/Stag-Hunt,D,817,D
65,5,7,0,6,Stag-Hunt,D,823,C
65,5,8,6,7,Harmony,C,837,C
65,5,9,4,10,border Stag-Hunt/Prisoner's Dilemma,D,842,D
65,5,10,0,6,Stag-Hunt,D,857,C
65,5,11,1,13,Prisoner's Dilemma,C,862,D
65,5,12,1,10,border Stag-Hunt/Prisoner's Dilemma,D,874,C
65,5,13,0,6,Stag-Hunt,C,882,C
65,5,14,0,13,Prisoner's Dilemma,D,893,C
66,5,1,8,9,Harmony,D,772,D
66,5,2,0,14,Prisoner's Dilemma,,Dummy,
66,5,3,8,10,border Harmony/Snow Drift,D,794,C
66,5,4,5,7,border Harmony/Stag-Hunt,C,803,D
66,5,5,3,13,Prisoner's Dilemma,D,811,D
66,5,6,2,12,Prisoner's Dilemma,D,815,D
66,5,7,2,11,Prisoner's Dilemma,C,830,D
66,5,8,10,11,Snow Drift,C,838,D
66,5,9,1,13,Prisoner's Dilemma,D,844,C
66,5,10,8,10,border Harmony/Snow Drift,C,855,D
66,5,11,6,6,Harmony,D,866,C
66,5,12,4,14,Prisoner's Dilemma,C,868,C
66,5,13,2,9,Stag-Hunt,,877,D
66,5,14,0,8,Stag-Hunt,C,888,C
67,5,1,8,9,Harmony,D,771,D
67,5,2,5,14,border Snow Drift/Prisoner's Dilemma,C,778,D
67,5,3,8,12,Snow Drift,C,790,D
67,5,4,7,9,Harmony,C,799,D
67,5,5,2,7,Stag-Hunt,C,810,D
67,5,6,7,15,Snow Drift,C,Dummy,C
67,5,7,9,15,Snow Drift,C,828,C
67,5,8,1,14,Prisoner's Dilemma,C,832,D
67,5,9,0,12,Prisoner's Dilemma,C,847,C
67,5,10,6,11,Snow Drift,C,853,C
67,5,11,6,11,Snow Drift,C,863,C
67,5,12,1,10,border Stag-Hunt/Prisoner's Dilemma,C,875,D
67,5,13,0,6,Stag-Hunt,C,881,C
67,5,14,1,10,border Stag-Hunt/Prisoner's Dilemma,C,886,D
68,5,1,3,9,Stag-Hunt,C,774,D
68,5,2,9,10,border Harmony/Snow Drift,C,784,C
68,5,3,8,12,Snow Drift,D,789,C
68,5,4,8,11,Snow Drift,C,796,D
68,5,5,8,10,border Harmony/Snow Drift,C,806,C
68,5,6,9,15,Snow Drift,D,821,C
68,5,7,2,11,Prisoner's Dilemma,D,829,C
68,5,8,0,9,Stag-Hunt,C,835,C
68,5,9,1,13,Prisoner's Dilemma,C,843,D
68,5,10,0,6,Stag-Hunt,C,856,D
68,5,11,6,11,Snow Drift,C,864,C
68,5,12,9,14,Snow Drift,C,872,D
68,5,13,1,8,Stag-Hunt,C,880,C
68,5,14,0,13,Prisoner's Dilemma,C,892,D
69,5,1,3,7,Stag-Hunt,D,769,C
69,5,2,10,14,Snow Drift,D,781,C
69,5,3,8,10,border Harmony/Snow Drift,C,793,D
69,5,4,9,7,Harmony,C,800,C
69,5,5,3,13,Prisoner's Dilemma,D,812,D
69,5,6,3,12,Prisoner's Dilemma,D,819,C
69,5,7,9,10,border Harmony/Snow Drift,D,826,C
69,5,8,6,7,Harmony,C,836,C
69,5,9,4,10,border Stag-Hunt/Prisoner's Dilemma,D,845,C
69,5,10,9,8,Harmony,C,850,C
69,5,11,0,14,Prisoner's Dilemma,D,859,D
69,5,12,9,10,border Harmony/Snow Drift,D,Dummy,C
69,5,13,8,5,Harmony,C,Dummy,C
69,5,14,0,10,border Stag-Hunt/Prisoner's Dilemma,D,890,C
70,5,1,3,7,Stag-Hunt,C,770,D
70,5,2,1,14,Prisoner's Dilemma,C,782,D
70,5,3,4,9,Stag-Hunt,C,788,C
70,5,4,9,7,Harmony,C,801,C
70,5,5,1,6,Stag-Hunt,C,807,D
70,5,6,3,12,Prisoner's Dilemma,C,818,D
70,5,7,0,9,Stag-Hunt,D,Dummy,D
70,5,8,0,9,Stag-Hunt,C,834,C
70,5,9,3,9,Stag-Hunt,D,Dummy,D
70,5,10,4,14,Prisoner's Dilemma,C,Dummy,C
70,5,11,5,9,border Harmony/Stag-Hunt,C,Dummy,D
70,5,12,4,14,Prisoner's Dilemma,C,869,C
70,5,13,1,8,Stag-Hunt,C,879,C
70,5,14,0,10,border Stag-Hunt/Prisoner's Dilemma,C,891,D
71,6,1,6,13,Snow Drift,C,906,D
71,6,2,7,12,Snow Drift,C,922,C
71,6,3,2,14,Prisoner's Dilemma,D,Dummy,C
71,6,4,9,12,Snow Drift,D,947,C
71,6,5,1,12,Prisoner's Dilemma,D,966,C
71,6,6,8,5,Harmony,C,980,C
71,6,7,4,9,Stag-Hunt,D,986,D
71,6,8,10,15,Snow Drift,D,1003,D
71,6,9,5,6,border Harmony/Stag-Hunt,D,1024,D
71,6,10,8,9,Harmony,D,1042,C
71,6,11,8,8,Harmony,C,1054,C
71,6,12,7,15,Snow Drift,D,1068,C
71,6,13,4,11,Prisoner's Dilemma,D,1088,D
71,6,14,10,6,Harmony,C,1096,D
71,6,15,9,9,Harmony,C,1116,C
72,6,1,7,5,Harmony,C,898,D
72,6,2,10,7,Harmony,C,920,C
72,6,3,1,12,Prisoner's Dilemma,C,938,C
72,6,4,4,12,Prisoner's Dilemma,C,951,C
72,6,5,9,15,Snow Drift,D,Dummy,C
72,6,6,4,8,Stag-Hunt,C,977,D
72,6,7,2,6,Stag-Hunt,C,998,C
72,6,8,0,8,Stag-Hunt,C,1010,D
72,6,9,7,7,Harmony,C,1016,C
72,6,10,10,8,Harmony,D,1040,D
72,6,11,1,14,Prisoner's Dilemma,C,1057,C
72,6,12,6,12,Snow Drift,D,1066,D
72,6,13,5,6,border Harmony/Stag-Hunt,C,1080,D
72,6,14,10,6,Harmony,D,1097,C
72,6,15,10,8,Harmony,C,1109,C
73,6,1,7,6,Harmony,D,904,C
73,6,2,10,13,Snow Drift,C,914,D
73,6,3,0,12,Prisoner's Dilemma,D,933,D
73,6,4,4,8,Stag-Hunt,C,948,D
73,6,5,2,10,border Stag-Hunt/Prisoner's Dilemma,C,955,D
73,6,6,10,7,Harmony,D,974,C
73,6,7,0,15,Prisoner's Dilemma,C,994,D
73,6,8,3,6,Stag-Hunt,C,1012,D
73,6,9,3,11,Prisoner's Dilemma,C,Dummy,D
73,6,10,0,12,Prisoner's Dilemma,C,1035,D
73,6,11,1,14,Prisoner's Dilemma,C,1056,C
73,6,12,5,10,center of the TS plane,C,1065,C
73,6,13,5,9,border Harmony/Stag-Hunt,C,1081,D
73,6,14,2,9,Stag-Hunt,C,1101,D
73,6,15,10,8,Harmony,C,1110,C
74,6,1,9,8,Harmony,C,902,D
74,6,2,7,7,Harmony,C,912,C
74,6,3,0,12,Prisoner's Dilemma,D,934,D
74,6,4,4,8,Stag-Hunt,D,949,C
74,6,5,1,12,Prisoner's Dilemma,D,957,C
74,6,6,8,5,Harmony,C,978,C
74,6,7,7,6,Harmony,C,987,C
74,6,8,3,6,Stag-Hunt,D,1013,C
74,6,9,5,6,border Harmony/Stag-Hunt,D,1023,D
74,6,10,6,15,Snow Drift,D,1038,D
74,6,11,0,7,Stag-Hunt,D,1050,C
74,6,12,4,9,Stag-Hunt,D,1071,C
74,6,13,1,13,Prisoner's Dilemma,D,1075,D
74,6,14,3,7,Stag-Hunt,D,1093,D
74,6,15,1,13,Prisoner's Dilemma,D,1113,D
75,6,1,9,8,Harmony,D,901,C
75,6,2,7,12,Snow Drift,C,923,C
75,6,3,3,15,Prisoner's Dilemma,C,936,D
75,6,4,3,14,Prisoner's Dilemma,D,942,D
75,6,5,5,14,border Snow Drift/Prisoner's Dilemma,C,962,D
75,6,6,2,11,Prisoner's Dilemma,D,970,D
75,6,7,4,11,Prisoner's Dilemma,D,990,D
75,6,8,2,15,Prisoner's Dilemma,C,1009,D
75,6,9,6,6,Harmony,C,1026,C
75,6,10,1,9,Stag-Hunt,D,1032,D
75,6,11,0,7,Stag-Hunt,C,1049,D
75,6,12,10,15,Snow Drift,C,Dummy,C
75,6,13,0,10,border Stag-Hunt/Prisoner's Dilemma,D,1077,D
75,6,14,2,15,Prisoner's Dilemma,D,1094,D
75,6,15,2,6,Stag-Hunt,C,1112,C
76,6,1,4,9,Stag-Hunt,C,895,D
76,6,2,5,8,border Harmony/Stag-Hunt,C,918,D
76,6,3,5,12,border Snow Drift/Prisoner's Dilemma,D,927,D
76,6,4,3,14,Prisoner's Dilemma,D,943,D
76,6,5,1,12,Prisoner's Dilemma,C,965,D
76,6,6,10,7,Harmony,C,975,D
76,6,7,7,14,Snow Drift,C,Dummy,C
76,6,8,6,14,Snow Drift,C,1006,D
76,6,9,7,7,Harmony,C,1015,C
76,6,10,10,8,Harmony,D,1041,D
76,6,11,3,13,Prisoner's Dilemma,D,Dummy,D
76,6,12,7,15,Snow Drift,C,1069,D
76,6,13,1,13,Prisoner's Dilemma,D,1076,D
76,6,14,2,15,Prisoner's Dilemma,C,1103,D
76,6,15,5,11,border Snow Drift/Prisoner's Dilemma,D,1108,D
77,6,1,2,9,Stag-Hunt,D,Dummy,D
77,6,2,5,8,border Harmony/Stag-Hunt,D,919,C
77,6,3,9,14,Snow Drift,D,932,D
77,6,4,2,14,Prisoner's Dilemma,D,952,C
77,6,5,8,12,Snow Drift,D,967,C
77,6,6,4,8,Stag-Hunt,D,976,C
77,6,7,4,15,Prisoner's Dilemma,D,996,D
77,6,8,10,15,Snow Drift,D,1002,D
77,6,9,8,8,Harmony,C,1019,C
77,6,10,6,15,Snow Drift,D,1039,D
77,6,11,0,12,Prisoner's Dilemma,D,1047,D
77,6,12,5,14,border Snow Drift/Prisoner's Dilemma,D,1061,C
77,6,13,4,11,Prisoner's Dilemma,D,1087,D
77,6,14,3,7,Stag-Hunt,D,Dummy,C
77,6,15,5,11,border Snow Drift/Prisoner's Dilemma,D,1107,D
78,6,1,10,5,Harmony,C,907,C
78,6,2,10,7,Harmony,C,921,C
78,6,3,3,15,Prisoner's Dilemma,D,929,D
78,6,4,7,5,Harmony,C,944,D
78,6,5,0,11,Prisoner's Dilemma,D,964,C
78,6,6,9,11,Snow Drift,D,973,D
78,6,7,0,15,Prisoner's Dilemma,D,993,C
78,6,8,2,15,Prisoner's Dilemma,D,1008,C
78,6,9,6,6,Harmony,C,1025,C
78,6,10,3,6,Stag-Hunt,D,Dummy,D
78,6,11,8,8,Harmony,C,1053,C
78,6,12,6,8,Harmony,D,1063,C
78,6,13,4,14,Prisoner's Dilemma,D,1085,C
78,6,14,7,6,Harmony,C,1091,C
78,6,15,9,9,Harmony,C,1115,C
79,6,1,10,5,Harmony,C,908,C
79,6,2,9,15,Snow Drift,D,910,D
79,6,3,5,12,border Snow Drift/Prisoner's Dilemma,D,928,D
79,6,4,1,5,Stag-Hunt,D,940,C
79,6,5,2,10,border Stag-Hunt/Prisoner's Dilemma,D,956,C
79,6,6,8,5,Harmony,C,979,C
79,6,7,4,9,Stag-Hunt,D,985,D
79,6,8,5,8,border Harmony/Stag-Hunt,C,1001,C
79,6,9,4,10,border Stag-Hunt/Prisoner's Dilemma,D,1028,C
79,6,10,1,9,Stag-Hunt,D,1033,D
79,6,11,0,12,Prisoner's Dilemma,D,1048,D
79,6,12,1,13,Prisoner's Dilemma,D,1072,D
79,6,13,4,12,Prisoner's Dilemma,D,Dummy,C
79,6,14,1,11,Prisoner's Dilemma,D,1098,D
79,6,15,1,13,Prisoner's Dilemma,D,1114,D
80,6,1,9,15,Snow Drift,C,900,D
80,6,2,7,7,Harmony,C,913,C
80,6,3,3,15,Prisoner's Dilemma,D,930,D
80,6,4,1,5,Stag-Hunt,C,941,D
80,6,5,8,12,Snow Drift,C,968,D
80,6,6,9,11,Snow Drift,D,972,D
80,6,7,7,10,border Harmony/Snow Drift,C,992,D
80,6,8,3,8,Stag-Hunt,D,1004,C
80,6,9,4,10,border Stag-Hunt/Prisoner's Dilemma,C,1027,D
80,6,10,10,12,Snow Drift,D,1031,D
80,6,11,3,6,Stag-Hunt,C,1051,D
80,6,12,4,9,Stag-Hunt,C,1070,D
80,6,13,5,9,border Harmony/Stag-Hunt,D,1082,C
80,6,14,1,11,Prisoner's Dilemma,D,1099,D
80,6,15,10,10,border Harmony/Snow Drift,D,1105,C
81,6,1,7,6,Harmony,C,903,D
81,6,2,9,15,Snow Drift,D,911,D
81,6,3,1,12,Prisoner's Dilemma,C,937,C
81,6,4,4,12,Prisoner's Dilemma,C,950,C
81,6,5,0,11,Prisoner's Dilemma,C,963,D
81,6,6,5,12,border Snow Drift/Prisoner's Dilemma,C,982,C
81,6,7,7,6,Harmony,C,988,C
81,6,8,3,8,Stag-Hunt,C,1005,D
81,6,9,2,7,Stag-Hunt,C,1018,D
81,6,10,0,12,Prisoner's Dilemma,D,1034,C
81,6,11,3,6,Stag-Hunt,D,1052,C
81,6,12,5,14,border Snow Drift/Prisoner's Dilemma,C,1060,D
81,6,13,5,6,border Harmony/Stag-Hunt,D,1079,C
81,6,14,2,15,Prisoner's Dilemma,D,1102,C
81,6,15,10,10,border Harmony/Snow Drift,C,1106,D
82,6,1,4,9,Stag-Hunt,D,896,C
82,6,2,5,13,border Snow Drift/Prisoner's Dilemma,C,916,C
82,6,3,9,6,Harmony,D,925,C
82,6,4,7,5,Harmony,D,945,C
82,6,5,8,6,Harmony,D,959,C
82,6,6,3,5,Stag-Hunt,C,Dummy,D
82,6,7,4,11,Prisoner's Dilemma,D,989,D
82,6,8,0,6,Stag-Hunt,D,Dummy,D
82,6,9,8,13,Snow Drift,D,1022,D
82,6,10,10,12,Snow Drift,D,1030,D
82,6,11,1,14,Prisoner's Dilemma,C,1058,C
82,6,12,6,12,Snow Drift,D,1067,D
82,6,13,0,8,Stag-Hunt,D,1083,D
82,6,14,2,9,Stag-Hunt,D,1100,C
82,6,15,5,8,border Harmony/Stag-Hunt,C,Dummy,D
83,6,1,7,5,Harmony,D,897,C
83,6,2,5,13,border Snow Drift/Prisoner's Dilemma,C,917,C
83,6,3,9,6,Harmony,C,926,D
83,6,4,9,12,Snow Drift,C,946,D
83,6,5,1,12,Prisoner's Dilemma,C,958,D
83,6,6,5,12,border Snow Drift/Prisoner's Dilemma,C,983,C
83,6,7,2,6,Stag-Hunt,C,997,C
83,6,8,5,8,border Harmony/Stag-Hunt,C,1000,C
83,6,9,2,7,Stag-Hunt,D,1017,C
83,6,10,0,6,Stag-Hunt,C,1037,D
83,6,11,1,14,Prisoner's Dilemma,C,1055,C
83,6,12,5,10,center of the TS plane,C,1064,C
83,6,13,4,14,Prisoner's Dilemma,C,1086,D
83,6,14,7,6,Harmony,C,1090,C
83,6,15,8,5,Harmony,C,1117,C
84,6,1,6,13,Snow Drift,D,905,C
84,6,2,0,9,Stag-Hunt,D,Dummy,D
84,6,3,3,15,Prisoner's Dilemma,D,935,C
84,6,4,2,14,Prisoner's Dilemma,C,953,D
84,6,5,8,6,Harmony,C,960,D
84,6,6,8,5,Harmony,C,981,C
84,6,7,4,15,Prisoner's Dilemma,D,995,D
84,6,8,0,8,Stag-Hunt,D,1011,C
84,6,9,8,13,Snow Drift,D,1021,D
84,6,10,0,6,Stag-Hunt,D,1036,C
84,6,11,4,11,Prisoner's Dilemma,C,1045,D
84,6,12,6,8,Harmony,C,1062,D
84,6,13,0,10,border Stag-Hunt/Prisoner's Dilemma,D,1078,D
84,6,14,3,7,Stag-Hunt,D,1092,D
84,6,15,2,6,Stag-Hunt,C,1111,C
85,6,1,9,15,Snow Drift,D,899,C
85,6,2,10,13,Snow Drift,D,915,C
85,6,3,9,14,Snow Drift,D,931,D
85,6,4,6,15,Snow Drift,D,Dummy,D
85,6,5,5,14,border Snow Drift/Prisoner's Dilemma,D,961,C
85,6,6,2,11,Prisoner's Dilemma,D,971,D
85,6,7,7,10,border Harmony/Snow Drift,D,991,C
85,6,8,6,14,Snow Drift,D,1007,C
85,6,9,8,8,Harmony,C,1020,C
85,6,10,8,9,Harmony,C,1043,D
85,6,11,4,11,Prisoner's Dilemma,D,1046,C
85,6,12,1,13,Prisoner's Dilemma,D,1073,D
85,6,13,0,8,Stag-Hunt,D,1084,D
85,6,14,2,15,Prisoner's Dilemma,D,1095,D
85,6,15,8,5,Harmony,C,1118,C
86,7,1,4,8,Stag-Hunt,D,1135,D
86,7,2,1,6,Stag-Hunt,D,1139,C
86,7,3,7,15,Snow Drift,D,1157,D
86,7,4,10,9,Harmony,D,1175,D
86,7,5,7,11,Snow Drift,C,1195,D
86,7,6,0,8,Stag-Hunt,D,1220,D
86,7,7,4,10,border Stag-Hunt/Prisoner's Dilemma,D,1237,C
86,7,8,6,9,Harmony,D,1247,C
86,7,9,10,7,Harmony,C,1268,C
86,7,10,8,14,Snow Drift,D,1283,D
86,7,11,8,5,Harmony,C,1298,D
86,7,12,8,12,Snow Drift,D,1307,C
86,7,13,4,12,Prisoner's Dilemma,D,1337,D
86,7,14,3,12,Prisoner's Dilemma,C,1346,D
86,7,15,0,12,Prisoner's Dilemma,D,1365,C
86,7,16,4,8,Stag-Hunt,D,1382,D
86,7,17,1,6,Stag-Hunt,C,1395,D
86,7,18,6,5,Harmony,C,1416,C
87,7,1,10,11,Snow Drift,D,1122,D
87,7,2,3,8,Stag-Hunt,D,1144,C
87,7,3,7,15,Snow Drift,D,1156,D
87,7,4,2,15,Prisoner's Dilemma,C,1177,D
87,7,5,9,5,Harmony,C,1188,C
87,7,6,10,13,Snow Drift,C,1216,C
87,7,7,4,10,border Stag-Hunt/Prisoner's Dilemma,C,1236,D
87,7,8,7,9,Harmony,D,1254,C
87,7,9,9,10,border Harmony/Snow Drift,C,1262,C
87,7,10,3,10,border Stag-Hunt/Prisoner's Dilemma,D,1285,D
87,7,11,5,5,border Harmony/Stag-Hunt,C,1300,C
87,7,12,1,7,Stag-Hunt,D,1313,D
87,7,13,10,8,Harmony,C,1328,C
87,7,14,0,12,Prisoner's Dilemma,D,1347,D
87,7,15,4,8,Stag-Hunt,D,1371,C
87,7,16,4,8,Stag-Hunt,D,1381,D
87,7,17,10,11,Snow Drift,D,1400,C
87,7,18,3,14,Prisoner's Dilemma,D,1409,C
88,7,1,8,10,border Harmony/Snow Drift,D,1132,D
88,7,2,1,13,Prisoner's Dilemma,D,1142,C
88,7,3,2,13,Prisoner's Dilemma,C,1166,D
88,7,4,10,9,Harmony,D,1176,D
88,7,5,10,6,Harmony,C,1200,C
88,7,6,4,13,Prisoner's Dilemma,C,1208,D
88,7,7,6,9,Harmony,C,1230,C
88,7,8,6,15,Snow Drift,C,1251,D
88,7,9,9,10,border Harmony/Snow Drift,C,1263,C
88,7,10,9,14,Snow Drift,D,1279,D
88,7,11,5,12,border Snow Drift/Prisoner's Dilemma,D,1291,C
88,7,12,0,13,Prisoner's Dilemma,D,1316,D
88,7,13,3,8,Stag-Hunt,C,1330,C
88,7,14,3,12,Prisoner's Dilemma,D,1345,C
88,7,15,10,12,Snow Drift,D,1362,C
88,7,16,0,7,Stag-Hunt,D,1380,D
88,7,17,0,12,Prisoner's Dilemma,D,1406,D
88,7,18,10,15,Snow Drift,D,1418,C
89,7,1,4,13,Prisoner's Dilemma,C,1128,C
89,7,2,3,12,Prisoner's Dilemma,C,1145,C
89,7,3,6,15,Snow Drift,D,1155,D
89,7,4,7,6,Harmony,C,Dummy,D
89,7,5,3,6,Stag-Hunt,C,1202,C
89,7,6,3,5,Stag-Hunt,C,Dummy,C
89,7,7,9,10,border Harmony/Snow Drift,C,1227,D
89,7,8,1,7,Stag-Hunt,C,1242,D
89,7,9,8,10,border Harmony/Snow Drift,C,1265,C
89,7,10,2,11,Prisoner's Dilemma,C,1282,D
89,7,11,2,6,Stag-Hunt,C,1297,D
89,7,12,10,8,Harmony,C,Dummy,C
89,7,13,10,7,Harmony,C,1324,C
89,7,14,10,5,Harmony,C,Dummy,C
89,7,15,4,11,Prisoner's Dilemma,C,1367,D
89,7,16,9,13,Snow Drift,C,1377,D
89,7,17,6,9,Harmony,C,1397,D
89,7,18,3,14,Prisoner's Dilemma,C,1410,D
90,7,1,4,13,Prisoner's Dilemma,C,1129,C
90,7,2,1,13,Prisoner's Dilemma,C,1141,D
90,7,3,3,14,Prisoner's Dilemma,C,1160,C
90,7,4,6,11,Snow Drift,C,1174,C
90,7,5,3,6,Stag-Hunt,C,1203,C
90,7,6,10,13,Snow Drift,C,1215,C
90,7,7,9,9,Harmony,C,1228,D
90,7,8,1,9,Stag-Hunt,C,Dummy,D
90,7,9,4,13,Prisoner's Dilemma,C,1271,D
90,7,10,5,10,center of the TS plane,C,1277,D
90,7,11,5,9,border Harmony/Stag-Hunt,C,1305,D
90,7,12,10,11,Snow Drift,C,1312,D
90,7,13,3,8,Stag-Hunt,C,1331,C
90,7,14,4,7,Stag-Hunt,C,1342,D
90,7,15,6,11,Snow Drift,C,1360,D
90,7,16,8,15,Snow Drift,C,1386,D
90,7,17,7,13,Snow Drift,C,1405,D
90,7,18,10,15,Snow Drift,C,1417,D
91,7,1,9,6,Harmony,C,1121,C
91,7,2,2,13,Prisoner's Dilemma,D,1149,D
91,7,3,6,15,Snow Drift,D,1154,D
91,7,4,4,13,Prisoner's Dilemma,D,1186,D
91,7,5,5,11,border Snow Drift/Prisoner's Dilemma,D,1198,D
91,7,6,5,12,border Snow Drift/Prisoner's Dilemma,D,1212,D
91,7,7,7,14,Snow Drift,D,1223,D
91,7,8,5,15,border Snow Drift/Prisoner's Dilemma,D,1246,C
91,7,9,9,14,Snow Drift,D,1260,D
91,7,10,9,14,Snow Drift,D,1280,D
91,7,11,5,6,border Harmony/Stag-Hunt,C,1303,C
91,7,12,0,13,Prisoner's Dilemma,D,1315,D
91,7,13,0,15,Prisoner's Dilemma,D,1327,D
91,7,14,2,9,Stag-Hunt,D,1344,C
91,7,15,8,7,Harmony,C,1372,C
91,7,16,3,5,Stag-Hunt,D,1384,C
91,7,17,6,15,Snow Drift,D,1403,D
91,7,18,9,14,Snow Drift,D,1420,D
92,7,1,4,8,Stag-Hunt,D,1134,D
92,7,2,1,6,Stag-Hunt,C,1140,D
92,7,3,3,11,Prisoner's Dilemma,C,1165,D
92,7,4,4,13,Prisoner's Dilemma,D,1185,D
92,7,5,9,5,Harmony,C,1189,C
92,7,6,3,6,Stag-Hunt,C,1213,D
92,7,7,6,9,Harmony,C,1231,C
92,7,8,1,7,Stag-Hunt,D,1241,C
92,7,9,4,13,Prisoner's Dilemma,D,1270,C
92,7,10,9,11,Snow Drift,D,1275,D
92,7,11,2,12,Prisoner's Dilemma,D,1292,D
92,7,12,8,10,border Harmony/Snow Drift,D,1320,D
92,7,13,10,7,Harmony,C,1332,C
92,7,14,5,14,border Snow Drift/Prisoner's Dilemma,D,1351,D
92,7,15,4,8,Stag-Hunt,C,1370,D
92,7,16,9,13,Snow Drift,D,1378,C
92,7,17,10,14,Snow Drift,D,1393,D
92,7,18,6,10,border Harmony/Snow Drift,D,1413,D
93,7,1,6,6,Harmony,C,Dummy,D
93,7,2,0,8,Stag-Hunt,D,1147,C
93,7,3,9,8,Harmony,C,1169,C
93,7,4,2,9,Stag-Hunt,D,1179,D
93,7,5,3,13,Prisoner's Dilemma,D,1196,C
93,7,6,4,13,Prisoner's Dilemma,D,1207,C
93,7,7,6,6,Harmony,D,1233,C
93,7,8,6,12,Snow Drift,D,1249,D
93,7,9,6,14,Snow Drift,D,1267,D
93,7,10,6,6,Harmony,C,1288,C
93,7,11,5,9,border Harmony/Stag-Hunt,D,1304,C
93,7,12,10,11,Snow Drift,D,1317,C
93,7,13,4,9,Stag-Hunt,D,1334,D
93,7,14,5,14,border Snow Drift/Prisoner's Dilemma,D,1352,D
93,7,15,10,6,Harmony,C,1368,D
93,7,16,4,9,Stag-Hunt,D,1376,C
93,7,17,6,15,Snow Drift,D,1402,D
93,7,18,6,10,border Harmony/Snow Drift,D,1414,D
95,7,1,9,9,Harmony,C,1130,C
95,7,2,4,10,border Stag-Hunt/Prisoner's Dilemma,D,Dummy,C
95,7,3,4,11,Prisoner's Dilemma,C,1162,C
95,7,4,6,11,Snow Drift,C,1173,C
95,7,5,1,11,Prisoner's Dilemma,D,1192,D
95,7,6,3,14,Prisoner's Dilemma,D,1218,C
95,7,7,1,10,border Stag-Hunt/Prisoner's Dilemma,C,Dummy,C
95,7,8,5,15,border Snow Drift/Prisoner's Dilemma,C,1245,D
95,7,9,10,7,Harmony,C,1269,C
95,7,10,0,6,Stag-Hunt,C,Dummy,C
95,7,11,10,11,Snow Drift,D,1295,D
95,7,12,6,7,Harmony,D,1309,C
95,7,13,4,12,Prisoner's Dilemma,D,1336,D
95,7,14,2,9,Stag-Hunt,C,1343,D
95,7,15,0,12,Prisoner's Dilemma,C,1364,D
95,7,16,0,6,Stag-Hunt,C,1388,C
95,7,17,0,15,Prisoner's Dilemma,D,1398,D
95,7,18,9,5,Harmony,C,Dummy,D
96,7,1,1,15,Prisoner's Dilemma,D,1126,C
96,7,2,1,13,Prisoner's Dilemma,D,1137,D
96,7,3,3,14,Prisoner's Dilemma,C,1158,D
96,7,4,2,15,Prisoner's Dilemma,D,1178,C
96,7,5,7,11,Snow Drift,D,1194,C
96,7,6,5,12,border Snow Drift/Prisoner's Dilemma,D,1211,D
96,7,7,7,14,Snow Drift,D,1222,D
96,7,8,0,9,Stag-Hunt,D,1239,D
96,7,9,8,10,border Harmony/Snow Drift,C,1264,C
96,7,10,8,14,Snow Drift,D,1284,D
96,7,11,5,6,border Harmony/Stag-Hunt,C,1302,C
96,7,12,10,11,Snow Drift,C,1318,D
96,7,13,10,8,Harmony,C,1329,C
96,7,14,10,12,Snow Drift,C,1356,D
96,7,15,8,6,Harmony,C,1358,C
96,7,16,0,6,Stag-Hunt,C,1387,C
96,7,17,7,13,Snow Drift,D,1404,C
96,7,18,9,14,Snow Drift,D,1419,D
97,7,1,9,9,Harmony,C,1131,C
97,7,2,3,12,Prisoner's Dilemma,C,1146,C
97,7,3,4,11,Prisoner's Dilemma,C,1163,C
97,7,4,1,11,Prisoner's Dilemma,C,1183,D
97,7,5,10,10,border Harmony/Snow Drift,C,Dummy,D
97,7,6,10,9,Harmony,C,1209,D
97,7,7,1,5,Stag-Hunt,C,1224,D
97,7,8,6,15,Snow Drift,D,1252,C
97,7,9,9,13,Snow Drift,C,1257,C
97,7,10,5,10,center of the TS plane,D,1278,C
97,7,11,1,5,Stag-Hunt,C,Dummy,D
97,7,12,10,11,Snow Drift,D,1321,D
97,7,13,2,15,Prisoner's Dilemma,D,Dummy,C
97,7,14,2,11,Prisoner's Dilemma,D,1349,D
97,7,15,8,6,Harmony,C,1359,C
97,7,16,5,11,border Snow Drift/Prisoner's Dilemma,D,Dummy,C
97,7,17,0,12,Prisoner's Dilemma,D,1407,D
97,7,18,0,9,Stag-Hunt,D,1424,D
98,7,1,4,15,Prisoner's Dilemma,C,1124,D
98,7,2,5,11,border Snow Drift/Prisoner's Dilemma,D,1152,C
98,7,3,2,13,Prisoner's Dilemma,D,1167,C
98,7,4,8,15,Snow Drift,C,1172,D
98,7,5,5,11,border Snow Drift/Prisoner's Dilemma,D,1199,D
98,7,6,0,9,Stag-Hunt,D,1205,D
98,7,7,9,8,Harmony,C,1234,C
98,7,8,7,9,Harmony,C,1253,D
98,7,9,7,9,Harmony,D,1259,C
98,7,10,9,11,Snow Drift,D,1276,D
98,7,11,10,11,Snow Drift,D,1294,D
98,7,12,10,11,Snow Drift,D,1322,D
98,7,13,0,15,Prisoner's Dilemma,D,1326,D
98,7,14,0,12,Prisoner's Dilemma,D,1348,D
98,7,15,6,11,Snow Drift,D,1361,C
98,7,16,2,15,Prisoner's Dilemma,D,1389,D
98,7,17,1,6,Stag-Hunt,D,1394,C
98,7,18,6,7,Harmony,D,1421,C
99,7,1,10,11,Snow Drift,D,1123,D
99,7,2,2,13,Prisoner's Dilemma,D,1150,D
99,7,3,3,11,Prisoner's Dilemma,D,1164,C
99,7,4,1,11,Prisoner's Dilemma,D,1184,C
99,7,5,3,13,Prisoner's Dilemma,C,1197,D
99,7,6,10,9,Harmony,D,1210,C
99,7,7,9,9,Harmony,D,1229,C
99,7,8,6,9,Harmony,C,1248,D
99,7,9,9,13,Snow Drift,C,1256,C
99,7,10,6,6,Harmony,C,1287,C
99,7,11,8,5,Harmony,D,1299,C
99,7,12,6,7,Harmony,C,1310,D
99,7,13,0,11,Prisoner's Dilemma,D,1338,D
99,7,14,5,11,border Snow Drift/Prisoner's Dilemma,D,1353,D
99,7,15,10,6,Harmony,D,1369,C
99,7,16,4,9,Stag-Hunt,C,1375,D
99,7,17,10,11,Snow Drift,C,1401,D
99,7,18,6,7,Harmony,C,1422,D
100,7,1,4,15,Prisoner's Dilemma,D,1125,C
100,7,2,1,13,Prisoner's Dilemma,D,1138,D
100,7,3,1,8,Stag-Hunt,D,Dummy,C
100,7,4,8,15,Snow Drift,D,1171,C
100,7,5,3,10,border Stag-Hunt/Prisoner's Dilemma,D,1190,D
100,7,6,0,9,Stag-Hunt,D,1206,D
100,7,7,9,8,Harmony,C,1235,C
100,7,8,0,15,Prisoner's Dilemma,D,1243,D
100,7,9,9,14,Snow Drift,D,1261,D
100,7,10,3,10,border Stag-Hunt/Prisoner's Dilemma,D,1286,D
100,7,11,5,5,border Harmony/Stag-Hunt,C,1301,C
100,7,12,10,11,Snow Drift,D,1311,C
100,7,13,10,7,Harmony,C,1333,C
100,7,14,4,7,Stag-Hunt,D,1341,C
100,7,15,3,10,border Stag-Hunt/Prisoner's Dilemma,D,Dummy,D
100,7,16,0,7,Stag-Hunt,D,1379,D
100,7,17,6,9,Harmony,D,1396,C
100,7,18,0,12,Prisoner's Dilemma,D,1411,D
101,7,1,8,10,border Harmony/Snow Drift,D,1133,D
101,7,2,5,11,border Snow Drift/Prisoner's Dilemma,C,1151,D
101,7,3,9,8,Harmony,C,1168,C
101,7,4,0,10,border Stag-Hunt/Prisoner's Dilemma,C,1182,D
101,7,5,3,10,border Stag-Hunt/Prisoner's Dilemma,D,1191,D
101,7,6,3,14,Prisoner's Dilemma,C,1217,D
101,7,7,6,6,Harmony,C,1232,D
101,7,8,6,12,Snow Drift,D,1250,D
101,7,9,7,9,Harmony,C,1258,D
101,7,10,1,12,Prisoner's Dilemma,D,1274,C
101,7,11,2,6,Stag-Hunt,D,1296,C
101,7,12,8,12,Snow Drift,C,1308,D
101,7,13,0,11,Prisoner's Dilemma,D,1339,D
101,7,14,5,11,border Snow Drift/Prisoner's Dilemma,D,1354,D
101,7,15,10,12,Snow Drift,C,1363,D
101,7,16,3,5,Stag-Hunt,C,1383,D
101,7,17,1,9,Stag-Hunt,D,Dummy,D
101,7,18,0,9,Stag-Hunt,D,1423,D
102,7,1,1,15,Prisoner's Dilemma,C,1127,D
102,7,2,3,8,Stag-Hunt,C,1143,D
102,7,3,3,14,Prisoner's Dilemma,C,1161,C
102,7,4,2,9,Stag-Hunt,D,1180,D
102,7,5,1,11,Prisoner's Dilemma,D,1193,D
102,7,6,0,8,Stag-Hunt,D,1219,D
102,7,7,9,10,border Harmony/Snow Drift,D,1226,C
102,7,8,0,15,Prisoner's Dilemma,D,1244,D
102,7,9,1,8,Stag-Hunt,C,Dummy,D
102,7,10,1,12,Prisoner's Dilemma,C,1273,D
102,7,11,5,12,border Snow Drift/Prisoner's Dilemma,C,1290,D
102,7,12,1,7,Stag-Hunt,D,1314,D
102,7,13,10,7,Harmony,C,1325,C
102,7,14,10,12,Snow Drift,D,1355,C
102,7,15,8,7,Harmony,C,1373,C
102,7,16,2,15,Prisoner's Dilemma,D,1390,D
102,7,17,0,15,Prisoner's Dilemma,D,1399,D
102,7,18,0,12,Prisoner's Dilemma,D,1412,D
103,7,1,9,6,Harmony,C,1120,C
103,7,2,0,8,Stag-Hunt,C,1148,D
103,7,3,3,14,Prisoner's Dilemma,D,1159,C
103,7,4,0,10,border Stag-Hunt/Prisoner's Dilemma,D,1181,C
103,7,5,10,6,Harmony,C,1201,C
103,7,6,3,6,Stag-Hunt,D,1214,C
103,7,7,1,5,Stag-Hunt,D,1225,C
103,7,8,0,9,Stag-Hunt,D,1240,D
103,7,9,6,14,Snow Drift,D,1266,D
103,7,10,2,11,Prisoner's Dilemma,D,1281,C
103,7,11,2,12,Prisoner's Dilemma,D,1293,D
103,7,12,8,10,border Harmony/Snow Drift,D,1319,D
103,7,13,4,9,Stag-Hunt,D,1335,D
103,7,14,2,11,Prisoner's Dilemma,D,1350,D
103,7,15,4,11,Prisoner's Dilemma,D,1366,C
103,7,16,8,15,Snow Drift,D,1385,C
103,7,17,10,14,Snow Drift,D,1392,D
103,7,18,6,5,Harmony,C,1415,C
104,8,1,6,15,Snow Drift,C,1426,D
104,8,2,0,14,Prisoner's Dilemma,D,1429,D
104,8,3,9,8,Harmony,C,1431,C
104,8,4,6,6,Harmony,C,1432,C
104,8,5,10,7,Harmony,C,1435,C
104,8,6,2,7,Stag-Hunt,D,1437,D
104,8,7,2,13,Prisoner's Dilemma,D,1439,D
104,8,8,0,12,Prisoner's Dilemma,D,1441,C
104,8,9,10,14,Snow Drift,D,1443,D
104,8,10,10,13,Snow Drift,D,1444,D
104,8,11,2,12,Prisoner's Dilemma,D,1446,D
104,8,12,0,5,Stag-Hunt,D,1448,D
104,8,13,2,7,Stag-Hunt,D,1451,C
104,8,14,7,11,Snow Drift,D,1452,C
104,8,15,0,7,Stag-Hunt,D,1454,D
104,8,16,3,11,Prisoner's Dilemma,D,1456,D
104,8,17,8,8,Harmony,C,1458,C
105,8,1,6,15,Snow Drift,D,1427,C
105,8,2,0,14,Prisoner's Dilemma,D,1428,D
105,8,3,9,8,Harmony,C,1430,C
105,8,4,6,6,Harmony,C,1433,C
105,8,5,10,7,Harmony,C,1434,C
105,8,6,2,7,Stag-Hunt,D,1436,D
105,8,7,2,13,Prisoner's Dilemma,D,1438,D
105,8,8,0,12,Prisoner's Dilemma,C,1440,D
105,8,9,10,14,Snow Drift,D,1442,D
105,8,10,10,13,Snow Drift,D,1445,D
105,8,11,2,12,Prisoner's Dilemma,D,1447,D
105,8,12,0,5,Stag-Hunt,D,1449,D
105,8,13,2,7,Stag-Hunt,C,1450,D
105,8,14,7,11,Snow Drift,C,1453,D
105,8,15,0,7,Stag-Hunt,D,1455,D
105,8,16,3,11,Prisoner's Dilemma,D,1457,D
105,8,17,8,8,Harmony,C,1459,C
106,9,1,1,13,Prisoner's Dilemma,D,1467,D
106,9,2,1,11,Prisoner's Dilemma,C,1477,D
106,9,3,6,13,Snow Drift,C,1497,D
106,9,4,10,14,Snow Drift,C,1510,D
106,9,5,6,14,Snow Drift,D,1520,D
106,9,6,1,12,Prisoner's Dilemma,D,1532,D
106,9,7,3,14,Prisoner's Dilemma,D,1550,D
106,9,8,6,5,Harmony,C,1565,C
106,9,9,8,8,Harmony,C,1584,C
106,9,10,4,5,Stag-Hunt,C,1599,C
106,9,11,3,7,Stag-Hunt,D,1612,C
106,9,12,0,10,border Stag-Hunt/Prisoner's Dilemma,D,1624,D
106,9,13,1,5,Stag-Hunt,D,1636,D
106,9,14,0,8,Stag-Hunt,D,1651,D
106,9,15,0,13,Prisoner's Dilemma,D,1660,D
106,9,16,1,13,Prisoner's Dilemma,C,1678,D
106,9,17,0,13,Prisoner's Dilemma,D,1691,C
107,9,1,7,5,Harmony,D,1471,D
107,9,2,1,8,Stag-Hunt,D,1481,D
107,9,3,0,11,Prisoner's Dilemma,D,1491,C
107,9,4,1,7,Stag-Hunt,C,1507,C
107,9,5,10,10,border Harmony/Snow Drift,C,1516,C
107,9,6,6,15,Snow Drift,D,1538,C
107,9,7,7,7,Harmony,D,1553,C
107,9,8,9,12,Snow Drift,D,1568,D
107,9,9,6,15,Snow Drift,D,1576,D
107,9,10,5,8,border Harmony/Stag-Hunt,D,1590,C
107,9,11,7,12,Snow Drift,D,1602,D
107,9,12,7,14,Snow Drift,C,1620,C
107,9,13,1,14,Prisoner's Dilemma,D,1631,D
107,9,14,0,12,Prisoner's Dilemma,C,1642,D
107,9,15,6,9,Harmony,D,1667,D
107,9,16,6,11,Snow Drift,C,1673,D
107,9,17,0,8,Stag-Hunt,D,1684,C
108,9,1,7,8,Harmony,C,1464,C
108,9,2,8,11,Snow Drift,C,1475,C
108,9,3,3,5,Stag-Hunt,C,1492,C
108,9,4,7,13,Snow Drift,D,1509,C
108,9,5,10,5,Harmony,C,1529,C
108,9,6,1,12,Prisoner's Dilemma,D,1533,D
108,9,7,3,12,Prisoner's Dilemma,D,1554,D
108,9,8,6,7,Harmony,C,1566,C
108,9,9,6,15,Snow Drift,D,1577,D
108,9,10,6,11,Snow Drift,D,1594,D
108,9,11,8,13,Snow Drift,C,1604,D
108,9,12,8,5,Harmony,D,1616,C
108,9,13,7,10,border Harmony/Snow Drift,C,1633,D
108,9,14,0,11,Prisoner's Dilemma,C,1649,C
108,9,15,1,6,Stag-Hunt,C,1668,D
108,9,16,3,8,Stag-Hunt,C,1670,D
108,9,17,10,10,border Harmony/Snow Drift,C,1696,C
109,9,1,1,13,Prisoner's Dilemma,D,1466,D
109,9,2,1,8,Stag-Hunt,D,1480,D
109,9,3,4,7,Stag-Hunt,D,1488,C
109,9,4,2,5,Stag-Hunt,C,1503,C
109,9,5,2,10,border Stag-Hunt/Prisoner's Dilemma,C,1524,C
109,9,6,8,12,Snow Drift,C,1536,C
109,9,7,10,10,border Harmony/Snow Drift,C,1545,C
109,9,8,9,14,Snow Drift,C,1559,D
109,9,9,1,6,Stag-Hunt,D,1573,D
109,9,10,6,11,Snow Drift,D,1595,D
109,9,11,10,9,Harmony,C,1611,C
109,9,12,9,7,Harmony,D,1622,C
109,9,13,1,10,border Stag-Hunt/Prisoner's Dilemma,C,1641,C
109,9,14,0,8,Stag-Hunt,C,1653,D
109,9,15,3,14,Prisoner's Dilemma,D,1665,C
109,9,16,1,13,Prisoner's Dilemma,D,1679,C
109,9,17,10,9,Harmony,C,1693,C
110,9,1,8,9,Harmony,C,1462,C
110,9,2,5,9,border Harmony/Stag-Hunt,C,1479,C
110,9,3,6,13,Snow Drift,D,1496,C
110,9,4,10,8,Harmony,C,1505,C
110,9,5,10,10,border Harmony/Snow Drift,C,1517,C
110,9,6,5,6,border Harmony/Stag-Hunt,D,1540,C
110,9,7,9,9,Harmony,C,1547,C
110,9,8,9,12,Snow Drift,D,1569,D
110,9,9,8,8,Harmony,C,1585,C
110,9,10,0,9,Stag-Hunt,D,1587,D
110,9,11,10,9,Harmony,C,1610,C
110,9,12,7,14,Snow Drift,C,1621,C
110,9,13,1,5,Stag-Hunt,D,1637,D
110,9,14,0,8,Stag-Hunt,D,1650,D
110,9,15,8,7,Harmony,C,1663,C
110,9,16,6,11,Snow Drift,D,1672,C
110,9,17,10,9,Harmony,C,1692,C
111,9,1,8,8,Harmony,D,1461,C
111,9,2,8,11,Snow Drift,C,1474,C
111,9,3,10,14,Snow Drift,C,1495,D
111,9,4,7,13,Snow Drift,C,1508,D
111,9,5,9,5,Harmony,C,1527,C
111,9,6,2,5,Stag-Hunt,C,1530,D
111,9,7,0,15,Prisoner's Dilemma,D,1557,D
111,9,8,9,14,Snow Drift,D,1558,C
111,9,9,0,11,Prisoner's Dilemma,D,1578,C
111,9,10,5,8,border Harmony/Stag-Hunt,C,1591,D
111,9,11,7,5,Harmony,D,1600,C
111,9,12,10,6,Harmony,C,1618,C
111,9,13,4,14,Prisoner's Dilemma,D,1628,D
111,9,14,0,15,Prisoner's Dilemma,D,1645,D
111,9,15,3,10,border Stag-Hunt/Prisoner's Dilemma,D,1656,D
111,9,16,0,13,Prisoner's Dilemma,D,1681,D
111,9,17,0,13,Prisoner's Dilemma,C,1690,D
112,9,1,8,9,Harmony,C,1463,C
112,9,2,5,9,border Harmony/Stag-Hunt,C,1478,C
112,9,3,8,13,Snow Drift,D,1501,D
112,9,4,2,11,Prisoner's Dilemma,C,1515,C
112,9,5,10,14,Snow Drift,D,1519,C
112,9,6,1,6,Stag-Hunt,D,1534,C
112,9,7,4,5,Stag-Hunt,C,1549,C
112,9,8,6,5,Harmony,C,1564,C
112,9,9,0,11,Prisoner's Dilemma,C,1579,D
112,9,10,5,9,border Harmony/Stag-Hunt,D,1593,C
112,9,11,4,7,Stag-Hunt,C,1609,C
112,9,12,10,6,Harmony,C,1619,C
112,9,13,1,14,Prisoner's Dilemma,D,1630,D
112,9,14,0,8,Stag-Hunt,D,1652,C
112,9,15,0,13,Prisoner's Dilemma,D,1661,D
112,9,16,0,13,Prisoner's Dilemma,D,1680,D
112,9,17,2,11,Prisoner's Dilemma,C,1695,C
113,9,1,4,7,Stag-Hunt,C,1468,C
113,9,2,10,7,Harmony,C,1483,C
113,9,3,0,8,Stag-Hunt,D,1499,D
113,9,4,3,5,Stag-Hunt,D,1512,C
113,9,5,9,5,Harmony,C,1526,C
113,9,6,2,7,Stag-Hunt,C,1543,D
113,9,7,3,14,Prisoner's Dilemma,D,1551,D
113,9,8,6,6,Harmony,C,1560,C
113,9,9,1,6,Stag-Hunt,D,1572,D
113,9,10,10,6,Harmony,C,1589,C
113,9,11,2,11,Prisoner's Dilemma,C,1607,D
113,9,12,8,5,Harmony,C,1617,D
113,9,13,8,10,border Harmony/Snow Drift,D,1635,D
113,9,14,0,15,Prisoner's Dilemma,D,1644,D
113,9,15,1,6,Stag-Hunt,D,1669,C
113,9,16,9,9,Harmony,C,1677,C
113,9,17,2,8,Stag-Hunt,D,1687,D
114,9,1,7,9,Harmony,C,1472,C
114,9,2,7,14,Snow Drift,D,1486,C
114,9,3,0,11,Prisoner's Dilemma,C,1490,D
114,9,4,3,5,Stag-Hunt,C,1513,D
114,9,5,2,10,border Stag-Hunt/Prisoner's Dilemma,C,1525,C
114,9,6,2,7,Stag-Hunt,D,1542,C
114,9,7,3,12,Prisoner's Dilemma,D,1555,D
114,9,8,1,8,Stag-Hunt,D,1571,D
114,9,9,6,5,Harmony,C,1582,C
114,9,10,3,8,Stag-Hunt,D,1597,C
114,9,11,3,7,Stag-Hunt,C,1613,D
114,9,12,2,11,Prisoner's Dilemma,C,1626,C
114,9,13,1,10,border Stag-Hunt/Prisoner's Dilemma,C,1640,C
114,9,14,0,11,Prisoner's Dilemma,C,1648,C
114,9,15,3,14,Prisoner's Dilemma,C,1664,D
114,9,16,3,8,Stag-Hunt,D,1671,C
114,9,17,2,11,Prisoner's Dilemma,C,1694,C
115,9,1,7,8,Harmony,C,1465,C
115,9,2,10,7,Harmony,C,1482,C
115,9,3,4,7,Stag-Hunt,C,1489,D
115,9,4,10,8,Harmony,C,1504,C
115,9,5,3,14,Prisoner's Dilemma,D,1523,D
115,9,6,2,5,Stag-Hunt,D,1531,C
115,9,7,0,15,Prisoner's Dilemma,D,1556,D
115,9,8,1,8,Stag-Hunt,D,1570,D
115,9,9,8,15,Snow Drift,D,1580,D
115,9,10,0,9,Stag-Hunt,D,1586,D
115,9,11,2,11,Prisoner's Dilemma,D,1606,C
115,9,12,9,7,Harmony,C,1623,D
115,9,13,7,10,border Harmony/Snow Drift,D,1632,C
115,9,14,8,8,Harmony,C,1654,D
115,9,15,8,7,Harmony,C,1662,C
115,9,16,3,12,Prisoner's Dilemma,D,1675,D
115,9,17,10,10,border Harmony/Snow Drift,C,1697,C
116,9,1,4,7,Stag-Hunt,C,1469,C
116,9,2,1,11,Prisoner's Dilemma,D,1476,C
116,9,3,8,13,Snow Drift,D,1500,D
116,9,4,2,5,Stag-Hunt,C,1502,C
116,9,5,3,14,Prisoner's Dilemma,D,1522,D
116,9,6,6,15,Snow Drift,C,1539,D
116,9,7,9,9,Harmony,C,1546,C
116,9,8,1,15,Prisoner's Dilemma,D,1562,D
116,9,9,8,15,Snow Drift,D,1581,D
116,9,10,5,9,border Harmony/Stag-Hunt,C,1592,D
116,9,11,4,7,Stag-Hunt,C,1608,C
116,9,12,1,9,Stag-Hunt,D,1615,C
116,9,13,8,10,border Harmony/Snow Drift,D,1634,D
116,9,14,2,10,border Stag-Hunt/Prisoner's Dilemma,D,1646,C
116,9,15,6,9,Harmony,D,1666,D
116,9,16,3,12,Prisoner's Dilemma,D,1674,D
116,9,17,2,8,Stag-Hunt,D,1686,D
117,9,1,7,9,Harmony,C,1473,C
117,9,2,7,14,Snow Drift,C,1487,D
117,9,3,10,14,Snow Drift,D,1494,C
117,9,4,10,14,Snow Drift,D,1511,C
117,9,5,10,5,Harmony,C,1528,C
117,9,6,1,6,Stag-Hunt,C,1535,D
117,9,7,4,5,Stag-Hunt,C,1548,C
117,9,8,1,15,Prisoner's Dilemma,D,1563,D
117,9,9,7,7,Harmony,C,1574,C
117,9,10,10,6,Harmony,C,1588,C
117,9,11,7,12,Snow Drift,D,1603,D
117,9,12,2,11,Prisoner's Dilemma,C,1627,C
117,9,13,4,6,Stag-Hunt,C,1639,C
117,9,14,2,10,border Stag-Hunt/Prisoner's Dilemma,C,1647,D
117,9,15,8,15,Snow Drift,C,1658,D
117,9,16,1,15,Prisoner's Dilemma,D,1682,D
117,9,17,0,8,Stag-Hunt,C,1685,D
118,9,1,7,5,Harmony,D,1470,D
118,9,2,2,7,Stag-Hunt,C,1485,C
118,9,3,0,8,Stag-Hunt,D,1498,D
118,9,4,1,7,Stag-Hunt,C,1506,C
118,9,5,10,14,Snow Drift,C,1518,D
118,9,6,5,6,border Harmony/Stag-Hunt,C,1541,D
118,9,7,7,7,Harmony,C,1552,D
118,9,8,6,6,Harmony,C,1561,C
118,9,9,6,5,Harmony,C,1583,C
118,9,10,4,5,Stag-Hunt,C,1598,C
118,9,11,8,13,Snow Drift,D,1605,C
118,9,12,0,10,border Stag-Hunt/Prisoner's Dilemma,D,1625,D
118,9,13,4,14,Prisoner's Dilemma,D,1629,D
118,9,14,8,8,Harmony,D,1655,C
118,9,15,8,15,Snow Drift,D,1659,C
118,9,16,1,15,Prisoner's Dilemma,D,1683,D
118,9,17,6,10,border Harmony/Snow Drift,C,1688,D
119,9,1,8,8,Harmony,C,1460,D
119,9,2,2,7,Stag-Hunt,C,1484,C
119,9,3,3,5,Stag-Hunt,C,1493,C
119,9,4,2,11,Prisoner's Dilemma,C,1514,C
119,9,5,6,14,Snow Drift,D,1521,D
119,9,6,8,12,Snow Drift,C,1537,C
119,9,7,10,10,border Harmony/Snow Drift,C,1544,C
119,9,8,6,7,Harmony,C,1567,C
119,9,9,7,7,Harmony,C,1575,C
119,9,10,3,8,Stag-Hunt,C,1596,D
119,9,11,7,5,Harmony,C,1601,D
119,9,12,1,9,Stag-Hunt,C,1614,D
119,9,13,4,6,Stag-Hunt,C,1638,C
119,9,14,0,12,Prisoner's Dilemma,D,1643,C
119,9,15,3,10,border Stag-Hunt/Prisoner's Dilemma,D,1657,D
119,9,16,9,9,Harmony,C,1676,C
119,9,17,6,10,border Harmony/Snow Drift,D,1689,C
120,10,1,3,10,border Stag-Hunt/Prisoner's Dilemma,C,1704,D
120,10,2,0,8,Stag-Hunt,D,1713,C
120,10,3,4,10,border Stag-Hunt/Prisoner's Dilemma,D,1718,C
120,10,4,3,15,Prisoner's Dilemma,D,1732,D
120,10,5,0,9,Stag-Hunt,D,1740,D
120,10,6,5,15,border Snow Drift/Prisoner's Dilemma,D,1748,D
120,10,7,4,7,Stag-Hunt,D,1756,D
120,10,8,1,6,Stag-Hunt,C,1762,D
120,10,9,4,9,Stag-Hunt,D,1775,C
120,10,10,1,5,Stag-Hunt,D,1783,D
120,10,11,9,7,Harmony,C,1788,C
120,10,12,8,15,Snow Drift,D,1803,C
120,10,13,0,6,Stag-Hunt,D,1813,C
120,10,14,4,14,Prisoner's Dilemma,D,1820,D
120,10,15,5,11,border Snow Drift/Prisoner's Dilemma,D,1825,C
120,10,16,1,9,Stag-Hunt,D,1834,D
120,10,17,1,14,Prisoner's Dilemma,D,1843,D
121,10,1,4,8,Stag-Hunt,C,1701,C
121,10,2,10,7,Harmony,C,1709,C
121,10,3,4,10,border Stag-Hunt/Prisoner's Dilemma,C,1722,C
121,10,4,5,12,border Snow Drift/Prisoner's Dilemma,C,Dummy,D
121,10,5,10,11,Snow Drift,D,1738,C
121,10,6,5,15,border Snow Drift/Prisoner's Dilemma,D,1747,D
121,10,7,5,9,border Harmony/Stag-Hunt,D,1752,C
121,10,8,8,8,Harmony,C,Dummy,D
121,10,9,6,11,Snow Drift,D,1771,C
121,10,10,1,5,Stag-Hunt,D,1784,D
121,10,11,1,8,Stag-Hunt,D,1794,C
121,10,12,10,6,Harmony,C,1797,D
121,10,13,1,8,Stag-Hunt,D,Dummy,C
121,10,14,8,7,Harmony,C,1822,C
121,10,15,10,11,Snow Drift,D,1826,C
121,10,16,1,9,Stag-Hunt,D,1833,D
121,10,17,1,14,Prisoner's Dilemma,D,1842,D
122,10,1,3,10,border Stag-Hunt/Prisoner's Dilemma,D,1705,C
122,10,2,5,10,center of the TS plane,C,1708,C
122,10,3,0,7,Stag-Hunt,D,Dummy,C
122,10,4,10,11,Snow Drift,D,1729,C
122,10,5,9,7,Harmony,C,1734,C
122,10,6,4,15,Prisoner's Dilemma,D,1743,D
122,10,7,10,9,Harmony,C,1755,C
122,10,8,9,7,Harmony,C,1764,C
122,10,9,7,12,Snow Drift,D,1773,C
122,10,10,3,12,Prisoner's Dilemma,D,1780,C
122,10,11,1,9,Stag-Hunt,C,1793,C
122,10,12,8,13,Snow Drift,D,1802,C
122,10,13,5,12,border Snow Drift/Prisoner's Dilemma,D,1809,C
122,10,14,2,12,Prisoner's Dilemma,D,1817,C
122,10,15,8,9,Harmony,D,Dummy,D
122,10,16,6,7,Harmony,D,Dummy,C
122,10,17,5,14,border Snow Drift/Prisoner's Dilemma,C,1845,D
123,10,1,4,8,Stag-Hunt,C,1700,C
123,10,2,10,7,Harmony,C,1710,C
123,10,3,3,15,Prisoner's Dilemma,C,1717,C
123,10,4,5,10,center of the TS plane,D,1727,C
123,10,5,9,7,Harmony,C,1735,C
123,10,6,2,13,Prisoner's Dilemma,D,1746,C
123,10,7,4,7,Stag-Hunt,D,1757,D
123,10,8,9,7,Harmony,C,1763,C
123,10,9,7,12,Snow Drift,C,1772,D
123,10,10,10,8,Harmony,D,1785,D
123,10,11,1,8,Stag-Hunt,C,1795,D
123,10,12,10,6,Harmony,C,1800,C
123,10,13,1,9,Stag-Hunt,C,1811,C
123,10,14,4,11,Prisoner's Dilemma,D,1816,D
123,10,15,4,12,Prisoner's Dilemma,C,1830,C
123,10,16,2,14,Prisoner's Dilemma,D,1839,C
123,10,17,3,10,border Stag-Hunt/Prisoner's Dilemma,C,Dummy,C
124,10,1,0,8,Stag-Hunt,D,1699,C
124,10,2,0,8,Stag-Hunt,C,1714,D
124,10,3,3,15,Prisoner's Dilemma,C,1716,C
124,10,4,7,10,border Harmony/Snow Drift,C,1725,C
124,10,5,0,9,Stag-Hunt,D,1741,D
124,10,6,7,7,Harmony,C,1750,C
124,10,7,2,10,border Stag-Hunt/Prisoner's Dilemma,D,Dummy,D
124,10,8,8,13,Snow Drift,D,1767,C
124,10,9,3,8,Stag-Hunt,D,1777,C
124,10,10,6,6,Harmony,C,1781,D
124,10,11,1,9,Stag-Hunt,C,1792,C
124,10,12,10,6,Harmony,C,1799,C
124,10,13,9,10,border Harmony/Snow Drift,C,1806,D
124,10,14,5,11,border Snow Drift/Prisoner's Dilemma,D,Dummy,D
124,10,15,5,11,border Snow Drift/Prisoner's Dilemma,C,1824,D
124,10,16,2,11,Prisoner's Dilemma,C,1838,D
124,10,17,1,13,Prisoner's Dilemma,D,1849,D
125,10,1,0,8,Stag-Hunt,C,1698,D
125,10,2,5,10,center of the TS plane,C,1707,C
125,10,3,4,10,border Stag-Hunt/Prisoner's Dilemma,C,1723,C
125,10,4,7,10,border Harmony/Snow Drift,C,1726,C
125,10,5,9,8,Harmony,C,1737,C
125,10,6,4,15,Prisoner's Dilemma,D,1744,D
125,10,7,9,14,Snow Drift,D,1759,C
125,10,8,10,9,Harmony,C,1766,C
125,10,9,3,8,Stag-Hunt,C,1776,D
125,10,10,3,12,Prisoner's Dilemma,C,1779,D
125,10,11,0,5,Stag-Hunt,C,Dummy,C
125,10,12,8,13,Snow Drift,C,1801,D
125,10,13,1,9,Stag-Hunt,C,1810,C
125,10,14,4,14,Prisoner's Dilemma,D,1819,D
125,10,15,4,8,Stag-Hunt,D,1829,C
125,10,16,2,11,Prisoner's Dilemma,D,1837,C
125,10,17,6,14,Snow Drift,D,1846,C
126,10,1,6,8,Harmony,C,1702,D
126,10,2,4,10,border Stag-Hunt/Prisoner's Dilemma,D,Dummy,D
126,10,3,4,10,border Stag-Hunt/Prisoner's Dilemma,C,1719,D
126,10,4,10,11,Snow Drift,C,1730,D
126,10,5,3,11,Prisoner's Dilemma,D,Dummy,C
126,10,6,7,7,Harmony,C,1749,C
126,10,7,5,9,border Harmony/Stag-Hunt,C,1753,D
126,10,8,8,13,Snow Drift,C,1768,D
126,10,9,4,9,Stag-Hunt,C,1774,D
126,10,10,6,15,Snow Drift,D,Dummy,C
126,10,11,9,7,Harmony,C,1789,C
126,10,12,7,7,Harmony,C,Dummy,C
126,10,13,5,12,border Snow Drift/Prisoner's Dilemma,C,1808,D
126,10,14,8,7,Harmony,C,1821,C
126,10,15,4,8,Stag-Hunt,C,1828,D
126,10,16,6,12,Snow Drift,C,1835,D
126,10,17,6,14,Snow Drift,C,1847,D
127,10,1,2,9,Stag-Hunt,C,Dummy,C
127,10,2,8,10,border Harmony/Snow Drift,D,1712,D
127,10,3,0,11,Prisoner's Dilemma,C,1720,C
127,10,4,3,15,Prisoner's Dilemma,D,1731,D
127,10,5,9,8,Harmony,C,1736,C
127,10,6,7,10,border Harmony/Snow Drift,C,Dummy,C
127,10,7,10,9,Harmony,C,1754,C
127,10,8,10,9,Harmony,C,1765,C
127,10,9,6,11,Snow Drift,C,1770,D
127,10,10,10,8,Harmony,D,1786,D
127,10,11,1,13,Prisoner's Dilemma,D,1791,D
127,10,12,8,15,Snow Drift,C,1804,D
127,10,13,9,10,border Harmony/Snow Drift,D,1807,C
127,10,14,2,12,Prisoner's Dilemma,C,1818,D
127,10,15,4,12,Prisoner's Dilemma,C,1831,C
127,10,16,2,14,Prisoner's Dilemma,C,1840,D
127,10,17,5,14,border Snow Drift/Prisoner's Dilemma,D,1844,C
128,10,1,6,8,Harmony,D,1703,C
128,10,2,8,10,border Harmony/Snow Drift,D,1711,D
128,10,3,0,11,Prisoner's Dilemma,C,1721,C
128,10,4,5,10,center of the TS plane,C,1728,D
128,10,5,10,11,Snow Drift,C,1739,D
128,10,6,2,13,Prisoner's Dilemma,C,1745,D
128,10,7,9,14,Snow Drift,C,1758,D
128,10,8,1,6,Stag-Hunt,D,1761,C
128,10,9,9,14,Snow Drift,D,Dummy,C
128,10,10,6,6,Harmony,D,1782,C
128,10,11,1,13,Prisoner's Dilemma,D,1790,D
128,10,12,10,6,Harmony,D,1798,C
128,10,13,0,6,Stag-Hunt,C,1812,D
128,10,14,4,11,Prisoner's Dilemma,D,1815,D
128,10,15,10,11,Snow Drift,C,1827,D
128,10,16,6,12,Snow Drift,D,1836,C
128,10,17,1,13,Prisoner's Dilemma,D,1848,D
129,11,1,9,10,border Harmony/Snow Drift,C,1854,C
129,11,2,3,5,Stag-Hunt,C,1862,C
129,11,3,0,12,Prisoner's Dilemma,C,1866,C
129,11,4,7,11,Snow Drift,D,1872,D
129,11,5,3,14,Prisoner's Dilemma,C,1880,D
129,11,6,6,15,Snow Drift,D,1882,D
129,11,7,10,10,border Harmony/Snow Drift,C,1889,C
129,11,8,9,9,Harmony,C,1896,C
129,11,9,0,11,Prisoner's Dilemma,C,1902,D
129,11,10,7,8,Harmony,C,1908,D
129,11,11,7,8,Harmony,D,1915,C
129,11,12,10,8,Harmony,D,1921,C
129,11,13,1,7,Stag-Hunt,D,1928,C
130,11,1,3,11,Prisoner's Dilemma,D,1856,D
130,11,2,9,6,Harmony,C,1860,C
130,11,3,3,14,Prisoner's Dilemma,D,1863,C
130,11,4,10,12,Snow Drift,C,1873,C
130,11,5,2,11,Prisoner's Dilemma,C,1877,C
130,11,6,6,15,Snow Drift,D,1881,D
130,11,7,6,6,Harmony,C,1891,C
130,11,8,10,12,Snow Drift,D,1897,C
130,11,9,3,10,border Stag-Hunt/Prisoner's Dilemma,C,1904,D
130,11,10,3,12,Prisoner's Dilemma,C,1910,D
130,11,11,7,8,Harmony,C,1916,D
130,11,12,10,11,Snow Drift,D,1917,C
130,11,13,10,12,Snow Drift,C,1926,C
131,11,1,5,14,border Snow Drift/Prisoner's Dilemma,C,1851,D
131,11,2,3,5,Stag-Hunt,C,1861,C
131,11,3,3,14,Prisoner's Dilemma,C,1864,D
131,11,4,10,12,Snow Drift,C,1874,C
131,11,5,9,9,Harmony,C,1875,C
131,11,6,0,13,Prisoner's Dilemma,D,1886,C
131,11,7,6,6,Harmony,C,1892,C
131,11,8,10,12,Snow Drift,C,1893,D
131,11,9,3,10,border Stag-Hunt/Prisoner's Dilemma,D,1903,C
131,11,10,8,14,Snow Drift,D,1905,D
131,11,11,5,10,center of the TS plane,C,1914,C
131,11,12,10,11,Snow Drift,C,1918,D
131,11,13,1,7,Stag-Hunt,C,1927,D
132,11,1,5,14,border Snow Drift/Prisoner's Dilemma,D,1852,C
132,11,2,9,12,Snow Drift,D,1858,D
132,11,3,6,11,Snow Drift,D,1868,C
132,11,4,1,6,Stag-Hunt,D,1869,C
132,11,5,9,9,Harmony,C,1876,C
132,11,6,7,14,Snow Drift,D,1883,D
132,11,7,7,8,Harmony,D,1888,C
132,11,8,10,12,Snow Drift,D,1894,C
132,11,9,4,10,border Stag-Hunt/Prisoner's Dilemma,D,1899,C
132,11,10,7,8,Harmony,D,1907,C
132,11,11,5,15,border Snow Drift/Prisoner's Dilemma,D,1912,D
132,11,12,10,8,Harmony,C,1922,D
132,11,13,5,14,border Snow Drift/Prisoner's Dilemma,D,1923,D
133,11,1,3,11,Prisoner's Dilemma,D,1855,D
133,11,2,9,12,Snow Drift,D,1857,D
133,11,3,0,12,Prisoner's Dilemma,C,1865,C
133,11,4,1,6,Stag-Hunt,C,1870,D
133,11,5,2,11,Prisoner's Dilemma,C,1878,C
133,11,6,0,13,Prisoner's Dilemma,C,1885,D
133,11,7,10,10,border Harmony/Snow Drift,C,1890,C
133,11,8,10,12,Snow Drift,C,1898,D
133,11,9,4,10,border Stag-Hunt/Prisoner's Dilemma,C,1900,D
133,11,10,8,14,Snow Drift,D,1906,D
133,11,11,5,10,center of the TS plane,C,1913,C
133,11,12,0,11,Prisoner's Dilemma,C,1919,D
133,11,13,10,12,Snow Drift,C,1925,C
134,11,1,9,10,border Harmony/Snow Drift,C,1853,C
134,11,2,9,6,Harmony,C,1859,C
134,11,3,6,11,Snow Drift,C,1867,D
134,11,4,7,11,Snow Drift,D,1871,D
134,11,5,3,14,Prisoner's Dilemma,D,1879,C
134,11,6,7,14,Snow Drift,D,1884,D
134,11,7,7,8,Harmony,C,1887,D
134,11,8,9,9,Harmony,C,1895,C
134,11,9,0,11,Prisoner's Dilemma,D,1901,C
134,11,10,3,12,Prisoner's Dilemma,D,1909,C
134,11,11,5,15,border Snow Drift/Prisoner's Dilemma,D,1911,D
134,11,12,0,11,Prisoner's Dilemma,D,1920,C
134,11,13,5,14,border Snow Drift/Prisoner's Dilemma,D,1924,D
135,12,1,1,11,Prisoner's Dilemma,D,1931,D
135,12,2,1,5,Stag-Hunt,D,1935,D
135,12,3,0,5,Stag-Hunt,D,1942,C
135,12,4,10,12,Snow Drift,C,1950,D
135,12,5,8,10,border Harmony/Snow Drift,D,1957,C
135,12,6,7,11,Snow Drift,D,1963,D
135,12,7,2,12,Prisoner's Dilemma,D,1966,D
135,12,8,6,13,Snow Drift,D,1976,C
135,12,9,0,11,Prisoner's Dilemma,D,1980,D
135,12,10,5,15,border Snow Drift/Prisoner's Dilemma,D,1986,D
135,12,11,7,9,Harmony,D,1993,C
135,12,12,2,13,Prisoner's Dilemma,D,1998,D
135,12,13,3,12,Prisoner's Dilemma,D,2002,D
135,12,14,3,5,Stag-Hunt,D,2009,D
135,12,15,3,13,Prisoner's Dilemma,D,2018,D
135,12,16,10,14,Snow Drift,D,2020,D
136,12,1,6,8,Harmony,D,1934,D
136,12,2,8,9,Harmony,D,1938,D
136,12,3,8,5,Harmony,C,1946,C
136,12,4,1,10,border Stag-Hunt/Prisoner's Dilemma,D,1948,D
136,12,5,9,8,Harmony,C,1956,C
136,12,6,7,11,Snow Drift,D,1964,D
136,12,7,1,14,Prisoner's Dilemma,D,1969,D
136,12,8,7,14,Snow Drift,C,1971,D
136,12,9,0,11,Prisoner's Dilemma,D,1979,D
136,12,10,3,7,Stag-Hunt,D,1984,D
136,12,11,2,13,Prisoner's Dilemma,D,1991,D
136,12,12,0,14,Prisoner's Dilemma,D,1995,D
136,12,13,3,12,Prisoner's Dilemma,D,2001,D
136,12,14,3,5,Stag-Hunt,D,2010,D
136,12,15,3,13,Prisoner's Dilemma,D,2017,D
136,12,16,8,8,Harmony,D,2023,C
137,12,1,8,6,Harmony,C,1930,C
137,12,2,4,6,Stag-Hunt,C,1939,D
137,12,3,0,5,Stag-Hunt,C,1941,D
137,12,4,10,12,Snow Drift,D,1949,C
137,12,5,9,7,Harmony,C,1954,D
137,12,6,9,5,Harmony,C,1960,C
137,12,7,3,9,Stag-Hunt,C,1967,C
137,12,8,6,13,Snow Drift,C,1975,D
137,12,9,9,14,Snow Drift,C,1977,C
137,12,10,1,5,Stag-Hunt,C,1987,D
137,12,11,7,9,Harmony,C,1994,D
137,12,12,0,14,Prisoner's Dilemma,D,1996,D
137,12,13,10,15,Snow Drift,D,2005,D
137,12,14,8,12,Snow Drift,C,2012,D
137,12,15,8,7,Harmony,D,2016,D
137,12,16,6,12,Snow Drift,C,2021,D
138,12,1,8,6,Harmony,C,1929,C
138,12,2,4,6,Stag-Hunt,D,1940,C
138,12,3,8,5,Harmony,C,1945,C
138,12,4,1,10,border Stag-Hunt/Prisoner's Dilemma,D,1947,D
138,12,5,9,7,Harmony,D,1953,C
138,12,6,9,5,Harmony,C,1959,C
138,12,7,1,14,Prisoner's Dilemma,D,1970,D
138,12,8,8,6,Harmony,C,1973,C
138,12,9,6,5,Harmony,C,1981,C
138,12,10,5,15,border Snow Drift/Prisoner's Dilemma,D,1985,D
138,12,11,6,12,Snow Drift,D,1989,D
138,12,12,4,14,Prisoner's Dilemma,D,1999,D
138,12,13,10,15,Snow Drift,D,2006,D
138,12,14,10,11,Snow Drift,D,2007,D
138,12,15,8,7,Harmony,D,2015,D
138,12,16,6,12,Snow Drift,D,2022,C
139,12,1,1,11,Prisoner's Dilemma,D,1932,D
139,12,2,8,9,Harmony,D,1937,D
139,12,3,5,13,border Snow Drift/Prisoner's Dilemma,D,1944,D
139,12,4,10,9,Harmony,C,1952,C
139,12,5,9,8,Harmony,C,1955,C
139,12,6,2,7,Stag-Hunt,D,1961,D
139,12,7,2,12,Prisoner's Dilemma,D,1965,D
139,12,8,8,6,Harmony,C,1974,C
139,12,9,6,5,Harmony,C,1982,C
139,12,10,1,5,Stag-Hunt,D,1988,C
139,12,11,6,12,Snow Drift,D,1990,D
139,12,12,4,14,Prisoner's Dilemma,D,2000,D
139,12,13,1,7,Stag-Hunt,D,2003,D
139,12,14,10,11,Snow Drift,D,2008,D
139,12,15,5,11,border Snow Drift/Prisoner's Dilemma,D,2013,D
139,12,16,8,8,Harmony,C,2024,D
140,12,1,6,8,Harmony,D,1933,D
140,12,2,1,5,Stag-Hunt,D,1936,D
140,12,3,5,13,border Snow Drift/Prisoner's Dilemma,D,1943,D
140,12,4,10,9,Harmony,C,1951,C
140,12,5,8,10,border Harmony/Snow Drift,C,1958,D
140,12,6,2,7,Stag-Hunt,D,1962,D
140,12,7,3,9,Stag-Hunt,C,1968,C
140,12,8,7,14,Snow Drift,D,1972,C
140,12,9,9,14,Snow Drift,C,1978,C
140,12,10,3,7,Stag-Hunt,D,1983,D
140,12,11,2,13,Prisoner's Dilemma,D,1992,D
140,12,12,2,13,Prisoner's Dilemma,D,1997,D
140,12,13,1,7,Stag-Hunt,D,2004,D
140,12,14,8,12,Snow Drift,D,2011,C
140,12,15,5,11,border Snow Drift/Prisoner's Dilemma,D,2014,D
140,12,16,10,14,Snow Drift,D,2019,D
141,13,1,3,12,Prisoner's Dilemma,D,2026,D
141,13,2,3,12,Prisoner's Dilemma,D,2042,D
141,13,3,2,9,Stag-Hunt,D,2057,D
141,13,4,9,15,Snow Drift,C,2063,D
141,13,5,1,14,Prisoner's Dilemma,D,2081,D
141,13,6,2,10,border Stag-Hunt/Prisoner's Dilemma,D,2090,D
141,13,7,4,8,Stag-Hunt,C,2106,D
141,13,8,3,5,Stag-Hunt,D,2110,D
141,13,9,1,11,Prisoner's Dilemma,D,2132,D
141,13,10,10,15,Snow Drift,D,2134,C
141,13,11,1,12,Prisoner's Dilemma,D,2145,D
141,13,12,9,10,border Harmony/Snow Drift,D,2158,D
141,13,13,1,14,Prisoner's Dilemma,D,2175,D
141,13,14,4,8,Stag-Hunt,D,2182,C
141,13,15,10,11,Snow Drift,D,2200,C
141,13,16,10,13,Snow Drift,D,2207,C
141,13,17,0,9,Stag-Hunt,D,Dummy,C
142,13,1,2,12,Prisoner's Dilemma,C,2031,C
142,13,2,6,10,border Harmony/Snow Drift,D,2047,D
142,13,3,2,9,Stag-Hunt,D,2058,D
142,13,4,0,15,Prisoner's Dilemma,D,2069,D
142,13,5,2,11,Prisoner's Dilemma,D,2083,C
142,13,6,1,9,Stag-Hunt,C,2086,C
142,13,7,0,6,Stag-Hunt,D,2104,C
142,13,8,7,10,border Harmony/Snow Drift,D,2117,C
142,13,9,1,5,Stag-Hunt,D,2122,D
142,13,10,2,14,Prisoner's Dilemma,D,2139,D
142,13,11,2,7,Stag-Hunt,D,2156,D
142,13,12,5,13,border Snow Drift/Prisoner's Dilemma,C,2168,C
142,13,13,1,14,Prisoner's Dilemma,D,2176,D
142,13,14,4,8,Stag-Hunt,C,2181,D
142,13,15,2,11,Prisoner's Dilemma,D,2204,C
142,13,16,5,8,border Harmony/Stag-Hunt,C,2216,D
142,13,17,1,14,Prisoner's Dilemma,D,2226,D
143,13,1,9,7,Harmony,D,2033,D
143,13,2,2,14,Prisoner's Dilemma,C,2045,C
143,13,3,6,6,Harmony,C,2060,C
143,13,4,7,11,Snow Drift,C,2061,C
143,13,5,1,15,Prisoner's Dilemma,D,2079,D
143,13,6,2,15,Prisoner's Dilemma,C,2088,D
143,13,7,10,13,Snow Drift,D,2097,C
143,13,8,9,7,Harmony,C,2113,C
143,13,9,9,12,Snow Drift,D,Dummy,C
143,13,10,7,8,Harmony,C,Dummy,C
143,13,11,3,7,Stag-Hunt,C,2151,C
143,13,12,5,13,border Snow Drift/Prisoner's Dilemma,C,2167,C
143,13,13,8,12,Snow Drift,C,2171,D
143,13,14,5,12,border Snow Drift/Prisoner's Dilemma,D,2192,D
143,13,15,7,13,Snow Drift,C,2193,D
143,13,16,2,13,Prisoner's Dilemma,D,2206,D
143,13,17,5,7,border Harmony/Stag-Hunt,C,Dummy,D
144,13,1,8,5,Harmony,C,2029,C
144,13,2,6,10,border Harmony/Snow Drift,D,2048,D
144,13,3,6,6,Harmony,C,2059,C
144,13,4,0,6,Stag-Hunt,D,2065,D
144,13,5,1,12,Prisoner's Dilemma,D,2075,C
144,13,6,8,12,Snow Drift,C,Dummy,C
144,13,7,10,10,border Harmony/Snow Drift,C,2102,D
144,13,8,9,5,Harmony,C,2111,C
144,13,9,1,5,Stag-Hunt,D,2121,D
144,13,10,2,12,Prisoner's Dilemma,D,2135,D
144,13,11,1,12,Prisoner's Dilemma,D,2146,D
144,13,12,8,8,Harmony,C,2165,C
144,13,13,9,8,Harmony,C,Dummy,D
144,13,14,6,8,Harmony,D,2184,C
144,13,15,7,13,Snow Drift,D,2194,C
144,13,16,9,11,Snow Drift,D,Dummy,C
144,13,17,1,14,Prisoner's Dilemma,D,2225,D
145,13,1,3,15,Prisoner's Dilemma,D,2036,C
145,13,2,4,15,Prisoner's Dilemma,D,2037,C
145,13,3,3,11,Prisoner's Dilemma,D,2051,D
145,13,4,3,13,Prisoner's Dilemma,D,2067,D
145,13,5,2,11,Prisoner's Dilemma,C,2084,D
145,13,6,2,10,border Stag-Hunt/Prisoner's Dilemma,D,2089,D
145,13,7,3,6,Stag-Hunt,,2108,C
145,13,8,7,9,Harmony,,2115,C
145,13,9,9,12,Snow Drift,,2128,D
145,13,10,7,8,Harmony,,2142,C
145,13,11,4,14,Prisoner's Dilemma,,2149,D
145,13,12,3,5,Stag-Hunt,,2162,D
145,13,13,9,8,Harmony,,2179,C
145,13,14,4,6,Stag-Hunt,,2185,D
145,13,15,5,11,border Snow Drift/Prisoner's Dilemma,,2196,C
145,13,16,4,7,Stag-Hunt,,2210,D
145,13,17,6,13,Snow Drift,,2217,D
146,13,1,2,12,Prisoner's Dilemma,C,2032,C
146,13,2,8,8,Harmony,C,2043,C
146,13,3,3,9,Stag-Hunt,C,2056,D
146,13,4,5,13,border Snow Drift/Prisoner's Dilemma,D,2071,D
146,13,5,10,6,Harmony,C,2077,D
146,13,6,3,6,Stag-Hunt,C,2092,C
146,13,7,0,6,Stag-Hunt,C,2103,D
146,13,8,9,7,Harmony,C,2114,C
146,13,9,5,5,border Harmony/Stag-Hunt,C,2126,D
146,13,10,2,12,Prisoner's Dilemma,D,2136,D
146,13,11,5,5,border Harmony/Stag-Hunt,C,2154,D
146,13,12,1,7,Stag-Hunt,D,2164,D
146,13,13,3,12,Prisoner's Dilemma,D,2177,C
146,13,14,5,12,border Snow Drift/Prisoner's Dilemma,D,2191,D
146,13,15,10,11,Snow Drift,C,2199,D
146,13,16,5,5,border Harmony/Stag-Hunt,C,Dummy,D
146,13,17,7,10,border Harmony/Snow Drift,D,2224,C
147,13,1,3,15,Prisoner's Dilemma,C,2035,D
147,13,2,1,10,border Stag-Hunt/Prisoner's Dilemma,D,2040,D
147,13,3,1,7,Stag-Hunt,C,2053,D
147,13,4,0,15,Prisoner's Dilemma,D,2070,D
147,13,5,1,12,Prisoner's Dilemma,C,2076,D
147,13,6,8,12,Snow Drift,,2096,C
147,13,7,10,13,Snow Drift,C,2098,D
147,13,8,6,12,Snow Drift,C,2120,D
147,13,9,0,14,Prisoner's Dilemma,C,2123,D
147,13,10,5,6,border Harmony/Stag-Hunt,C,2137,C
147,13,11,4,14,Prisoner's Dilemma,C,2147,C
147,13,12,3,5,Stag-Hunt,D,Dummy,D
147,13,13,8,12,Snow Drift,D,2172,C
147,13,14,4,6,Stag-Hunt,D,Dummy,C
147,13,15,5,11,border Snow Drift/Prisoner's Dilemma,C,Dummy,D
147,13,16,9,11,Snow Drift,,2212,D
147,13,17,0,9,Stag-Hunt,,2222,D
148,13,1,8,5,Harmony,C,2030,C
148,13,2,4,15,Prisoner's Dilemma,C,2038,D
148,13,3,4,7,Stag-Hunt,D,2050,D
148,13,4,0,6,Stag-Hunt,D,2066,D
148,13,5,1,14,Prisoner's Dilemma,D,2082,D
148,13,6,3,5,Stag-Hunt,C,2093,C
148,13,7,4,10,border Stag-Hunt/Prisoner's Dilemma,D,2100,D
148,13,8,7,9,Harmony,C,Dummy,C
148,13,9,5,5,border Harmony/Stag-Hunt,C,2129,C
148,13,10,10,15,Snow Drift,C,2133,D
148,13,11,4,14,Prisoner's Dilemma,D,Dummy,C
148,13,12,4,14,Prisoner's Dilemma,C,2159,D
148,13,13,7,6,Harmony,C,2170,C
148,13,14,6,8,Harmony,C,2183,D
148,13,15,3,6,Stag-Hunt,C,2197,D
148,13,16,2,13,Prisoner's Dilemma,D,2205,D
148,13,17,7,10,border Harmony/Snow Drift,C,2223,D
149,13,1,2,7,Stag-Hunt,D,2028,D
149,13,2,3,12,Prisoner's Dilemma,D,2041,D
149,13,3,4,7,Stag-Hunt,D,2049,D
149,13,4,9,15,Snow Drift,D,2064,C
149,13,5,10,6,Harmony,D,2078,C
149,13,6,3,5,Stag-Hunt,C,2094,C
149,13,7,4,8,Stag-Hunt,D,2105,C
149,13,8,3,5,Stag-Hunt,D,2109,D
149,13,9,0,14,Prisoner's Dilemma,D,2124,C
149,13,10,2,14,Prisoner's Dilemma,D,2140,D
149,13,11,4,14,Prisoner's Dilemma,C,2148,C
149,13,12,4,14,Prisoner's Dilemma,D,2160,C
149,13,13,7,6,Harmony,C,2169,C
149,13,14,3,12,Prisoner's Dilemma,D,Dummy,D
149,13,15,3,6,Stag-Hunt,D,2198,C
149,13,16,5,8,border Harmony/Stag-Hunt,D,2215,C
149,13,17,6,13,Snow Drift,D,Dummy,D
150,13,1,3,12,Prisoner's Dilemma,D,2025,D
150,13,2,2,14,Prisoner's Dilemma,C,2046,C
150,13,3,1,7,Stag-Hunt,D,2054,C
150,13,4,7,11,Snow Drift,C,2062,C
150,13,5,7,11,Snow Drift,D,2073,D
150,13,6,1,9,Stag-Hunt,C,2085,C
150,13,7,10,10,border Harmony/Snow Drift,D,2101,C
150,13,8,9,5,Harmony,C,2112,C
150,13,9,5,5,border Harmony/Stag-Hunt,C,2130,C
150,13,10,5,6,border Harmony/Stag-Hunt,C,2138,C
150,13,11,5,5,border Harmony/Stag-Hunt,D,2153,C
150,13,12,8,8,Harmony,C,2166,C
150,13,13,4,13,Prisoner's Dilemma,C,2174,D
150,13,14,3,12,Prisoner's Dilemma,,2190,D
150,13,15,2,11,Prisoner's Dilemma,C,2203,D
150,13,16,5,5,border Harmony/Stag-Hunt,,2214,C
150,13,17,7,15,Snow Drift,,2220,D
151,13,1,9,7,Harmony,D,2034,D
151,13,2,1,10,border Stag-Hunt/Prisoner's Dilemma,D,2039,D
151,13,3,3,9,Stag-Hunt,D,2055,C
151,13,4,3,13,Prisoner's Dilemma,D,2068,D
151,13,5,7,11,Snow Drift,D,2074,D
151,13,6,3,6,Stag-Hunt,C,2091,C
151,13,7,3,6,Stag-Hunt,C,Dummy,C
151,13,8,7,10,border Harmony/Snow Drift,C,2118,D
151,13,9,5,5,border Harmony/Stag-Hunt,D,2125,C
151,13,10,1,7,Stag-Hunt,C,2144,D
151,13,11,3,7,Stag-Hunt,C,2152,C
151,13,12,1,7,Stag-Hunt,D,2163,D
151,13,13,3,12,Prisoner's Dilemma,C,2178,D
151,13,14,7,14,Snow Drift,C,2188,D
151,13,15,9,14,Snow Drift,D,2202,D
151,13,16,10,13,Snow Drift,C,2208,D
151,13,17,5,7,border Harmony/Stag-Hunt,,2227,C
152,13,1,2,7,Stag-Hunt,D,2027,D
152,13,2,8,8,Harmony,C,2044,C
152,13,3,3,11,Prisoner's Dilemma,D,2052,D
152,13,4,5,13,border Snow Drift/Prisoner's Dilemma,D,2072,D
152,13,5,1,15,Prisoner's Dilemma,D,2080,D
152,13,6,2,15,Prisoner's Dilemma,D,2087,C
152,13,7,4,10,border Stag-Hunt/Prisoner's Dilemma,D,2099,D
152,13,8,6,12,Snow Drift,D,2119,C
152,13,9,1,11,Prisoner's Dilemma,D,2131,D
152,13,10,1,7,Stag-Hunt,D,2143,C
152,13,11,2,7,Stag-Hunt,D,2155,D
152,13,12,9,10,border Harmony/Snow Drift,D,2157,D
152,13,13,4,13,Prisoner's Dilemma,D,2173,C
152,13,14,7,14,Snow Drift,D,2187,C
152,13,15,9,14,Snow Drift,D,2201,D
152,13,16,4,7,Stag-Hunt,D,Dummy,C
152,13,17,7,15,Snow Drift,D,Dummy,C
153,14,1,7,6,Harmony,C,2238,D
153,14,2,0,14,Prisoner's Dilemma,D,2252,D
153,14,3,9,8,Harmony,D,Dummy,D
153,14,4,10,8,Harmony,D,2278,C
153,14,5,2,6,Stag-Hunt,D,2286,D
153,14,6,4,6,Stag-Hunt,C,2307,C
153,14,7,5,7,border Harmony/Stag-Hunt,D,2319,D
153,14,8,2,6,Stag-Hunt,D,2327,D
153,14,9,6,6,Harmony,C,2343,C
153,14,10,9,15,Snow Drift,C,2365,D
153,14,11,1,11,Prisoner's Dilemma,C,2372,D
153,14,12,3,13,Prisoner's Dilemma,D,2386,D
153,14,13,4,9,Stag-Hunt,D,2410,D
153,14,14,7,6,Harmony,C,2422,C
153,14,15,0,12,Prisoner's Dilemma,D,2425,D
153,14,16,8,9,Harmony,D,2451,C
153,14,17,5,14,border Snow Drift/Prisoner's Dilemma,D,2457,D
153,14,18,7,12,Snow Drift,C,2479,D
154,14,1,7,11,Snow Drift,C,2232,C
154,14,2,5,7,border Harmony/Stag-Hunt,C,2249,C
154,14,3,4,10,border Stag-Hunt/Prisoner's Dilemma,D,2257,C
154,14,4,2,14,Prisoner's Dilemma,D,2284,C
154,14,5,2,6,Stag-Hunt,D,2285,D
154,14,6,5,8,border Harmony/Stag-Hunt,C,2306,C
154,14,7,5,5,border Harmony/Stag-Hunt,D,2315,C
154,14,8,3,11,Prisoner's Dilemma,D,2339,D
154,14,9,6,6,Harmony,C,2350,C
154,14,10,6,14,Snow Drift,D,2364,D
154,14,11,6,5,Harmony,C,2379,C
154,14,12,0,14,Prisoner's Dilemma,D,Dummy,C
154,14,13,0,15,Prisoner's Dilemma,D,2405,D
154,14,14,4,13,Prisoner's Dilemma,D,Dummy,D
154,14,15,1,7,Stag-Hunt,D,2435,C
154,14,16,9,6,Harmony,C,2445,C
154,14,17,9,6,Harmony,C,2465,C
154,14,18,3,10,border Stag-Hunt/Prisoner's Dilemma,D,2468,C
155,14,1,7,5,Harmony,D,2234,C
155,14,2,5,13,border Snow Drift/Prisoner's Dilemma,C,2255,D
155,14,3,6,9,Harmony,C,2267,C
155,14,4,2,14,Prisoner's Dilemma,D,2282,C
155,14,5,6,10,border Harmony/Snow Drift,D,2297,D
155,14,6,4,6,Stag-Hunt,C,2308,C
155,14,7,6,8,Harmony,C,2321,C
155,14,8,9,14,Snow Drift,D,2337,D
155,14,9,8,8,Harmony,C,2341,C
155,14,10,4,14,Prisoner's Dilemma,D,2359,D
155,14,11,3,15,Prisoner's Dilemma,D,2376,D
155,14,12,0,12,Prisoner's Dilemma,D,2389,C
155,14,13,3,9,Stag-Hunt,C,2404,C
155,14,14,7,6,Harmony,C,2421,C
155,14,15,5,13,border Snow Drift/Prisoner's Dilemma,D,2433,C
155,14,16,8,9,Harmony,C,2452,D
155,14,17,0,7,Stag-Hunt,C,2454,D
155,14,18,7,12,Snow Drift,D,2480,C
156,14,1,7,5,Harmony,D,2241,C
156,14,2,5,7,border Harmony/Stag-Hunt,C,2250,C
156,14,3,5,7,border Harmony/Stag-Hunt,D,2270,C
156,14,4,0,11,Prisoner's Dilemma,C,2271,D
156,14,5,9,9,Harmony,D,2288,D
156,14,6,5,10,center of the TS plane,D,2311,C
156,14,7,10,5,Harmony,C,2314,C
156,14,8,3,11,Prisoner's Dilemma,D,2340,D
156,14,9,5,8,border Harmony/Stag-Hunt,D,2352,D
156,14,10,7,14,Snow Drift,D,2358,D
156,14,11,6,9,Harmony,D,Dummy,D
156,14,12,1,7,Stag-Hunt,D,2387,D
156,14,13,0,15,Prisoner's Dilemma,D,2406,D
156,14,14,10,6,Harmony,C,2415,C
156,14,15,0,13,Prisoner's Dilemma,D,2438,D
156,14,16,3,13,Prisoner's Dilemma,D,2449,C
156,14,17,8,5,Harmony,C,2459,C
156,14,18,7,15,Snow Drift,D,2476,C
157,14,1,4,15,Prisoner's Dilemma,C,2229,D
157,14,2,5,13,border Snow Drift/Prisoner's Dilemma,D,2256,C
157,14,3,5,7,border Harmony/Stag-Hunt,C,2269,D
157,14,4,10,8,Harmony,C,2277,D
157,14,5,10,13,Snow Drift,D,2296,D
157,14,6,4,15,Prisoner's Dilemma,D,2300,D
157,14,7,10,5,Harmony,C,2313,C
157,14,8,1,5,Stag-Hunt,C,2336,C
157,14,9,6,11,Snow Drift,C,2348,D
157,14,10,9,15,Snow Drift,D,2366,C
157,14,11,6,5,Harmony,C,2380,C
157,14,12,10,10,border Harmony/Snow Drift,C,2395,D
157,14,13,7,11,Snow Drift,C,2408,D
157,14,14,1,10,border Stag-Hunt/Prisoner's Dilemma,D,2417,C
157,14,15,3,6,Stag-Hunt,D,2427,D
157,14,16,6,5,Harmony,C,2441,C
157,14,17,10,6,Harmony,C,2464,D
157,14,18,3,12,Prisoner's Dilemma,D,2474,
158,14,1,4,15,Prisoner's Dilemma,D,2230,C
158,14,2,2,11,Prisoner's Dilemma,D,2248,C
158,14,3,10,9,Harmony,C,2261,D
158,14,4,10,9,Harmony,C,2280,D
158,14,5,6,10,border Harmony/Snow Drift,D,2298,D
158,14,6,4,15,Prisoner's Dilemma,D,2299,D
158,14,7,0,15,Prisoner's Dilemma,D,2317,D
158,14,8,7,12,Snow Drift,D,2334,C
158,14,9,5,8,border Harmony/Stag-Hunt,D,2351,D
158,14,10,5,8,border Harmony/Stag-Hunt,D,Dummy,D
158,14,11,1,11,Prisoner's Dilemma,D,2371,C
158,14,12,1,7,Stag-Hunt,D,2388,D
158,14,13,3,15,Prisoner's Dilemma,D,Dummy,D
158,14,14,8,15,Snow Drift,D,2411,D
158,14,15,0,12,Prisoner's Dilemma,D,2430,D
158,14,16,7,15,Snow Drift,D,2439,C
158,14,17,8,5,Harmony,C,2460,C
158,14,18,4,8,Stag-Hunt,,2478,
159,14,1,7,6,Harmony,D,2237,C
159,14,2,0,13,Prisoner's Dilemma,D,2245,D
159,14,3,10,9,Harmony,D,2262,C
159,14,4,6,14,Snow Drift,C,2274,C
159,14,5,10,9,Harmony,C,Dummy,D
159,14,6,2,14,Prisoner's Dilemma,D,2309,D
159,14,7,0,15,Prisoner's Dilemma,D,2318,D
159,14,8,1,5,Stag-Hunt,C,2335,C
159,14,9,6,11,Snow Drift,D,2347,C
159,14,10,2,6,Stag-Hunt,D,2356,D
159,14,11,10,6,Harmony,D,2373,C
159,14,12,6,9,Harmony,D,2394,D
159,14,13,3,9,Stag-Hunt,C,2403,C
159,14,14,8,15,Snow Drift,D,2412,D
159,14,15,0,13,Prisoner's Dilemma,D,2437,D
159,14,16,1,15,Prisoner's Dilemma,C,Dummy,C
159,14,17,10,6,Harmony,D,Dummy,D
159,14,18,7,15,Snow Drift,C,2475,D
160,14,1,6,15,Snow Drift,D,2236,D
160,14,2,6,15,Snow Drift,C,2243,C
160,14,3,1,14,Prisoner's Dilemma,C,2259,D
160,14,4,10,9,Harmony,D,2279,C
160,14,5,7,6,Harmony,C,2294,C
160,14,6,5,8,border Harmony/Stag-Hunt,C,2305,C
160,14,7,6,8,Harmony,C,2322,C
160,14,8,1,15,Prisoner's Dilemma,C,2331,D
160,14,9,6,6,Harmony,C,2349,C
160,14,10,2,13,Prisoner's Dilemma,C,2367,D
160,14,11,10,6,Harmony,C,2374,D
160,14,12,0,12,Prisoner's Dilemma,C,2390,D
160,14,13,6,6,Harmony,C,2397,C
160,14,14,9,15,Snow Drift,C,2420,C
160,14,15,5,13,border Snow Drift/Prisoner's Dilemma,C,2434,D
160,14,16,1,6,Stag-Hunt,C,2447,D
160,14,17,0,12,Prisoner's Dilemma,,2461,
160,14,18,4,8,Stag-Hunt,,2477,
161,14,1,6,15,Snow Drift,D,2235,D
161,14,2,0,14,Prisoner's Dilemma,D,2251,D
161,14,3,8,15,Snow Drift,C,2264,C
161,14,4,2,14,Prisoner's Dilemma,C,2281,D
161,14,5,4,12,Prisoner's Dilemma,C,2291,C
161,14,6,9,5,Harmony,C,2304,C
161,14,7,7,6,Harmony,C,Dummy,C
161,14,8,2,6,Stag-Hunt,D,2328,D
161,14,9,6,6,Harmony,C,2344,C
161,14,10,4,14,Prisoner's Dilemma,D,2360,D
161,14,11,6,9,Harmony,C,2370,D
161,14,12,5,5,border Harmony/Stag-Hunt,C,2384,C
161,14,13,3,15,Prisoner's Dilemma,D,2400,D
161,14,14,4,13,Prisoner's Dilemma,D,2413,D
161,14,15,0,11,Prisoner's Dilemma,C,2432,C
161,14,16,1,15,Prisoner's Dilemma,D,2444,C
161,14,17,0,12,Prisoner's Dilemma,,2462,
161,14,18,3,12,Prisoner's Dilemma,,2473,D
162,14,1,7,11,Snow Drift,C,2231,C
162,14,2,2,11,Prisoner's Dilemma,C,2247,D
162,14,3,9,8,Harmony,,2265,D
162,14,4,3,5,Stag-Hunt,C,2275,C
162,14,5,10,9,Harmony,,2290,C
162,14,6,5,10,center of the TS plane,C,2312,D
162,14,7,7,6,Harmony,,2323,C
162,14,8,3,8,Stag-Hunt,C,2330,C
162,14,9,5,8,border Harmony/Stag-Hunt,D,2345,D
162,14,10,2,6,Stag-Hunt,D,2355,D
162,14,11,3,11,Prisoner's Dilemma,C,2378,D
162,14,12,10,10,border Harmony/Snow Drift,D,2396,C
162,14,13,7,11,Snow Drift,D,2407,C
162,14,14,9,15,Snow Drift,C,2419,C
162,14,15,1,7,Stag-Hunt,C,2436,D
162,14,16,3,13,Prisoner's Dilemma,C,2450,D
162,14,17,1,5,Stag-Hunt,C,2455,D
162,14,18,3,10,border Stag-Hunt/Prisoner's Dilemma,C,2467,D
163,14,1,4,7,Stag-Hunt,C,2240,D
163,14,2,8,5,Harmony,C,2253,D
163,14,3,8,15,Snow Drift,C,2263,C
163,14,4,6,14,Snow Drift,C,2273,C
163,14,5,4,12,Prisoner's Dilemma,C,2292,C
163,14,6,1,13,Prisoner's Dilemma,D,2302,D
163,14,7,6,11,Snow Drift,D,2325,D
163,14,8,1,15,Prisoner's Dilemma,D,2332,C
163,14,9,0,6,Stag-Hunt,D,2354,C
163,14,10,5,8,border Harmony/Stag-Hunt,,2362,D
163,14,11,3,11,Prisoner's Dilemma,D,2377,C
163,14,12,0,14,Prisoner's Dilemma,C,2391,D
163,14,13,3,15,Prisoner's Dilemma,C,2402,D
163,14,14,10,8,Harmony,C,2424,C
163,14,15,0,12,Prisoner's Dilemma,D,2426,D
163,14,16,7,15,Snow Drift,C,2440,D
163,14,17,9,6,Harmony,C,Dummy,C
163,14,18,9,12,Snow Drift,D,2469,D
164,14,1,7,5,Harmony,C,2233,D
164,14,2,0,13,Prisoner's Dilemma,D,2246,D
164,14,3,1,14,Prisoner's Dilemma,D,2260,C
164,14,4,3,5,Stag-Hunt,C,2276,C
164,14,5,7,6,Harmony,C,2293,C
164,14,6,1,13,Prisoner's Dilemma,D,2301,D
164,14,7,5,5,border Harmony/Stag-Hunt,C,2316,D
164,14,8,7,12,Snow Drift,C,2333,D
164,14,9,0,6,Stag-Hunt,C,2353,D
164,14,10,7,14,Snow Drift,D,2357,D
164,14,11,3,15,Prisoner's Dilemma,D,2375,D
164,14,12,5,5,border Harmony/Stag-Hunt,C,Dummy,D
164,14,13,4,9,Stag-Hunt,D,2409,D
164,14,14,1,10,border Stag-Hunt/Prisoner's Dilemma,C,2418,D
164,14,15,3,6,Stag-Hunt,D,2428,D
164,14,16,6,5,Harmony,C,2442,C
164,14,17,0,7,Stag-Hunt,D,2453,C
164,14,18,3,12,Prisoner's Dilemma,D,Dummy,C
165,14,1,4,7,Stag-Hunt,D,2239,C
165,14,2,8,5,Harmony,D,2254,C
165,14,3,6,9,Harmony,C,2268,C
165,14,4,2,14,Prisoner's Dilemma,C,2283,D
165,14,5,9,9,Harmony,D,2287,D
165,14,6,9,5,Harmony,C,2303,C
165,14,7,6,11,Snow Drift,D,2326,D
165,14,8,9,14,Snow Drift,D,2338,D
165,14,9,5,8,border Harmony/Stag-Hunt,D,2346,D
165,14,10,6,14,Snow Drift,D,2363,D
165,14,11,2,7,Stag-Hunt,D,2382,C
165,14,12,6,9,Harmony,D,2393,D
165,14,13,6,6,Harmony,C,2398,C
165,14,14,10,8,Harmony,C,2423,C
165,14,15,0,11,Prisoner's Dilemma,C,Dummy,C
165,14,16,9,6,Harmony,C,2446,C
165,14,17,1,5,Stag-Hunt,D,2456,C
165,14,18,9,12,Snow Drift,D,2470,D
166,14,1,7,5,Harmony,C,2242,D
166,14,2,6,15,Snow Drift,C,2244,C
166,14,3,4,10,border Stag-Hunt/Prisoner's Dilemma,C,2258,D
166,14,4,0,11,Prisoner's Dilemma,D,2272,C
166,14,5,10,13,Snow Drift,D,2295,D
166,14,6,2,14,Prisoner's Dilemma,D,2310,D
166,14,7,5,7,border Harmony/Stag-Hunt,D,2320,D
166,14,8,3,8,Stag-Hunt,C,2329,C
166,14,9,8,8,Harmony,C,2342,C
166,14,10,2,13,Prisoner's Dilemma,D,2368,C
166,14,11,2,7,Stag-Hunt,C,2381,D
166,14,12,3,13,Prisoner's Dilemma,D,Dummy,D
166,14,13,3,15,Prisoner's Dilemma,D,2401,C
166,14,14,10,6,Harmony,C,2416,C
166,14,15,0,12,Prisoner's Dilemma,D,2429,D
166,14,16,1,6,Stag-Hunt,D,2448,C
166,14,17,5,14,border Snow Drift/Prisoner's Dilemma,D,2458,D
166,14,18,3,12,Prisoner's Dilemma,D,2472,D
168,15,1,7,6,Harmony,,2487,D
168,15,2,9,10,border Harmony/Snow Drift,,2499,C
168,15,3,4,10,border Stag-Hunt/Prisoner's Dilemma,,2519,D
168,15,4,9,15,Snow Drift,D,2533,C
168,15,5,5,6,border Harmony/Stag-Hunt,,2538,D
168,15,6,6,11,Snow Drift,,2562,D
168,15,7,3,13,Prisoner's Dilemma,D,2566,D
168,15,8,5,8,border Harmony/Stag-Hunt,D,2584,C
168,15,9,4,15,Prisoner's Dilemma,,2597,C
168,15,10,2,11,Prisoner's Dilemma,,2610,D
168,15,11,7,10,border Harmony/Snow Drift,,2626,C
168,15,12,10,11,Snow Drift,D,2644,C
168,15,13,4,13,Prisoner's Dilemma,,2657,D
168,15,14,8,11,Snow Drift,,2664,D
168,15,15,2,12,Prisoner's Dilemma,,2685,D
168,15,16,6,9,Harmony,,2702,C
169,15,1,10,7,Harmony,,2494,C
169,15,2,9,10,border Harmony/Snow Drift,C,2500,
169,15,3,5,13,border Snow Drift/Prisoner's Dilemma,C,2516,D
169,15,4,2,14,Prisoner's Dilemma,C,2528,D
169,15,5,1,5,Stag-Hunt,,2548,D
169,15,6,10,14,Snow Drift,C,2559,D
169,15,7,2,7,Stag-Hunt,C,2572,D
169,15,8,6,9,Harmony,D,2586,C
169,15,9,6,8,Harmony,D,Dummy,D
169,15,10,2,11,Prisoner's Dilemma,D,Dummy,D
169,15,11,2,6,Stag-Hunt,C,2622,D
169,15,12,3,7,Stag-Hunt,D,2636,C
169,15,13,9,9,Harmony,C,2662,C
169,15,14,8,8,Harmony,C,2667,C
169,15,15,8,14,Snow Drift,D,2678,C
169,15,16,1,6,Stag-Hunt,C,2692,C
170,15,1,7,8,Harmony,C,2490,C
170,15,2,9,12,Snow Drift,D,2505,C
170,15,3,9,13,Snow Drift,D,2510,D
170,15,4,3,11,Prisoner's Dilemma,D,2536,C
170,15,5,6,9,Harmony,C,2539,D
170,15,6,3,10,border Stag-Hunt/Prisoner's Dilemma,C,2551,D
170,15,7,3,7,Stag-Hunt,C,2578,D
170,15,8,0,14,Prisoner's Dilemma,D,2581,D
170,15,9,6,8,Harmony,D,2593,D
170,15,10,5,5,border Harmony/Stag-Hunt,C,2608,C
170,15,11,10,7,Harmony,C,2634,C
170,15,12,10,8,Harmony,C,2646,C
170,15,13,4,13,Prisoner's Dilemma,D,Dummy,D
170,15,14,10,7,Harmony,C,2671,C
170,15,15,9,9,Harmony,C,2688,D
170,15,16,2,6,Stag-Hunt,C,2694,C
171,15,1,7,14,Snow Drift,C,2482,C
171,15,2,7,7,Harmony,D,2497,C
171,15,3,1,6,Stag-Hunt,D,2511,C
171,15,4,6,10,border Harmony/Snow Drift,D,2523,D
171,15,5,0,14,Prisoner's Dilemma,D,2544,D
171,15,6,9,13,Snow Drift,C,2554,D
171,15,7,10,11,Snow Drift,D,2573,D
171,15,8,6,9,Harmony,C,2585,D
171,15,9,0,10,border Stag-Hunt/Prisoner's Dilemma,C,2603,C
171,15,10,8,15,Snow Drift,C,2615,C
171,15,11,6,13,Snow Drift,D,2628,D
171,15,12,10,15,Snow Drift,D,2640,C
171,15,13,5,14,border Snow Drift/Prisoner's Dilemma,D,2654,C
171,15,14,8,11,Snow Drift,D,Dummy,C
171,15,15,8,14,Snow Drift,C,2677,D
171,15,16,9,15,Snow Drift,D,2695,D
172,15,1,10,5,Harmony,C,2484,C
172,15,2,3,10,border Stag-Hunt/Prisoner's Dilemma,C,2504,C
172,15,3,5,13,border Snow Drift/Prisoner's Dilemma,D,2515,C
172,15,4,4,15,Prisoner's Dilemma,D,2526,C
172,15,5,0,14,Prisoner's Dilemma,D,2543,D
172,15,6,9,13,Snow Drift,D,2553,C
172,15,7,1,6,Stag-Hunt,C,2567,D
172,15,8,8,8,Harmony,D,2580,C
172,15,9,10,14,Snow Drift,D,2595,D
172,15,10,1,5,Stag-Hunt,C,2611,D
172,15,11,2,6,Stag-Hunt,D,2621,C
172,15,12,10,11,Snow Drift,C,2643,D
172,15,13,7,14,Snow Drift,D,2650,D
172,15,14,9,12,Snow Drift,D,2673,C
172,15,15,9,8,Harmony,C,2689,C
172,15,16,3,15,Prisoner's Dilemma,D,2704,D
173,15,1,10,5,Harmony,C,2483,C
173,15,2,3,10,border Stag-Hunt/Prisoner's Dilemma,C,2503,C
173,15,3,1,6,Stag-Hunt,C,2512,D
173,15,4,4,15,Prisoner's Dilemma,C,2525,D
173,15,5,1,5,Stag-Hunt,D,Dummy,D
173,15,6,6,11,Snow Drift,D,Dummy,D
173,15,7,10,11,Snow Drift,D,2574,D
173,15,8,5,5,border Harmony/Stag-Hunt,D,2591,C
173,15,9,1,15,Prisoner's Dilemma,D,2606,C
173,15,10,10,15,Snow Drift,D,2619,C
173,15,11,3,8,Stag-Hunt,D,2629,C
173,15,12,6,9,Harmony,D,2637,D
173,15,13,8,8,Harmony,D,2655,C
173,15,14,7,15,Snow Drift,D,2676,C
173,15,15,9,9,Harmony,D,2687,C
173,15,16,9,12,Snow Drift,D,2699,D
174,15,1,7,6,Harmony,D,Dummy,D
174,15,2,5,14,border Snow Drift/Prisoner's Dilemma,D,2508,D
174,15,3,4,5,Stag-Hunt,D,2521,C
174,15,4,2,14,Prisoner's Dilemma,D,2527,C
174,15,5,4,9,Stag-Hunt,C,2545,C
174,15,6,10,14,Snow Drift,D,2560,C
174,15,7,3,7,Stag-Hunt,D,2577,C
174,15,8,8,8,Harmony,C,Dummy,C
174,15,9,5,6,border Harmony/Stag-Hunt,D,2599,D
174,15,10,5,10,center of the TS plane,D,2613,C
174,15,11,7,10,border Harmony/Snow Drift,C,Dummy,C
174,15,12,10,15,Snow Drift,C,2639,D
174,15,13,5,14,border Snow Drift/Prisoner's Dilemma,C,2653,D
174,15,14,8,8,Harmony,C,2668,C
174,15,15,7,8,Harmony,C,2681,C
174,15,16,9,12,Snow Drift,D,2697,D
175,15,1,10,7,Harmony,C,Dummy,C
175,15,2,9,12,Snow Drift,C,2506,D
175,15,3,4,5,Stag-Hunt,C,2522,D
175,15,4,6,14,Snow Drift,D,2529,D
175,15,5,4,9,Stag-Hunt,C,2546,C
175,15,6,7,5,Harmony,C,2556,C
175,15,7,2,7,Stag-Hunt,C,2576,C
175,15,8,5,8,border Harmony/Stag-Hunt,C,Dummy,D
175,15,9,5,6,border Harmony/Stag-Hunt,D,2600,D
175,15,10,7,8,Harmony,D,2618,C
175,15,11,6,13,Snow Drift,D,2627,D
175,15,12,1,7,Stag-Hunt,C,2642,D
175,15,13,6,6,Harmony,C,2652,C
175,15,14,5,13,border Snow Drift/Prisoner's Dilemma,D,2665,D
175,15,15,7,8,Harmony,C,2682,C
175,15,16,9,15,Snow Drift,D,2696,D
176,15,1,7,8,Harmony,C,2489,C
176,15,2,2,5,Stag-Hunt,C,2501,C
176,15,3,10,5,Harmony,C,2517,C
176,15,4,9,13,Snow Drift,D,2532,D
176,15,5,2,11,Prisoner's Dilemma,D,2542,D
176,15,6,8,13,Snow Drift,C,2564,D
176,15,7,9,12,Snow Drift,C,2570,D
176,15,8,1,14,Prisoner's Dilemma,D,2588,D
176,15,9,4,15,Prisoner's Dilemma,C,Dummy,C
176,15,10,8,15,Snow Drift,C,2616,C
176,15,11,3,8,Stag-Hunt,C,2630,D
176,15,12,3,7,Stag-Hunt,C,2635,D
176,15,13,7,14,Snow Drift,D,2649,D
176,15,14,1,12,Prisoner's Dilemma,D,2669,D
176,15,15,9,15,Snow Drift,C,2684,D
176,15,16,2,6,Stag-Hunt,C,2693,C
177,15,1,3,9,Stag-Hunt,C,2485,D
177,15,2,2,5,Stag-Hunt,C,2502,C
177,15,3,8,11,Snow Drift,D,2513,D
177,15,4,6,10,border Harmony/Snow Drift,D,2524,D
177,15,5,6,9,Harmony,D,2540,C
177,15,6,4,15,Prisoner's Dilemma,D,2557,D
177,15,7,2,7,Stag-Hunt,D,2571,C
177,15,8,6,14,Snow Drift,D,2590,D
177,15,9,10,6,Harmony,C,2601,C
177,15,10,10,15,Snow Drift,C,2620,D
177,15,11,3,13,Prisoner's Dilemma,C,2623,D
177,15,12,10,8,Harmony,C,2645,C
177,15,13,6,6,Harmony,C,2651,C
177,15,14,9,12,Snow Drift,C,Dummy,D
177,15,15,2,12,Prisoner's Dilemma,D,Dummy,C
177,15,16,9,12,Snow Drift,D,2698,D
178,15,1,8,8,Harmony,C,2491,C
178,15,2,5,7,border Harmony/Stag-Hunt,D,2495,D
178,15,3,8,11,Snow Drift,D,2514,D
178,15,4,3,11,Prisoner's Dilemma,C,2535,D
178,15,5,2,11,Prisoner's Dilemma,D,2541,D
178,15,6,7,5,Harmony,C,2555,C
178,15,7,2,7,Stag-Hunt,C,2575,C
178,15,8,1,14,Prisoner's Dilemma,D,2587,D
178,15,9,10,6,Harmony,C,2602,C
178,15,10,7,8,Harmony,C,2617,D
178,15,11,1,13,Prisoner's Dilemma,D,2632,D
178,15,12,1,15,Prisoner's Dilemma,D,2647,D
178,15,13,9,13,Snow Drift,D,2660,D
178,15,14,10,7,Harmony,C,Dummy,C
178,15,15,9,8,Harmony,C,Dummy,C
178,15,16,3,15,Prisoner's Dilemma,D,2703,D
179,15,1,3,9,Stag-Hunt,D,2486,C
179,15,2,5,14,border Snow Drift/Prisoner's Dilemma,D,2507,D
179,15,3,4,10,border Stag-Hunt/Prisoner's Dilemma,D,Dummy,C
179,15,4,6,14,Snow Drift,D,2530,D
179,15,5,5,6,border Harmony/Stag-Hunt,D,Dummy,C
179,15,6,3,10,border Stag-Hunt/Prisoner's Dilemma,D,2552,C
179,15,7,9,12,Snow Drift,D,2569,C
179,15,8,0,14,Prisoner's Dilemma,D,Dummy,C
179,15,9,10,14,Snow Drift,D,Dummy,C
179,15,10,5,5,border Harmony/Stag-Hunt,C,Dummy,D
179,15,11,1,13,Prisoner's Dilemma,D,2631,D
179,15,12,6,9,Harmony,D,2638,D
179,15,13,8,8,Harmony,C,2656,D
179,15,14,1,12,Prisoner's Dilemma,D,2670,D
179,15,15,9,15,Snow Drift,D,2683,C
179,15,16,9,12,Snow Drift,D,2700,D
180,15,1,7,14,Snow Drift,C,2481,C
180,15,2,7,7,Harmony,C,2498,D
180,15,3,10,5,Harmony,C,2518,C
180,15,4,9,15,Snow Drift,C,2534,D
180,15,5,10,6,Harmony,C,2549,D
180,15,6,4,15,Prisoner's Dilemma,D,2558,D
180,15,7,3,13,Prisoner's Dilemma,D,2565,D
180,15,8,5,5,border Harmony/Stag-Hunt,C,2592,D
180,15,9,0,10,border Stag-Hunt/Prisoner's Dilemma,C,2604,C
180,15,10,5,10,center of the TS plane,C,2614,D
180,15,11,10,7,Harmony,C,Dummy,C
180,15,12,1,7,Stag-Hunt,D,2641,C
180,15,13,9,9,Harmony,C,2661,C
180,15,14,5,13,border Snow Drift/Prisoner's Dilemma,D,2666,D
180,15,15,7,9,Harmony,C,2680,C
180,15,16,6,9,Harmony,C,Dummy,C
181,15,1,8,8,Harmony,C,2492,C
181,15,2,5,7,border Harmony/Stag-Hunt,D,2496,D
181,15,3,9,13,Snow Drift,D,2509,D
181,15,4,9,13,Snow Drift,D,2531,D
181,15,5,10,6,Harmony,D,2550,C
181,15,6,8,13,Snow Drift,D,2563,C
181,15,7,1,6,Stag-Hunt,D,2568,C
181,15,8,6,14,Snow Drift,D,2589,D
181,15,9,1,15,Prisoner's Dilemma,C,2605,D
181,15,10,1,5,Stag-Hunt,D,2612,C
181,15,11,3,13,Prisoner's Dilemma,D,2624,C
181,15,12,1,15,Prisoner's Dilemma,D,2648,D
181,15,13,9,13,Snow Drift,D,2659,D
181,15,14,7,15,Snow Drift,C,2675,D
181,15,15,7,9,Harmony,C,2679,C
181,15,16,1,6,Stag-Hunt,C,2691,C
186,16,1,6,9,Harmony,C,Dummy,C
186,16,2,2,10,border Stag-Hunt/Prisoner's Dilemma,C,2710,C
186,16,3,0,15,Prisoner's Dilemma,C,Dummy,D
186,16,4,10,8,Harmony,C,2722,D
186,16,5,6,9,Harmony,C,Dummy,D
186,16,6,7,8,Harmony,C,Dummy,C
186,16,7,8,10,border Harmony/Snow Drift,C,2735,D
186,16,8,9,10,border Harmony/Snow Drift,C,2743,C
186,16,9,3,5,Stag-Hunt,C,2747,D
186,16,10,2,5,Stag-Hunt,C,2752,C
186,16,11,9,11,Snow Drift,C,Dummy,D
186,16,12,4,14,Prisoner's Dilemma,D,2760,C
186,16,13,7,5,Harmony,C,Dummy,D
186,16,14,4,13,Prisoner's Dilemma,D,Dummy,C
187,16,1,9,12,Snow Drift,C,Dummy,C
187,16,2,2,6,Stag-Hunt,C,Dummy,D
187,16,3,1,11,Prisoner's Dilemma,D,Dummy,C
187,16,4,10,8,Harmony,D,2723,C
187,16,5,2,11,Prisoner's Dilemma,D,2727,D
187,16,6,5,6,border Harmony/Stag-Hunt,D,2731,C
187,16,7,8,10,border Harmony/Snow Drift,D,2736,C
187,16,8,3,8,Stag-Hunt,D,Dummy,D
187,16,9,3,5,Stag-Hunt,D,2748,C
187,16,10,6,8,Harmony,C,Dummy,C
187,16,11,7,15,Snow Drift,D,2757,C
187,16,12,8,12,Snow Drift,D,Dummy,D
187,16,13,1,7,Stag-Hunt,D,Dummy,C
187,16,14,0,14,Prisoner's Dilemma,D,Dummy,D
188,16,1,10,10,border Harmony/Snow Drift,C,Dummy,C
188,16,2,2,10,border Stag-Hunt/Prisoner's Dilemma,C,2711,C
188,16,3,3,11,Prisoner's Dilemma,C,Dummy,C
188,16,4,0,6,Stag-Hunt,C,Dummy,C
188,16,5,2,11,Prisoner's Dilemma,D,2728,D
188,16,6,5,6,border Harmony/Stag-Hunt,C,2730,D
188,16,7,8,6,Harmony,C,Dummy,C
188,16,8,9,10,border Harmony/Snow Drift,C,2742,C
188,16,9,7,15,Snow Drift,D,Dummy,D
188,16,10,2,5,Stag-Hunt,C,2753,C
188,16,11,7,15,Snow Drift,C,2758,D
188,16,12,4,14,Prisoner's Dilemma,C,Dummy,D
188,16,13,0,7,Stag-Hunt,C,Dummy,D
188,16,14,1,9,Stag-Hunt,C,Dummy,C
190,17,1,8,12,Snow Drift,D,2781,D
190,17,2,9,13,Snow Drift,C,2790,C
190,17,3,8,8,Harmony,C,2799,C
190,17,4,5,6,border Harmony/Stag-Hunt,D,2809,C
190,17,5,0,13,Prisoner's Dilemma,D,2811,C
190,17,6,3,10,border Stag-Hunt/Prisoner's Dilemma,D,2822,C
190,17,7,2,15,Prisoner's Dilemma,D,Dummy,C
190,17,8,3,14,Prisoner's Dilemma,D,2844,D
190,17,9,7,13,Snow Drift,D,2850,C
190,17,10,9,10,border Harmony/Snow Drift,C,2860,C
190,17,11,1,6,Stag-Hunt,D,Dummy,D
190,17,12,9,14,Snow Drift,D,Dummy,C
190,17,13,0,9,Stag-Hunt,D,2887,C
190,17,14,1,15,Prisoner's Dilemma,D,2897,C
190,17,15,10,11,Snow Drift,C,2904,C
190,17,16,7,7,Harmony,C,2913,C
191,17,1,8,12,Snow Drift,D,2782,D
191,17,2,6,5,Harmony,C,2785,C
191,17,3,8,8,Harmony,C,2800,C
191,17,4,0,13,Prisoner's Dilemma,D,2807,C
191,17,5,8,11,Snow Drift,C,2817,C
191,17,6,3,15,Prisoner's Dilemma,C,2821,C
191,17,7,2,8,Stag-Hunt,D,2833,D
191,17,8,0,12,Prisoner's Dilemma,C,2842,C
191,17,9,9,10,border Harmony/Snow Drift,C,2847,C
191,17,10,4,12,Prisoner's Dilemma,D,2859,D
191,17,11,9,11,Snow Drift,C,2871,C
191,17,12,10,7,Harmony,C,2881,C
191,17,13,6,9,Harmony,C,2886,C
191,17,14,2,6,Stag-Hunt,C,2892,D
191,17,15,3,10,border Stag-Hunt/Prisoner's Dilemma,D,2907,D
191,17,16,7,7,Harmony,C,2912,C
192,17,1,2,11,Prisoner's Dilemma,C,Dummy,D
192,17,2,3,11,Prisoner's Dilemma,C,Dummy,C
192,17,3,4,7,Stag-Hunt,C,2795,C
192,17,4,0,13,Prisoner's Dilemma,C,2806,D
192,17,5,1,15,Prisoner's Dilemma,D,Dummy,D
192,17,6,3,11,Prisoner's Dilemma,C,2827,D
192,17,7,4,11,Prisoner's Dilemma,D,2832,C
192,17,8,2,10,border Stag-Hunt/Prisoner's Dilemma,C,2839,C
192,17,9,9,6,Harmony,C,2853,C
192,17,10,3,12,Prisoner's Dilemma,C,2857,C
192,17,11,4,6,Stag-Hunt,C,2868,C
192,17,12,10,7,Harmony,C,2880,C
192,17,13,0,9,Stag-Hunt,C,2888,D
192,17,14,6,6,Harmony,C,2894,C
192,17,15,6,10,border Harmony/Snow Drift,C,Dummy,D
192,17,16,4,7,Stag-Hunt,C,2917,C
193,17,1,5,12,border Snow Drift/Prisoner's Dilemma,C,2779,C
193,17,2,9,13,Snow Drift,C,2791,C
193,17,3,4,7,Stag-Hunt,C,2796,C
193,17,4,9,11,Snow Drift,C,2802,C
193,17,5,1,15,Prisoner's Dilemma,D,2815,D
193,17,6,3,11,Prisoner's Dilemma,D,2826,C
193,17,7,5,8,border Harmony/Stag-Hunt,C,2835,C
193,17,8,6,11,Snow Drift,C,2841,C
193,17,9,6,10,border Harmony/Snow Drift,C,2852,C
193,17,10,2,13,Prisoner's Dilemma,C,2863,C
193,17,11,9,8,Harmony,C,2866,C
193,17,12,0,14,Prisoner's Dilemma,D,2874,D
193,17,13,2,9,Stag-Hunt,C,2889,D
193,17,14,7,12,Snow Drift,C,Dummy,C
193,17,15,1,15,Prisoner's Dilemma,D,2902,D
193,17,16,8,7,Harmony,C,2915,C
194,17,1,8,14,Snow Drift,C,2775,D
194,17,2,6,5,Harmony,C,2784,C
194,17,3,7,10,border Harmony/Snow Drift,C,2798,C
194,17,4,5,6,border Harmony/Stag-Hunt,C,2808,D
194,17,5,2,5,Stag-Hunt,D,2813,C
194,17,6,9,12,Snow Drift,C,2825,C
194,17,7,2,8,Stag-Hunt,D,2834,D
194,17,8,6,11,Snow Drift,C,2840,C
194,17,9,8,8,Harmony,C,Dummy,C
194,17,10,9,10,border Harmony/Snow Drift,C,2861,C
194,17,11,9,8,Harmony,C,2865,C
194,17,12,8,6,Harmony,C,2877,C
194,17,13,9,5,Harmony,C,2884,C
194,17,14,2,6,Stag-Hunt,D,2893,C
194,17,15,3,10,border Stag-Hunt/Prisoner's Dilemma,D,2908,D
194,17,16,10,5,Harmony,C,2911,C
195,17,1,5,12,border Snow Drift/Prisoner's Dilemma,C,2780,C
195,17,2,1,13,Prisoner's Dilemma,C,2787,C
195,17,3,10,15,Snow Drift,D,2794,C
195,17,4,4,7,Stag-Hunt,C,Dummy,C
195,17,5,0,13,Prisoner's Dilemma,C,2812,D
195,17,6,3,15,Prisoner's Dilemma,C,2820,C
195,17,7,5,8,border Harmony/Stag-Hunt,C,2836,C
195,17,8,0,12,Prisoner's Dilemma,C,2843,C
195,17,9,9,10,border Harmony/Snow Drift,C,2848,C
195,17,10,3,12,Prisoner's Dilemma,C,2856,C
195,17,11,4,6,Stag-Hunt,C,2870,C
195,17,12,8,6,Harmony,C,2876,C
195,17,13,6,9,Harmony,C,2885,C
195,17,14,1,15,Prisoner's Dilemma,C,2896,D
195,17,15,1,15,Prisoner's Dilemma,D,2901,D
195,17,16,8,7,Harmony,C,2914,C
196,17,1,10,10,border Harmony/Snow Drift,C,2778,C
196,17,2,0,9,Stag-Hunt,C,2788,C
196,17,3,7,10,border Harmony/Snow Drift,C,2797,C
196,17,4,8,11,Snow Drift,C,2804,C
196,17,5,8,11,Snow Drift,C,2818,C
196,17,6,1,14,Prisoner's Dilemma,C,Dummy,D
196,17,7,4,11,Prisoner's Dilemma,C,2831,D
196,17,8,2,10,border Stag-Hunt/Prisoner's Dilemma,C,2838,C
196,17,9,9,6,Harmony,C,2854,C
196,17,10,2,13,Prisoner's Dilemma,C,2862,C
196,17,11,9,11,Snow Drift,C,2872,C
196,17,12,2,13,Prisoner's Dilemma,C,2878,D
196,17,13,0,11,Prisoner's Dilemma,C,Dummy,D
196,17,14,5,5,border Harmony/Stag-Hunt,C,2898,C
196,17,15,3,12,Prisoner's Dilemma,C,2905,D
196,17,16,10,5,Harmony,C,2910,C
197,17,1,8,14,Snow Drift,D,2776,C
197,17,2,1,13,Prisoner's Dilemma,C,2786,C
197,17,3,10,15,Snow Drift,C,2793,D
197,17,4,9,11,Snow Drift,C,2803,C
197,17,5,1,15,Prisoner's Dilemma,D,2816,D
197,17,6,3,10,border Stag-Hunt/Prisoner's Dilemma,C,2823,D
197,17,7,0,9,Stag-Hunt,C,2830,D
197,17,8,8,7,Harmony,C,Dummy,D
197,17,9,6,10,border Harmony/Snow Drift,C,2851,C
197,17,10,5,9,border Harmony/Stag-Hunt,C,Dummy,D
197,17,11,4,6,Stag-Hunt,C,2867,C
197,17,12,0,14,Prisoner's Dilemma,D,2875,D
197,17,13,2,9,Stag-Hunt,D,2890,C
197,17,14,6,6,Harmony,C,2895,C
197,17,15,3,12,Prisoner's Dilemma,D,2906,C
197,17,16,4,7,Stag-Hunt,C,2916,C
198,17,1,10,10,border Harmony/Snow Drift,C,2777,C
198,17,2,0,9,Stag-Hunt,C,2789,C
198,17,3,8,8,Harmony,C,Dummy,C
198,17,4,8,11,Snow Drift,C,2805,C
198,17,5,2,5,Stag-Hunt,C,2814,D
198,17,6,9,12,Snow Drift,C,2824,C
198,17,7,0,9,Stag-Hunt,D,2829,C
198,17,8,3,14,Prisoner's Dilemma,D,2845,D
198,17,9,7,13,Snow Drift,C,2849,D
198,17,10,4,12,Prisoner's Dilemma,D,2858,D
198,17,11,4,6,Stag-Hunt,C,2869,C
198,17,12,2,13,Prisoner's Dilemma,D,2879,C
198,17,13,9,5,Harmony,C,2883,C
198,17,14,5,5,border Harmony/Stag-Hunt,C,2899,C
198,17,15,10,11,Snow Drift,C,2903,C
198,17,16,1,9,Stag-Hunt,D,Dummy,D
199,18,1,9,8,Harmony,C,Dummy,C
199,18,2,7,14,Snow Drift,C,2935,D
199,18,3,8,6,Harmony,C,Dummy,D
199,18,4,8,13,Snow Drift,C,2969,C
199,18,5,6,5,Harmony,C,2972,C
199,18,6,8,5,Harmony,C,2988,C
199,18,7,4,8,Stag-Hunt,C,Dummy,D
199,18,8,0,7,Stag-Hunt,C,3010,C
199,18,9,2,14,Prisoner's Dilemma,C,3025,D
199,18,10,5,8,border Harmony/Stag-Hunt,C,3041,C
199,18,11,5,8,border Harmony/Stag-Hunt,C,3051,C
199,18,12,2,15,Prisoner's Dilemma,D,3072,D
199,18,13,1,13,Prisoner's Dilemma,C,Dummy,C
199,18,14,5,12,border Snow Drift/Prisoner's Dilemma,C,3098,D
199,18,15,2,14,Prisoner's Dilemma,D,3103,D
200,18,1,10,9,Harmony,C,2922,C
200,18,2,10,5,Harmony,C,2943,C
200,18,3,2,7,Stag-Hunt,C,2953,C
200,18,4,9,11,Snow Drift,C,2964,C
200,18,5,7,11,Snow Drift,C,2973,C
200,18,6,4,12,Prisoner's Dilemma,C,2984,D
200,18,7,5,10,center of the TS plane,C,3000,C
200,18,8,0,7,Stag-Hunt,C,3011,C
200,18,9,1,8,Stag-Hunt,C,3029,D
200,18,10,4,12,Prisoner's Dilemma,C,3038,D
200,18,11,0,8,Stag-Hunt,C,3053,D
200,18,12,6,9,Harmony,C,3069,C
200,18,13,1,11,Prisoner's Dilemma,C,3085,D
200,18,14,0,5,Stag-Hunt,C,Dummy,C
200,18,15,1,13,Prisoner's Dilemma,C,Dummy,C
201,18,1,7,15,Snow Drift,D,2927,D
201,18,2,10,11,Snow Drift,D,2932,C
201,18,3,10,14,Snow Drift,C,2949,D
201,18,4,10,8,Harmony,C,Dummy,D
201,18,5,6,5,Harmony,C,2971,C
201,18,6,4,12,Prisoner's Dilemma,D,2985,C
201,18,7,8,7,Harmony,C,3007,C
201,18,8,9,5,Harmony,C,3020,C
201,18,9,2,5,Stag-Hunt,C,3033,C
201,18,10,0,12,Prisoner's Dilemma,D,Dummy,C
201,18,11,7,11,Snow Drift,C,3056,C
201,18,12,2,6,Stag-Hunt,C,3071,D
201,18,13,8,14,Snow Drift,C,3083,C
201,18,14,0,6,Stag-Hunt,C,3094,C
201,18,15,0,10,border Stag-Hunt/Prisoner's Dilemma,C,3109,D
202,18,1,2,10,border Stag-Hunt/Prisoner's Dilemma,D,2926,C
202,18,2,7,14,Snow Drift,D,2934,C
202,18,3,3,14,Prisoner's Dilemma,D,2947,D
202,18,4,1,9,Stag-Hunt,C,2960,D
202,18,5,7,11,Snow Drift,D,2978,C
202,18,6,4,11,Prisoner's Dilemma,C,2992,D
202,18,7,1,5,Stag-Hunt,C,2997,D
202,18,8,4,9,Stag-Hunt,D,3017,C
202,18,9,5,8,border Harmony/Stag-Hunt,D,3027,C
202,18,10,0,8,Stag-Hunt,D,3046,C
202,18,11,5,11,border Snow Drift/Prisoner's Dilemma,D,Dummy,D
202,18,12,1,15,Prisoner's Dilemma,D,3062,D
202,18,13,3,7,Stag-Hunt,D,3079,D
202,18,14,6,7,Harmony,C,3097,C
202,18,15,3,14,Prisoner's Dilemma,D,3107,D
203,18,1,7,7,Harmony,C,2923,C
203,18,2,0,14,Prisoner's Dilemma,D,2939,D
203,18,3,2,11,Prisoner's Dilemma,D,2955,D
203,18,4,10,15,Snow Drift,D,2958,D
203,18,5,10,14,Snow Drift,C,2975,D
203,18,6,8,5,Harmony,C,2989,C
203,18,7,1,8,Stag-Hunt,D,3001,D
203,18,8,0,11,Prisoner's Dilemma,D,3019,D
203,18,9,2,14,Prisoner's Dilemma,D,3026,C
203,18,10,5,8,border Harmony/Stag-Hunt,C,3040,C
203,18,11,2,7,Stag-Hunt,D,3060,D
203,18,12,0,13,Prisoner's Dilemma,D,Dummy,C
203,18,13,3,7,Stag-Hunt,D,3080,D
203,18,14,10,7,Harmony,C,3093,C
203,18,15,1,5,Stag-Hunt,D,3112,C
204,18,1,7,7,Harmony,C,2924,C
204,18,2,10,11,Snow Drift,C,2933,D
204,18,3,3,11,Prisoner's Dilemma,D,Dummy,C
204,18,4,8,13,Snow Drift,C,2968,C
204,18,5,7,7,Harmony,C,2982,C
204,18,6,0,13,Prisoner's Dilemma,D,Dummy,C
204,18,7,2,11,Prisoner's Dilemma,D,3005,D
204,18,8,4,9,Stag-Hunt,C,3016,D
204,18,9,1,9,Stag-Hunt,D,3024,C
204,18,10,3,15,Prisoner's Dilemma,D,3044,D
204,18,11,5,8,border Harmony/Stag-Hunt,C,3052,C
204,18,12,10,15,Snow Drift,D,3066,D
204,18,13,4,12,Prisoner's Dilemma,D,3082,D
204,18,14,1,5,Stag-Hunt,D,3090,D
204,18,15,1,5,Stag-Hunt,C,3111,D
205,18,1,10,9,Harmony,C,2921,C
205,18,2,8,13,Snow Drift,C,2940,C
205,18,3,3,14,Prisoner's Dilemma,D,2948,D
205,18,4,1,9,Stag-Hunt,D,2961,C
205,18,5,7,11,Snow Drift,C,2977,D
205,18,6,4,11,Prisoner's Dilemma,D,2993,C
205,18,7,1,5,Stag-Hunt,D,2998,C
205,18,8,9,12,Snow Drift,C,3012,C
205,18,9,0,11,Prisoner's Dilemma,D,Dummy,C
205,18,10,10,10,border Harmony/Snow Drift,C,3036,C
205,18,11,2,7,Stag-Hunt,D,3059,D
205,18,12,6,9,Harmony,C,3068,C
205,18,13,6,12,Snow Drift,C,3075,D
205,18,14,5,12,border Snow Drift/Prisoner's Dilemma,D,3099,C
205,18,15,0,10,border Stag-Hunt/Prisoner's Dilemma,D,3110,C
206,18,1,5,12,border Snow Drift/Prisoner's Dilemma,D,2930,C
206,18,2,0,14,Prisoner's Dilemma,D,2938,D
206,18,3,10,14,Snow Drift,D,2950,C
206,18,4,0,12,Prisoner's Dilemma,D,2962,D
206,18,5,4,7,Stag-Hunt,D,2980,D
206,18,6,6,15,Snow Drift,D,2995,D
206,18,7,2,6,Stag-Hunt,D,3003,C
206,18,8,0,11,Prisoner's Dilemma,D,3018,D
206,18,9,5,11,border Snow Drift/Prisoner's Dilemma,D,3032,D
206,18,10,3,15,Prisoner's Dilemma,D,3045,D
206,18,11,5,8,border Harmony/Stag-Hunt,D,3049,C
206,18,12,2,6,Stag-Hunt,D,3070,C
206,18,13,1,11,Prisoner's Dilemma,D,3086,C
206,18,14,0,6,Stag-Hunt,C,3095,C
206,18,15,1,6,Stag-Hunt,C,3102,C
207,18,1,7,15,Snow Drift,D,2928,D
207,18,2,3,7,Stag-Hunt,C,2937,C
207,18,3,2,7,Stag-Hunt,C,2954,C
207,18,4,9,11,Snow Drift,C,2965,C
207,18,5,7,11,Snow Drift,C,2974,C
207,18,6,5,8,border Harmony/Stag-Hunt,C,2986,C
207,18,7,2,11,Prisoner's Dilemma,D,3006,D
207,18,8,8,8,Harmony,C,Dummy,C
207,18,9,1,9,Stag-Hunt,C,3023,D
207,18,10,4,12,Prisoner's Dilemma,D,3039,C
207,18,11,7,15,Snow Drift,D,3057,C
207,18,12,5,11,border Snow Drift/Prisoner's Dilemma,D,3065,D
207,18,13,4,12,Prisoner's Dilemma,D,3081,D
207,18,14,4,15,Prisoner's Dilemma,D,3088,C
207,18,15,2,14,Prisoner's Dilemma,D,3104,D
208,18,1,8,7,Harmony,C,2919,C
208,18,2,10,5,Harmony,C,2942,C
208,18,3,3,11,Prisoner's Dilemma,C,2945,D
208,18,4,7,6,Harmony,C,2967,C
208,18,5,10,14,Snow Drift,D,2976,C
208,18,6,1,13,Prisoner's Dilemma,D,2991,D
208,18,7,2,6,Stag-Hunt,C,3004,D
208,18,8,8,5,Harmony,C,3015,C
208,18,9,5,8,border Harmony/Stag-Hunt,C,3028,D
208,18,10,0,8,Stag-Hunt,C,3047,D
208,18,11,7,11,Snow Drift,C,3055,C
208,18,12,1,15,Prisoner's Dilemma,D,3063,D
208,18,13,8,14,Snow Drift,C,3084,C
208,18,14,4,15,Prisoner's Dilemma,C,3089,D
208,18,15,5,8,border Harmony/Stag-Hunt,C,3106,C
209,18,1,5,12,border Snow Drift/Prisoner's Dilemma,C,2929,D
209,18,2,0,9,Stag-Hunt,D,Dummy,D
209,18,3,2,11,Prisoner's Dilemma,D,2956,D
209,18,4,7,6,Harmony,C,2966,C
209,18,5,4,7,Stag-Hunt,D,2979,D
209,18,6,5,8,border Harmony/Stag-Hunt,C,2987,C
209,18,7,1,8,Stag-Hunt,D,3002,D
209,18,8,8,5,Harmony,C,3014,C
209,18,9,5,11,border Snow Drift/Prisoner's Dilemma,D,3031,D
209,18,10,10,10,border Harmony/Snow Drift,C,3037,C
209,18,11,7,15,Snow Drift,C,3058,D
209,18,12,5,11,border Snow Drift/Prisoner's Dilemma,D,3064,D
209,18,13,1,8,Stag-Hunt,C,3078,D
209,18,14,6,7,Harmony,C,3096,C
209,18,15,5,8,border Harmony/Stag-Hunt,C,3105,C
210,18,1,2,10,border Stag-Hunt/Prisoner's Dilemma,C,2925,D
210,18,2,8,13,Snow Drift,C,2941,C
210,18,3,9,10,border Harmony/Snow Drift,C,2952,C
210,18,4,0,12,Prisoner's Dilemma,D,2963,D
210,18,5,10,6,Harmony,C,Dummy,C
210,18,6,6,15,Snow Drift,D,2994,D
210,18,7,5,10,center of the TS plane,C,2999,C
210,18,8,9,5,Harmony,C,3021,C
210,18,9,1,8,Stag-Hunt,D,3030,C
210,18,10,0,7,Stag-Hunt,D,3042,C
210,18,11,5,8,border Harmony/Stag-Hunt,C,3050,D
210,18,12,2,15,Prisoner's Dilemma,D,3073,D
210,18,13,6,12,Snow Drift,D,3076,C
210,18,14,1,5,Stag-Hunt,D,3091,D
210,18,15,1,6,Stag-Hunt,C,3101,C
211,18,1,8,7,Harmony,C,2920,C
211,18,2,3,7,Stag-Hunt,C,2936,C
211,18,3,9,10,border Harmony/Snow Drift,C,2951,C
211,18,4,10,15,Snow Drift,D,2959,D
211,18,5,7,7,Harmony,C,2981,C
211,18,6,1,13,Prisoner's Dilemma,D,2990,D
211,18,7,8,7,Harmony,C,3008,C
211,18,8,9,12,Snow Drift,C,3013,C
211,18,9,2,5,Stag-Hunt,C,3034,C
211,18,10,0,7,Stag-Hunt,C,3043,D
211,18,11,0,8,Stag-Hunt,D,3054,C
211,18,12,10,15,Snow Drift,D,3067,D
211,18,13,1,8,Stag-Hunt,D,3077,C
211,18,14,10,7,Harmony,C,3092,C
211,18,15,3,14,Prisoner's Dilemma,D,3108,D
212,19,1,9,6,Harmony,C,3116,C
212,19,2,7,13,Snow Drift,C,3134,D
212,19,3,1,7,Stag-Hunt,C,3146,D
212,19,4,10,13,Snow Drift,D,3162,D
212,19,5,6,11,Snow Drift,C,3185,C
212,19,6,7,13,Snow Drift,C,3203,D
212,19,7,9,12,Snow Drift,C,3222,D
212,19,8,0,5,Stag-Hunt,C,3229,D
212,19,9,3,13,Prisoner's Dilemma,C,3245,D
212,19,10,0,5,Stag-Hunt,C,3262,C
212,19,11,9,5,Harmony,C,3279,D
212,19,12,9,9,Harmony,C,3303,C
212,19,13,2,15,Prisoner's Dilemma,C,3316,D
212,19,14,10,8,Harmony,C,3326,C
212,19,15,8,13,Snow Drift,C,3349,D
213,19,1,7,9,Harmony,C,3115,C
213,19,2,2,7,Stag-Hunt,C,3140,D
213,19,3,2,10,border Stag-Hunt/Prisoner's Dilemma,C,3156,D
213,19,4,7,6,Harmony,C,3176,C
213,19,5,2,5,Stag-Hunt,C,3189,D
213,19,6,2,6,Stag-Hunt,C,3197,D
213,19,7,3,5,Stag-Hunt,C,3215,C
213,19,8,0,5,Stag-Hunt,D,3228,C
213,19,9,2,14,Prisoner's Dilemma,C,3249,C
213,19,10,9,8,Harmony,C,3260,C
213,19,11,5,11,border Snow Drift/Prisoner's Dilemma,C,3275,D
213,19,12,10,11,Snow Drift,C,3299,C
213,19,13,5,7,border Harmony/Stag-Hunt,C,3314,C
213,19,14,1,12,Prisoner's Dilemma,C,3322,D
213,19,15,7,15,Snow Drift,C,3351,D
214,19,1,4,7,Stag-Hunt,C,3120,C
214,19,2,7,14,Snow Drift,D,3130,C
214,19,3,5,13,border Snow Drift/Prisoner's Dilemma,D,3159,D
214,19,4,0,5,Stag-Hunt,C,3164,D
214,19,5,2,5,Stag-Hunt,D,3188,C
214,19,6,1,15,Prisoner's Dilemma,D,3195,D
214,19,7,8,12,Snow Drift,C,3213,D
214,19,8,2,11,Prisoner's Dilemma,D,3227,D
214,19,9,8,13,Snow Drift,C,3255,C
214,19,10,7,7,Harmony,C,3265,D
214,19,11,0,6,Stag-Hunt,D,3288,D
214,19,12,3,7,Stag-Hunt,D,3304,D
214,19,13,9,13,Snow Drift,C,3313,D
214,19,14,3,12,Prisoner's Dilemma,D,3331,C
214,19,15,6,14,Snow Drift,D,3343,C
215,19,1,9,6,Harmony,C,3117,C
215,19,2,2,7,Stag-Hunt,D,3141,C
215,19,3,4,11,Prisoner's Dilemma,D,3152,D
215,19,4,2,14,Prisoner's Dilemma,D,3170,C
215,19,5,5,14,border Snow Drift/Prisoner's Dilemma,C,3182,D
215,19,6,2,6,Stag-Hunt,D,3196,C
215,19,7,1,12,Prisoner's Dilemma,D,3210,D
215,19,8,9,5,Harmony,C,3239,C
215,19,9,9,15,Snow Drift,D,3242,C
215,19,10,7,7,Harmony,C,3273,C
215,19,11,6,8,Harmony,D,3282,D
215,19,12,5,6,border Harmony/Stag-Hunt,C,3293,C
215,19,13,1,15,Prisoner's Dilemma,D,3309,D
215,19,14,4,5,Stag-Hunt,C,3335,D
215,19,15,4,15,Prisoner's Dilemma,D,3352,D
216,19,1,7,9,Harmony,C,3114,C
216,19,2,7,14,Snow Drift,C,3131,D
216,19,3,9,15,Snow Drift,C,3149,D
216,19,4,1,5,Stag-Hunt,C,3174,D
216,19,5,1,15,Prisoner's Dilemma,D,3178,D
216,19,6,10,8,Harmony,C,3207,C
216,19,7,1,12,Prisoner's Dilemma,D,3211,D
216,19,8,8,6,Harmony,C,3234,C
216,19,9,7,14,Snow Drift,C,3247,D
216,19,10,0,13,Prisoner's Dilemma,C,3258,D
216,19,11,5,5,border Harmony/Stag-Hunt,C,3277,C
216,19,12,10,8,Harmony,C,3296,C
216,19,13,4,6,Stag-Hunt,C,3319,D
216,19,14,10,8,Harmony,C,3327,C
216,19,15,1,5,Stag-Hunt,D,3339,C
217,19,1,8,9,Harmony,D,3123,D
217,19,2,6,13,Snow Drift,D,3144,D
217,19,3,4,11,Prisoner's Dilemma,D,3153,D
217,19,4,7,6,Harmony,C,3177,C
217,19,5,6,11,Snow Drift,D,3190,C
217,19,6,4,13,Prisoner's Dilemma,D,3204,D
217,19,7,10,13,Snow Drift,C,3224,C
217,19,8,4,7,Stag-Hunt,D,3240,C
217,19,9,8,13,Snow Drift,C,3254,C
217,19,10,7,7,Harmony,C,3272,C
217,19,11,5,11,border Snow Drift/Prisoner's Dilemma,D,3274,C
217,19,12,9,9,Harmony,C,3302,C
217,19,13,3,5,Stag-Hunt,C,3311,D
217,19,14,1,6,Stag-Hunt,D,3336,D
217,19,15,1,5,Stag-Hunt,C,3338,D
218,19,1,3,8,Stag-Hunt,D,3125,C
218,19,2,10,13,Snow Drift,D,3143,D
218,19,3,2,11,Prisoner's Dilemma,D,3154,C
218,19,4,1,5,Stag-Hunt,D,3175,C
218,19,5,2,14,Prisoner's Dilemma,C,3186,D
218,19,6,7,12,Snow Drift,D,3209,D
218,19,7,6,5,Harmony,D,3217,C
218,19,8,9,5,Harmony,C,3238,C
218,19,9,2,14,Prisoner's Dilemma,C,3248,C
218,19,10,2,11,Prisoner's Dilemma,C,3269,D
218,19,11,9,5,Harmony,D,3278,C
218,19,12,10,10,border Harmony/Snow Drift,C,3300,C
218,19,13,4,6,Stag-Hunt,D,3318,C
218,19,14,0,8,Stag-Hunt,D,3324,C
218,19,15,6,14,Snow Drift,C,3342,D
219,19,1,7,13,Snow Drift,C,3128,D
219,19,2,6,13,Snow Drift,D,3145,D
219,19,3,2,11,Prisoner's Dilemma,C,3155,D
219,19,4,0,5,Stag-Hunt,D,3165,C
219,19,5,6,11,Snow Drift,C,3184,C
219,19,6,0,6,Stag-Hunt,D,3200,C
219,19,7,10,13,Snow Drift,C,3225,C
219,19,8,4,7,Stag-Hunt,C,3241,D
219,19,9,9,15,Snow Drift,C,3243,D
219,19,10,2,11,Prisoner's Dilemma,D,3268,C
219,19,11,8,15,Snow Drift,C,3286,D
219,19,12,2,15,Prisoner's Dilemma,C,3290,C
219,19,13,5,7,border Harmony/Stag-Hunt,C,3315,C
219,19,14,0,8,Stag-Hunt,C,3325,D
219,19,15,5,14,border Snow Drift/Prisoner's Dilemma,C,3340,D
220,19,1,10,14,Snow Drift,C,3127,D
220,19,2,4,15,Prisoner's Dilemma,D,3133,C
220,19,3,5,13,border Snow Drift/Prisoner's Dilemma,D,3158,D
220,19,4,2,14,Prisoner's Dilemma,C,3171,D
220,19,5,6,11,Snow Drift,C,3191,D
220,19,6,7,13,Snow Drift,D,3202,C
220,19,7,9,12,Snow Drift,D,3223,C
220,19,8,3,6,Stag-Hunt,C,3236,D
220,19,9,7,7,Harmony,C,3252,C
220,19,10,7,9,Harmony,C,3266,D
220,19,11,8,15,Snow Drift,D,3287,C
220,19,12,10,10,border Harmony/Snow Drift,C,3301,C
220,19,13,6,10,border Harmony/Snow Drift,D,3320,D
220,19,14,0,6,Stag-Hunt,C,3333,D
220,19,15,5,15,border Snow Drift/Prisoner's Dilemma,D,3346,D
221,19,1,3,8,Stag-Hunt,C,3124,D
221,19,2,4,13,Prisoner's Dilemma,C,3137,D
221,19,3,3,13,Prisoner's Dilemma,D,3160,D
221,19,4,3,15,Prisoner's Dilemma,D,3167,D
221,19,5,3,15,Prisoner's Dilemma,D,3193,D
221,19,6,0,6,Stag-Hunt,C,3201,D
221,19,7,9,11,Snow Drift,C,3218,D
221,19,8,2,11,Prisoner's Dilemma,D,3226,D
221,19,9,7,7,Harmony,C,3253,C
221,19,10,7,9,Harmony,C,3271,D
221,19,11,5,5,border Harmony/Stag-Hunt,C,3276,C
221,19,12,10,8,Harmony,C,3297,C
221,19,13,3,5,Stag-Hunt,D,3310,C
221,19,14,4,7,Stag-Hunt,D,3329,D
221,19,15,4,15,Prisoner's Dilemma,D,3353,D
222,19,1,8,9,Harmony,D,3122,D
222,19,2,4,13,Prisoner's Dilemma,D,3136,C
222,19,3,9,15,Snow Drift,D,3148,C
222,19,4,10,13,Snow Drift,D,3163,D
222,19,5,2,14,Prisoner's Dilemma,D,3187,C
222,19,6,4,13,Prisoner's Dilemma,D,3205,D
222,19,7,3,5,Stag-Hunt,C,3214,C
222,19,8,8,7,Harmony,C,3230,C
222,19,9,7,14,Snow Drift,D,3246,C
222,19,10,9,8,Harmony,C,3261,C
222,19,11,0,6,Stag-Hunt,D,3289,D
222,19,12,8,10,border Harmony/Snow Drift,D,3295,D
222,19,13,2,15,Prisoner's Dilemma,D,3317,C
222,19,14,0,6,Stag-Hunt,D,3332,C
222,19,15,8,13,Snow Drift,D,3348,C
223,19,1,4,7,Stag-Hunt,C,3121,C
223,19,2,4,15,Prisoner's Dilemma,C,3132,D
223,19,3,4,5,Stag-Hunt,D,3150,D
223,19,4,3,15,Prisoner's Dilemma,D,3166,D
223,19,5,7,15,Snow Drift,C,3181,D
223,19,6,2,6,Stag-Hunt,C,3198,D
223,19,7,3,15,Prisoner's Dilemma,D,3220,D
223,19,8,7,11,Snow Drift,C,3232,D
223,19,9,1,10,border Stag-Hunt/Prisoner's Dilemma,D,3257,D
223,19,10,7,7,Harmony,D,3264,C
223,19,11,10,14,Snow Drift,D,3285,C
223,19,12,10,11,Snow Drift,C,3298,C
223,19,13,4,13,Prisoner's Dilemma,C,3307,C
223,19,14,1,12,Prisoner's Dilemma,D,3323,C
223,19,15,5,14,border Snow Drift/Prisoner's Dilemma,D,3341,C
224,19,1,10,14,Snow Drift,D,3126,C
224,19,2,7,13,Snow Drift,D,3135,C
224,19,3,4,5,Stag-Hunt,D,3151,D
224,19,4,4,14,Prisoner's Dilemma,D,3168,D
224,19,5,3,15,Prisoner's Dilemma,D,3192,D
224,19,6,2,6,Stag-Hunt,D,3199,C
224,19,7,8,12,Snow Drift,D,3212,C
224,19,8,3,6,Stag-Hunt,D,3237,C
224,19,9,3,13,Prisoner's Dilemma,D,3244,C
224,19,10,7,9,Harmony,D,3270,C
224,19,11,2,14,Prisoner's Dilemma,D,3280,C
224,19,12,3,7,Stag-Hunt,D,3305,D
224,19,13,6,10,border Harmony/Snow Drift,D,3321,D
224,19,14,4,5,Stag-Hunt,D,3334,C
224,19,15,0,15,Prisoner's Dilemma,D,3345,D
225,19,1,3,14,Prisoner's Dilemma,D,3119,C
225,19,2,3,7,Stag-Hunt,D,3138,C
225,19,3,3,13,Prisoner's Dilemma,D,3161,D
225,19,4,4,14,Prisoner's Dilemma,D,3169,D
225,19,5,7,15,Snow Drift,D,3180,C
225,19,6,10,8,Harmony,C,3206,C
225,19,7,6,5,Harmony,C,3216,D
225,19,8,7,11,Snow Drift,D,3233,C
225,19,9,1,10,border Stag-Hunt/Prisoner's Dilemma,D,3256,D
225,19,10,0,13,Prisoner's Dilemma,D,3259,C
225,19,11,6,8,Harmony,D,3283,D
225,19,12,8,10,border Harmony/Snow Drift,D,3294,D
225,19,13,9,13,Snow Drift,D,3312,C
225,19,14,4,7,Stag-Hunt,D,3328,D
225,19,15,5,15,border Snow Drift/Prisoner's Dilemma,D,3347,D
226,19,1,3,14,Prisoner's Dilemma,C,3118,D
226,19,2,10,13,Snow Drift,D,3142,D
226,19,3,1,7,Stag-Hunt,D,3147,C
226,19,4,1,13,Prisoner's Dilemma,D,3173,D
226,19,5,1,15,Prisoner's Dilemma,D,3179,D
226,19,6,1,15,Prisoner's Dilemma,D,3194,D
226,19,7,3,15,Prisoner's Dilemma,D,3221,D
226,19,8,8,7,Harmony,C,3231,C
226,19,9,1,9,Stag-Hunt,D,3251,D
226,19,10,0,5,Stag-Hunt,C,3263,C
226,19,11,10,14,Snow Drift,C,3284,D
226,19,12,5,6,border Harmony/Stag-Hunt,C,3292,C
226,19,13,1,15,Prisoner's Dilemma,D,3308,D
226,19,14,1,6,Stag-Hunt,D,3337,D
226,19,15,0,15,Prisoner's Dilemma,D,3344,D
227,19,1,7,13,Snow Drift,D,3129,C
227,19,2,3,7,Stag-Hunt,C,3139,D
227,19,3,2,10,border Stag-Hunt/Prisoner's Dilemma,D,3157,C
227,19,4,1,13,Prisoner's Dilemma,D,3172,D
227,19,5,5,14,border Snow Drift/Prisoner's Dilemma,D,3183,C
227,19,6,7,12,Snow Drift,D,3208,D
227,19,7,9,11,Snow Drift,D,3219,C
227,19,8,8,6,Harmony,C,3235,C
227,19,9,1,9,Stag-Hunt,D,3250,D
227,19,10,7,9,Harmony,D,3267,C
227,19,11,2,14,Prisoner's Dilemma,C,3281,D
227,19,12,2,15,Prisoner's Dilemma,C,3291,C
227,19,13,4,13,Prisoner's Dilemma,C,3306,C
227,19,14,3,12,Prisoner's Dilemma,C,3330,D
227,19,15,7,15,Snow Drift,D,3350,C
228,20,1,0,14,Prisoner's Dilemma,C,3363,D
228,20,2,4,11,Prisoner's Dilemma,D,3379,D
228,20,3,10,6,Harmony,C,3387,C
228,20,4,0,12,Prisoner's Dilemma,D,3406,D
228,20,5,5,8,border Harmony/Stag-Hunt,D,Dummy,C
228,20,6,4,5,Stag-Hunt,C,3442,D
228,20,7,8,8,Harmony,C,3445,C
228,20,8,9,12,Snow Drift,D,3470,D
228,20,9,10,12,Snow Drift,D,3475,D
228,20,10,0,13,Prisoner's Dilemma,D,3491,D
228,20,11,3,10,border Stag-Hunt/Prisoner's Dilemma,D,3517,D
228,20,12,1,14,Prisoner's Dilemma,C,3523,D
228,20,13,1,5,Stag-Hunt,D,3543,D
228,20,14,5,7,border Harmony/Stag-Hunt,D,3555,C
229,20,1,4,7,Stag-Hunt,D,3364,D
229,20,2,3,9,Stag-Hunt,D,3373,C
229,20,3,5,6,border Harmony/Stag-Hunt,C,3396,C
229,20,4,9,14,Snow Drift,C,3400,C
229,20,5,5,7,border Harmony/Stag-Hunt,C,3425,C
229,20,6,0,13,Prisoner's Dilemma,D,3439,D
229,20,7,0,13,Prisoner's Dilemma,D,3447,D
229,20,8,10,7,Harmony,C,3464,C
229,20,9,8,8,Harmony,C,3481,C
229,20,10,8,12,Snow Drift,D,3489,D
229,20,11,0,8,Stag-Hunt,D,3511,D
229,20,12,1,14,Prisoner's Dilemma,D,3524,C
229,20,13,7,11,Snow Drift,D,Dummy,C
229,20,14,10,9,Harmony,C,3550,C
230,20,1,9,15,Snow Drift,C,3366,D
230,20,2,5,11,border Snow Drift/Prisoner's Dilemma,D,3369,C
230,20,3,0,7,Stag-Hunt,D,3389,D
230,20,4,10,12,Snow Drift,D,3411,C
230,20,5,4,9,Stag-Hunt,C,3414,D
230,20,6,2,14,Prisoner's Dilemma,D,3430,D
230,20,7,5,10,center of the TS plane,D,3455,D
230,20,8,7,9,Harmony,C,3471,D
230,20,9,10,13,Snow Drift,D,3482,C
230,20,10,10,13,Snow Drift,D,3493,D
230,20,11,8,9,Harmony,C,3515,C
230,20,12,0,5,Stag-Hunt,D,3531,C
230,20,13,2,10,border Stag-Hunt/Prisoner's Dilemma,D,3534,D
230,20,14,7,11,Snow Drift,D,3559,D
231,20,1,8,12,Snow Drift,D,3356,D
231,20,2,9,7,Harmony,C,Dummy,C
231,20,3,10,14,Snow Drift,D,3392,D
231,20,4,6,6,Harmony,D,3409,D
231,20,5,10,5,Harmony,C,3426,D
231,20,6,8,10,border Harmony/Snow Drift,C,3434,D
231,20,7,10,7,Harmony,C,3451,C
231,20,8,10,7,Harmony,C,3463,C
231,20,9,8,8,Harmony,C,3480,C
231,20,10,8,12,Snow Drift,D,3497,C
231,20,11,10,15,Snow Drift,C,Dummy,D
231,20,12,8,6,Harmony,C,3525,C
231,20,13,0,13,Prisoner's Dilemma,D,3540,D
231,20,14,0,10,border Stag-Hunt/Prisoner's Dilemma,D,3561,C
232,20,1,3,7,Stag-Hunt,D,3359,C
232,20,2,4,11,Prisoner's Dilemma,D,3380,D
232,20,3,0,7,Stag-Hunt,D,3388,D
232,20,4,6,14,Snow Drift,D,3404,D
232,20,5,6,9,Harmony,D,3422,D
232,20,6,2,14,Prisoner's Dilemma,D,3429,D
232,20,7,7,14,Snow Drift,C,3449,D
232,20,8,3,13,Prisoner's Dilemma,D,3466,C
232,20,9,0,8,Stag-Hunt,C,3487,C
232,20,10,8,14,Snow Drift,D,3496,D
232,20,11,6,12,Snow Drift,C,3507,D
232,20,12,1,13,Prisoner's Dilemma,D,Dummy,C
232,20,13,2,12,Prisoner's Dilemma,D,3547,D
232,20,14,0,10,border Stag-Hunt/Prisoner's Dilemma,C,3562,D
233,20,1,9,15,Snow Drift,D,3367,C
233,20,2,8,12,Snow Drift,C,3372,C
233,20,3,9,13,Snow Drift,C,Dummy,D
233,20,4,0,12,Prisoner's Dilemma,D,3405,D
233,20,5,5,6,border Harmony/Stag-Hunt,C,3416,C
233,20,6,7,7,Harmony,C,Dummy,C
233,20,7,8,8,Harmony,C,3444,C
233,20,8,9,12,Snow Drift,D,3469,D
233,20,9,10,13,Snow Drift,C,3483,D
233,20,10,10,13,Snow Drift,D,3494,D
233,20,11,1,11,Prisoner's Dilemma,,3504,D
233,20,12,1,11,Prisoner's Dilemma,,3522,D
233,20,13,7,11,Snow Drift,,3536,D
233,20,14,3,14,Prisoner's Dilemma,,3552,D
234,20,1,6,12,Snow Drift,C,3360,D
234,20,2,5,11,border Snow Drift/Prisoner's Dilemma,C,3370,D
234,20,3,10,14,Snow Drift,D,3393,D
234,20,4,3,14,Prisoner's Dilemma,C,3402,D
234,20,5,10,5,Harmony,D,3427,C
234,20,6,2,12,Prisoner's Dilemma,D,3435,D
234,20,7,8,8,Harmony,C,3453,C
234,20,8,2,14,Prisoner's Dilemma,D,Dummy,D
234,20,9,6,12,Snow Drift,C,3485,D
234,20,10,0,13,Prisoner's Dilemma,D,3492,D
234,20,11,3,10,border Stag-Hunt/Prisoner's Dilemma,D,3516,D
234,20,12,1,14,Prisoner's Dilemma,C,3520,C
234,20,13,3,15,Prisoner's Dilemma,D,Dummy,D
234,20,14,8,5,Harmony,C,3557,C
235,20,1,3,7,Stag-Hunt,C,3358,D
235,20,2,7,7,Harmony,C,3382,D
235,20,3,2,7,Stag-Hunt,C,3385,D
235,20,4,6,14,Snow Drift,D,3403,D
235,20,5,5,6,border Harmony/Stag-Hunt,C,3417,C
235,20,6,2,12,Prisoner's Dilemma,D,3436,D
235,20,7,8,8,Harmony,C,3452,C
235,20,8,8,6,Harmony,D,3459,C
235,20,9,6,9,Harmony,C,3479,D
235,20,10,3,9,Stag-Hunt,C,Dummy,D
235,20,11,0,8,Stag-Hunt,D,3510,D
235,20,12,1,14,Prisoner's Dilemma,C,3519,C
235,20,13,1,8,Stag-Hunt,D,3538,C
235,20,14,9,6,Harmony,D,3553,C
236,20,1,6,12,Snow Drift,D,3361,C
236,20,2,7,7,Harmony,D,3381,C
236,20,3,10,6,Harmony,C,3386,C
236,20,4,9,14,Snow Drift,C,3399,C
236,20,5,5,7,border Harmony/Stag-Hunt,C,3424,C
236,20,6,9,12,Snow Drift,C,3438,D
236,20,7,4,7,Stag-Hunt,C,Dummy,C
236,20,8,6,6,Harmony,C,3461,C
236,20,9,0,8,Stag-Hunt,C,3486,C
236,20,10,8,12,Snow Drift,D,3490,D
236,20,11,10,6,Harmony,C,3509,C
236,20,12,7,5,Harmony,C,3527,C
236,20,13,1,8,Stag-Hunt,C,3539,D
236,20,14,8,5,Harmony,C,3558,C
237,20,1,5,11,border Snow Drift/Prisoner's Dilemma,C,3355,C
237,20,2,2,6,Stag-Hunt,C,3378,C
237,20,3,2,7,Stag-Hunt,C,3391,D
237,20,4,6,6,Harmony,D,3410,D
237,20,5,4,9,Stag-Hunt,D,3415,C
237,20,6,9,12,Snow Drift,D,3437,C
237,20,7,10,7,Harmony,C,3450,C
237,20,8,8,6,Harmony,C,3460,D
237,20,9,6,9,Harmony,D,3478,C
237,20,10,0,11,Prisoner's Dilemma,D,3499,D
237,20,11,6,12,Snow Drift,D,3506,C
237,20,12,7,5,Harmony,C,3528,C
237,20,13,0,13,Prisoner's Dilemma,D,3541,D
237,20,14,4,8,Stag-Hunt,D,Dummy,C
238,20,1,6,14,Snow Drift,D,Dummy,C
238,20,2,8,12,Snow Drift,C,3371,C
238,20,3,2,7,Stag-Hunt,D,3390,C
238,20,4,10,12,Snow Drift,C,3412,D
238,20,5,3,6,Stag-Hunt,D,3421,C
238,20,6,9,10,border Harmony/Snow Drift,C,3432,C
238,20,7,8,12,Snow Drift,C,3457,D
238,20,8,6,9,Harmony,C,3467,C
238,20,9,9,7,Harmony,C,Dummy,D
238,20,10,8,12,Snow Drift,C,3498,D
238,20,11,1,11,Prisoner's Dilemma,D,Dummy,C
238,20,12,6,11,Snow Drift,C,3530,D
238,20,13,0,9,Stag-Hunt,D,3545,D
238,20,14,5,7,border Harmony/Stag-Hunt,C,3556,D
239,20,1,5,11,border Snow Drift/Prisoner's Dilemma,C,3354,C
239,20,2,2,6,Stag-Hunt,C,3377,C
239,20,3,10,7,Harmony,C,3395,C
239,20,4,8,8,Harmony,C,Dummy,D
239,20,5,9,11,Snow Drift,C,3419,D
239,20,6,9,10,border Harmony/Snow Drift,C,3431,C
239,20,7,8,12,Snow Drift,D,3456,C
239,20,8,6,6,Harmony,C,3462,C
239,20,9,6,12,Snow Drift,D,3484,C
239,20,10,8,14,Snow Drift,D,3502,D
239,20,11,8,9,Harmony,C,3514,C
239,20,12,6,11,Snow Drift,D,3529,C
239,20,13,0,9,Stag-Hunt,D,3544,D
239,20,14,10,9,Harmony,C,3549,C
240,20,1,8,12,Snow Drift,D,3357,D
240,20,2,1,10,border Stag-Hunt/Prisoner's Dilemma,D,3375,C
240,20,3,2,7,Stag-Hunt,D,3384,C
240,20,4,2,6,Stag-Hunt,D,3408,D
240,20,5,3,6,Stag-Hunt,C,3420,D
240,20,6,0,13,Prisoner's Dilemma,D,3440,D
240,20,7,5,10,center of the TS plane,D,3454,D
240,20,8,3,13,Prisoner's Dilemma,C,3465,D
240,20,9,3,9,Stag-Hunt,D,3477,C
240,20,10,8,14,Snow Drift,D,3501,D
240,20,11,7,11,Snow Drift,C,3512,D
240,20,12,8,6,Harmony,C,3526,C
240,20,13,2,12,Prisoner's Dilemma,D,3546,D
240,20,14,7,11,Snow Drift,D,3560,D
241,20,1,0,14,Prisoner's Dilemma,D,3362,C
241,20,2,1,10,border Stag-Hunt/Prisoner's Dilemma,C,3376,D
241,20,3,10,7,Harmony,C,3394,C
241,20,4,3,14,Prisoner's Dilemma,D,3401,C
241,20,5,6,9,Harmony,D,3423,D
241,20,6,8,10,border Harmony/Snow Drift,D,3433,C
241,20,7,0,13,Prisoner's Dilemma,D,3446,D
241,20,8,7,9,Harmony,D,3472,C
241,20,9,3,9,Stag-Hunt,C,3476,D
241,20,10,8,14,Snow Drift,D,3495,D
241,20,11,7,11,Snow Drift,D,3513,C
241,20,12,0,5,Stag-Hunt,C,3532,D
241,20,13,2,10,border Stag-Hunt/Prisoner's Dilemma,D,3535,D
241,20,14,3,14,Prisoner's Dilemma,D,Dummy,C
242,20,1,4,7,Stag-Hunt,D,3365,D
242,20,2,3,9,Stag-Hunt,C,3374,D
242,20,3,5,6,border Harmony/Stag-Hunt,C,3397,C
242,20,4,2,6,Stag-Hunt,D,3407,D
242,20,5,9,11,Snow Drift,D,3418,C
242,20,6,4,5,Stag-Hunt,D,3441,C
242,20,7,7,14,Snow Drift,D,3448,C
242,20,8,6,9,Harmony,C,3468,C
242,20,9,10,12,Snow Drift,D,3474,D
242,20,10,0,11,Prisoner's Dilemma,D,3500,D
242,20,11,10,6,Harmony,C,3508,C
242,20,12,1,11,Prisoner's Dilemma,D,Dummy,D
242,20,13,1,5,Stag-Hunt,D,3542,D
242,20,14,9,6,Harmony,C,3554,D
245,21,1,5,10,center of the TS plane,C,3572,D
245,21,2,8,8,Harmony,C,3590,C
245,21,3,4,12,Prisoner's Dilemma,D,3611,D
245,21,4,6,8,Harmony,D,3612,C
245,21,5,7,12,Snow Drift,D,3640,D
245,21,6,2,12,Prisoner's Dilemma,D,3655,D
245,21,7,7,6,Harmony,C,3663,D
245,21,8,7,10,border Harmony/Snow Drift,D,3684,D
245,21,9,6,14,Snow Drift,D,3699,D
245,21,10,5,14,border Snow Drift/Prisoner's Dilemma,D,3710,D
245,21,11,6,9,Harmony,D,Dummy,D
245,21,12,9,6,Harmony,C,3754,C
245,21,13,6,12,Snow Drift,D,3764,D
246,21,1,2,15,Prisoner's Dilemma,D,3579,C
246,21,2,9,13,Snow Drift,D,3593,D
246,21,3,8,11,Snow Drift,D,3608,D
246,21,4,6,8,Harmony,C,3613,D
246,21,5,10,5,Harmony,C,3631,C
246,21,6,3,5,Stag-Hunt,D,3652,C
246,21,7,0,7,Stag-Hunt,C,3661,D
246,21,8,10,7,Harmony,C,Dummy,D
246,21,9,1,7,Stag-Hunt,D,3695,D
246,21,10,1,11,Prisoner's Dilemma,D,3720,D
246,21,11,8,9,Harmony,C,3734,C
246,21,12,5,13,border Snow Drift/Prisoner's Dilemma,D,3742,D
246,21,13,7,12,Snow Drift,D,3766,D
247,21,1,9,15,Snow Drift,D,3564,C
247,21,2,9,9,Harmony,C,Dummy,C
247,21,3,8,11,Snow Drift,D,3609,D
247,21,4,10,10,border Harmony/Snow Drift,C,3617,C
247,21,5,7,12,Snow Drift,D,3641,D
247,21,6,2,12,Prisoner's Dilemma,D,3654,D
247,21,7,0,7,Stag-Hunt,D,3660,C
247,21,8,9,10,border Harmony/Snow Drift,D,3680,D
247,21,9,6,14,Snow Drift,D,3698,D
247,21,10,1,11,Prisoner's Dilemma,D,3721,D
247,21,11,9,12,Snow Drift,D,3738,C
247,21,12,9,6,Harmony,C,3745,C
247,21,13,3,6,Stag-Hunt,D,Dummy,C
248,21,1,5,9,border Harmony/Stag-Hunt,D,Dummy,C
248,21,2,2,7,Stag-Hunt,D,3585,C
248,21,3,0,14,Prisoner's Dilemma,D,3605,C
248,21,4,4,7,Stag-Hunt,D,3626,D
248,21,5,3,14,Prisoner's Dilemma,D,3632,D
248,21,6,4,9,Stag-Hunt,C,3651,D
248,21,7,2,14,Prisoner's Dilemma,D,3674,D
248,21,8,2,12,Prisoner's Dilemma,D,3682,D
248,21,9,9,10,border Harmony/Snow Drift,C,3701,C
248,21,10,4,14,Prisoner's Dilemma,C,3718,D
248,21,11,0,13,Prisoner's Dilemma,D,3733,D
248,21,12,0,10,border Stag-Hunt/Prisoner's Dilemma,D,3751,C
248,21,13,5,11,border Snow Drift/Prisoner's Dilemma,D,3756,D
249,21,1,8,10,border Harmony/Snow Drift,C,3576,C
249,21,2,1,12,Prisoner's Dilemma,D,3581,D
249,21,3,7,8,Harmony,C,3602,C
249,21,4,10,10,border Harmony/Snow Drift,C,3616,C
249,21,5,9,7,Harmony,C,3637,C
249,21,6,1,9,Stag-Hunt,C,3647,D
249,21,7,6,9,Harmony,D,3669,C
249,21,8,7,10,border Harmony/Snow Drift,D,3685,D
249,21,9,5,10,center of the TS plane,D,Dummy,C
249,21,10,2,7,Stag-Hunt,C,Dummy,C
249,21,11,8,6,Harmony,C,Dummy,C
249,21,12,5,13,border Snow Drift/Prisoner's Dilemma,D,3743,D
249,21,13,10,7,Harmony,C,Dummy,D
250,21,1,5,12,border Snow Drift/Prisoner's Dilemma,D,3570,D
250,21,2,8,10,border Harmony/Snow Drift,C,Dummy,C
250,21,3,9,15,Snow Drift,C,3598,D
250,21,4,3,15,Prisoner's Dilemma,D,Dummy,D
250,21,5,1,10,border Stag-Hunt/Prisoner's Dilemma,D,3628,D
250,21,6,4,8,Stag-Hunt,D,3644,D
250,21,7,0,7,Stag-Hunt,D,Dummy,D
250,21,8,8,8,Harmony,C,3688,C
250,21,9,3,11,Prisoner's Dilemma,D,3702,C
250,21,10,8,5,Harmony,C,3714,C
250,21,11,8,9,Harmony,C,3735,C
250,21,12,8,7,Harmony,C,3747,C
250,21,13,9,6,Harmony,C,3758,C
251,21,1,5,10,center of the TS plane,D,3573,C
251,21,2,2,8,Stag-Hunt,C,3587,D
251,21,3,5,11,border Snow Drift/Prisoner's Dilemma,D,3596,D
251,21,4,7,10,border Harmony/Snow Drift,D,3623,D
251,21,5,9,7,Harmony,C,3636,C
251,21,6,4,8,Stag-Hunt,D,3645,D
251,21,7,2,5,Stag-Hunt,D,Dummy,D
251,21,8,9,10,border Harmony/Snow Drift,D,3681,D
251,21,9,6,12,Snow Drift,D,Dummy,D
251,21,10,5,14,border Snow Drift/Prisoner's Dilemma,D,3711,D
251,21,11,6,15,Snow Drift,D,Dummy,D
251,21,12,0,14,Prisoner's Dilemma,C,Dummy,D
251,21,13,5,11,border Snow Drift/Prisoner's Dilemma,D,3757,D
252,21,1,8,10,border Harmony/Snow Drift,C,3577,C
252,21,2,2,7,Stag-Hunt,C,3584,D
252,21,3,0,14,Prisoner's Dilemma,C,3604,D
252,21,4,0,7,Stag-Hunt,D,3618,D
252,21,5,1,10,border Stag-Hunt/Prisoner's Dilemma,D,3629,D
252,21,6,3,5,Stag-Hunt,C,3653,D
252,21,7,2,14,Prisoner's Dilemma,D,3675,D
252,21,8,0,15,Prisoner's Dilemma,D,3686,D
252,21,9,3,11,Prisoner's Dilemma,C,3703,D
252,21,10,7,5,Harmony,C,3713,C
252,21,11,0,13,Prisoner's Dilemma,D,3732,D
252,21,12,9,6,Harmony,C,3755,C
252,21,13,9,6,Harmony,C,3759,C
253,21,1,3,9,Stag-Hunt,D,Dummy,C
253,21,2,1,12,Prisoner's Dilemma,D,3580,D
253,21,3,10,9,Harmony,C,Dummy,C
253,21,4,9,7,Harmony,C,Dummy,C
253,21,5,10,5,Harmony,C,3630,C
253,21,6,0,11,Prisoner's Dilemma,D,3659,D
253,21,7,6,9,Harmony,C,3668,D
253,21,8,2,12,Prisoner's Dilemma,D,3683,D
253,21,9,5,8,border Harmony/Stag-Hunt,C,Dummy,D
253,21,10,5,11,border Snow Drift/Prisoner's Dilemma,D,3716,D
253,21,11,0,5,Stag-Hunt,C,3731,D
253,21,12,8,7,Harmony,C,3746,C
253,21,13,7,12,Snow Drift,D,3767,D
254,21,1,5,12,border Snow Drift/Prisoner's Dilemma,D,3571,D
254,21,2,8,15,Snow Drift,C,Dummy,C
254,21,3,4,12,Prisoner's Dilemma,D,3610,D
254,21,4,7,10,border Harmony/Snow Drift,D,3622,D
254,21,5,7,14,Snow Drift,D,3635,D
254,21,6,0,11,Prisoner's Dilemma,D,3658,D
254,21,7,5,9,border Harmony/Stag-Hunt,C,3672,C
254,21,8,9,5,Harmony,C,Dummy,C
254,21,9,0,9,Stag-Hunt,D,3707,D
254,21,10,8,5,Harmony,C,3715,C
254,21,11,9,12,Snow Drift,C,3739,D
254,21,12,0,6,Stag-Hunt,C,Dummy,D
254,21,13,6,9,Harmony,C,Dummy,C
255,21,1,9,15,Snow Drift,C,3565,D
255,21,2,8,15,Snow Drift,C,3595,C
255,21,3,5,11,border Snow Drift/Prisoner's Dilemma,D,3597,D
255,21,4,4,7,Stag-Hunt,D,3627,D
255,21,5,7,7,Harmony,C,Dummy,D
255,21,6,0,13,Prisoner's Dilemma,D,Dummy,C
255,21,7,0,7,Stag-Hunt,C,3665,D
255,21,8,1,15,Prisoner's Dilemma,C,3677,C
255,21,9,9,10,border Harmony/Snow Drift,C,3700,C
255,21,10,5,11,border Snow Drift/Prisoner's Dilemma,D,3717,D
255,21,11,0,5,Stag-Hunt,D,3730,C
255,21,12,0,10,border Stag-Hunt/Prisoner's Dilemma,C,3750,D
255,21,13,9,14,Snow Drift,C,3760,D
256,21,1,7,8,Harmony,D,3567,D
256,21,2,8,8,Harmony,C,3591,C
256,21,3,9,15,Snow Drift,D,3599,C
256,21,4,0,7,Stag-Hunt,D,3619,D
256,21,5,7,14,Snow Drift,D,3634,D
256,21,6,4,9,Stag-Hunt,D,3650,C
256,21,7,8,9,Harmony,C,Dummy,D
256,21,8,0,15,Prisoner's Dilemma,D,3687,D
256,21,9,1,7,Stag-Hunt,D,3694,D
256,21,10,4,14,Prisoner's Dilemma,D,3719,C
256,21,11,7,11,Snow Drift,D,3724,C
256,21,12,9,6,Harmony,C,3744,C
256,21,13,6,12,Snow Drift,D,3765,D
257,21,1,7,8,Harmony,D,3566,D
257,21,2,2,8,Stag-Hunt,D,3586,C
257,21,3,10,9,Harmony,C,Dummy,D
257,21,4,2,15,Prisoner's Dilemma,D,3624,D
257,21,5,7,8,Harmony,C,Dummy,C
257,21,6,10,7,Harmony,C,Dummy,D
257,21,7,7,6,Harmony,D,3662,C
257,21,8,1,15,Prisoner's Dilemma,C,3676,C
257,21,9,5,10,center of the TS plane,,3692,D
257,21,10,8,14,Snow Drift,,3723,
257,21,11,8,6,Harmony,,3729,C
257,21,12,0,6,Stag-Hunt,,3749,C
257,21,13,10,7,Harmony,,3769,C
258,21,1,2,15,Prisoner's Dilemma,C,3578,D
258,21,2,9,13,Snow Drift,D,3592,D
258,21,3,7,8,Harmony,C,3603,C
258,21,4,2,15,Prisoner's Dilemma,D,3625,D
258,21,5,3,14,Prisoner's Dilemma,D,3633,D
258,21,6,1,9,Stag-Hunt,D,3646,C
258,21,7,5,9,border Harmony/Stag-Hunt,C,3673,C
258,21,8,8,8,Harmony,C,3689,C
258,21,9,0,9,Stag-Hunt,D,3706,D
258,21,10,7,5,Harmony,C,3712,C
258,21,11,7,11,Snow Drift,C,3725,D
258,21,12,10,14,Snow Drift,C,Dummy,C
258,21,13,9,14,Snow Drift,D,3761,C
259,22,1,4,10,border Stag-Hunt/Prisoner's Dilemma,C,3773,C
259,22,2,6,6,Harmony,C,Dummy,C
259,22,3,4,9,Stag-Hunt,D,3797,D
259,22,4,1,10,border Stag-Hunt/Prisoner's Dilemma,D,3803,C
259,22,5,9,15,Snow Drift,C,Dummy,D
259,22,6,3,9,Stag-Hunt,D,3821,C
259,22,7,8,7,Harmony,C,3826,C
259,22,8,3,11,Prisoner's Dilemma,D,Dummy,D
259,22,9,8,12,Snow Drift,D,3851,C
259,22,10,9,11,Snow Drift,D,Dummy,C
259,22,11,10,10,border Harmony/Snow Drift,C,3862,C
259,22,12,8,15,Snow Drift,D,Dummy,C
259,22,13,5,14,border Snow Drift/Prisoner's Dilemma,D,Dummy,C
259,22,14,5,11,border Snow Drift/Prisoner's Dilemma,D,3895,D
261,22,1,4,10,border Stag-Hunt/Prisoner's Dilemma,C,3772,C
261,22,2,5,7,border Harmony/Stag-Hunt,C,3781,C
261,22,3,6,8,Harmony,C,Dummy,C
261,22,4,2,13,Prisoner's Dilemma,C,Dummy,C
261,22,5,10,12,Snow Drift,C,3809,C
261,22,6,3,9,Stag-Hunt,C,3822,D
261,22,7,9,12,Snow Drift,C,3830,D
261,22,8,10,6,Harmony,C,3842,C
261,22,9,7,5,Harmony,C,3846,C
261,22,10,10,12,Snow Drift,C,3854,D
261,22,11,10,10,border Harmony/Snow Drift,C,3863,C
261,22,12,7,12,Snow Drift,C,3873,D
261,22,13,9,11,Snow Drift,C,Dummy,D
261,22,14,5,11,border Snow Drift/Prisoner's Dilemma,D,3889,D
263,42,1,4,9,Stag-Hunt,D,7987,D
263,42,2,5,6,border Harmony/Stag-Hunt,C,8007,C
263,42,3,8,15,Snow Drift,D,8035,C
263,42,4,5,6,border Harmony/Stag-Hunt,D,8043,C
263,42,5,9,10,border Harmony/Snow Drift,D,8073,C
263,42,6,4,12,Prisoner's Dilemma,D,8086,C
263,42,7,4,13,Prisoner's Dilemma,D,Dummy,C
263,42,8,8,10,border Harmony/Snow Drift,D,8130,C
263,42,9,2,14,Prisoner's Dilemma,D,8147,D
263,42,10,3,9,Stag-Hunt,D,Dummy,D
263,42,11,1,7,Stag-Hunt,D,8190,D
263,42,12,6,15,Snow Drift,D,8203,C
263,42,13,3,6,Stag-Hunt,D,8228,C
263,42,14,2,5,Stag-Hunt,D,8247,C
263,42,15,0,14,Prisoner's Dilemma,D,8267,C
263,42,16,0,9,Stag-Hunt,D,8286,D
266,22,1,8,9,Harmony,C,Dummy,D
266,22,2,4,9,Stag-Hunt,D,3788,C
266,22,3,4,9,Stag-Hunt,D,3796,D
266,22,4,2,12,Prisoner's Dilemma,D,3800,D
266,22,5,9,6,Harmony,C,Dummy,C
266,22,6,8,8,Harmony,C,Dummy,D
266,22,7,0,12,Prisoner's Dilemma,D,Dummy,D
266,22,8,6,12,Snow Drift,D,3839,D
266,22,9,8,7,Harmony,C,3849,C
266,22,10,7,8,Harmony,D,3858,C
266,22,11,1,8,Stag-Hunt,D,3864,C
266,22,12,3,5,Stag-Hunt,C,3872,C
266,22,13,2,13,Prisoner's Dilemma,D,3881,D
266,22,14,5,11,border Snow Drift/Prisoner's Dilemma,D,3890,D
270,42,1,4,9,Stag-Hunt,D,7986,D
270,42,2,10,11,Snow Drift,C,8017,D
270,42,3,2,8,Stag-Hunt,D,8024,C
270,42,4,6,13,Snow Drift,D,8056,D
270,42,5,7,14,Snow Drift,D,8063,D
270,42,6,0,13,Prisoner's Dilemma,D,8087,D
270,42,7,2,6,Stag-Hunt,D,8109,C
270,42,8,10,6,Harmony,C,8126,C
270,42,9,10,14,Snow Drift,C,8152,C
270,42,10,10,15,Snow Drift,C,8163,D
270,42,11,3,14,Prisoner's Dilemma,D,8176,D
270,42,12,0,14,Prisoner's Dilemma,D,8207,D
270,42,13,0,13,Prisoner's Dilemma,D,8220,D
270,42,14,2,10,border Stag-Hunt/Prisoner's Dilemma,D,8233,C
270,42,15,3,13,Prisoner's Dilemma,D,8262,D
270,42,16,0,9,Stag-Hunt,C,8284,C
272,22,1,10,5,Harmony,C,Dummy,D
272,22,2,4,9,Stag-Hunt,C,3787,D
272,22,3,0,13,Prisoner's Dilemma,C,Dummy,C
272,22,4,2,12,Prisoner's Dilemma,D,3799,D
272,22,5,10,12,Snow Drift,C,3808,C
272,22,6,2,6,Stag-Hunt,D,3818,D
272,22,7,6,11,Snow Drift,C,3829,C
272,22,8,10,6,Harmony,C,3841,C
272,22,9,4,5,Stag-Hunt,C,Dummy,C
272,22,10,7,8,Harmony,C,3857,D
272,22,11,1,8,Stag-Hunt,C,3865,D
272,22,12,3,5,Stag-Hunt,C,3871,C
272,22,13,2,13,Prisoner's Dilemma,D,3880,D
272,22,14,5,10,center of the TS plane,C,3892,D
275,22,1,9,5,Harmony,C,3778,C
275,22,2,5,7,border Harmony/Stag-Hunt,C,3782,C
275,22,3,2,13,Prisoner's Dilemma,D,3793,C
275,22,4,10,12,Snow Drift,D,Dummy,C
275,22,5,8,5,Harmony,C,Dummy,D
275,22,6,7,6,Harmony,C,Dummy,D
275,22,7,9,12,Snow Drift,D,3831,C
275,22,8,7,12,Snow Drift,D,3837,D
275,22,9,8,7,Harmony,C,3848,C
275,22,10,10,12,Snow Drift,D,3853,C
275,22,11,9,10,border Harmony/Snow Drift,C,Dummy,C
275,22,12,0,6,Stag-Hunt,D,Dummy,C
275,22,13,8,13,Snow Drift,D,3885,D
275,22,14,5,10,center of the TS plane,D,Dummy,D
276,22,1,3,5,Stag-Hunt,C,Dummy,C
276,22,2,2,11,Prisoner's Dilemma,C,3786,C
276,22,3,2,15,Prisoner's Dilemma,D,Dummy,D
276,22,4,1,10,border Stag-Hunt/Prisoner's Dilemma,C,3804,D
276,22,5,1,15,Prisoner's Dilemma,D,3811,C
276,22,6,2,6,Stag-Hunt,D,3817,D
276,22,7,8,7,Harmony,C,3827,C
276,22,8,6,12,Snow Drift,D,3840,D
276,22,9,7,5,Harmony,C,3847,C
276,22,10,4,7,Stag-Hunt,D,Dummy,D
276,22,11,1,13,Prisoner's Dilemma,D,Dummy,D
276,22,12,7,12,Snow Drift,D,3874,C
276,22,13,8,13,Snow Drift,D,3884,D
276,22,14,5,10,center of the TS plane,D,3891,C
277,22,1,9,5,Harmony,C,3779,C
277,22,2,2,11,Prisoner's Dilemma,C,Dummy,C
277,22,3,2,13,Prisoner's Dilemma,C,3792,D
277,22,4,3,5,Stag-Hunt,D,Dummy,C
277,22,5,1,15,Prisoner's Dilemma,C,3810,D
277,22,6,4,5,Stag-Hunt,C,Dummy,C
277,22,7,6,11,Snow Drift,C,3828,C
277,22,8,7,12,Snow Drift,D,3838,D
277,22,9,8,12,Snow Drift,C,3850,D
277,22,10,7,12,Snow Drift,D,Dummy,C
277,22,11,2,6,Stag-Hunt,C,Dummy,D
277,22,12,2,15,Prisoner's Dilemma,C,Dummy,D
277,22,13,9,5,Harmony,C,Dummy,D
277,22,14,5,11,border Snow Drift/Prisoner's Dilemma,D,3896,D
278,23,1,9,15,Snow Drift,C,3899,C
278,23,2,5,5,border Harmony/Stag-Hunt,C,3918,C
278,23,3,3,7,Stag-Hunt,D,3931,D
278,23,4,1,15,Prisoner's Dilemma,D,Dummy,C
278,23,5,9,15,Snow Drift,D,3951,D
278,23,6,1,8,Stag-Hunt,D,Dummy,C
278,23,7,10,5,Harmony,D,3981,C
278,23,8,5,15,border Snow Drift/Prisoner's Dilemma,D,3992,D
278,23,9,7,10,border Harmony/Snow Drift,C,4002,D
278,23,10,2,15,Prisoner's Dilemma,D,4026,C
278,23,11,6,14,Snow Drift,D,4037,C
278,23,12,7,9,Harmony,D,Dummy,D
278,23,13,6,5,Harmony,C,4062,C
279,23,1,10,7,Harmony,C,3902,C
279,23,2,0,12,Prisoner's Dilemma,D,3914,D
279,23,3,4,9,Stag-Hunt,D,3929,D
279,23,4,10,15,Snow Drift,C,3947,D
279,23,5,7,10,border Harmony/Snow Drift,D,Dummy,C
279,23,6,8,15,Snow Drift,D,3974,C
279,23,7,10,5,Harmony,C,3980,D
279,23,8,2,5,Stag-Hunt,D,Dummy,D
279,23,9,7,11,Snow Drift,D,4006,D
279,23,10,9,10,border Harmony/Snow Drift,C,4016,C
279,23,11,3,12,Prisoner's Dilemma,D,Dummy,D
279,23,12,0,11,Prisoner's Dilemma,D,4048,D
279,23,13,10,13,Snow Drift,D,4054,D
280,23,1,9,15,Snow Drift,C,3898,C
280,23,2,8,11,Snow Drift,C,3919,D
280,23,3,0,5,Stag-Hunt,C,3935,D
280,23,4,9,14,Snow Drift,D,3940,C
280,23,5,9,12,Snow Drift,C,3955,D
280,23,6,7,11,Snow Drift,C,3964,D
280,23,7,1,15,Prisoner's Dilemma,C,3985,D
280,23,8,5,10,center of the TS plane,C,3999,D
280,23,9,5,5,border Harmony/Stag-Hunt,C,4005,C
280,23,10,3,7,Stag-Hunt,C,4017,D
280,23,11,6,7,Harmony,C,Dummy,C
280,23,12,9,9,Harmony,C,4052,C
280,23,13,2,6,Stag-Hunt,C,4061,D
281,23,1,2,8,Stag-Hunt,D,3907,C
281,23,2,10,8,Harmony,C,3916,C
281,23,3,3,15,Prisoner's Dilemma,D,Dummy,C
281,23,4,4,6,Stag-Hunt,D,3944,D
281,23,5,9,12,Snow Drift,D,3954,C
281,23,6,5,13,border Snow Drift/Prisoner's Dilemma,D,3969,C
281,23,7,8,10,border Harmony/Snow Drift,,3977,C
281,23,8,1,15,Prisoner's Dilemma,D,3989,C
281,23,9,5,9,border Harmony/Stag-Hunt,D,4012,D
281,23,10,2,5,Stag-Hunt,D,4023,D
281,23,11,6,10,border Harmony/Snow Drift,D,4033,C
281,23,12,4,12,Prisoner's Dilemma,D,4046,D
281,23,13,0,9,Stag-Hunt,C,Dummy,C
282,23,1,7,12,Snow Drift,D,Dummy,D
282,23,2,9,13,Snow Drift,D,3911,C
282,23,3,4,14,Prisoner's Dilemma,D,3926,C
282,23,4,10,15,Snow Drift,D,3948,C
282,23,5,1,14,Prisoner's Dilemma,D,3952,D
282,23,6,7,7,Harmony,C,3965,C
282,23,7,1,11,Prisoner's Dilemma,D,3982,C
282,23,8,5,10,center of the TS plane,D,4000,C
282,23,9,2,8,Stag-Hunt,D,4009,D
282,23,10,2,5,Stag-Hunt,D,4024,D
282,23,11,10,8,Harmony,C,4029,C
282,23,12,3,8,Stag-Hunt,D,4042,D
282,23,13,10,13,Snow Drift,D,4055,D
283,23,1,7,11,Snow Drift,D,3905,C
283,23,2,0,10,border Stag-Hunt/Prisoner's Dilemma,D,Dummy,C
283,23,3,5,10,center of the TS plane,C,3924,D
283,23,4,4,6,Stag-Hunt,D,3943,D
283,23,5,4,13,Prisoner's Dilemma,D,3959,C
283,23,6,2,11,Prisoner's Dilemma,D,3971,C
283,23,7,8,10,border Harmony/Snow Drift,C,Dummy,D
283,23,8,6,14,Snow Drift,D,3993,D
283,23,9,7,11,Snow Drift,D,4010,D
283,23,10,4,6,Stag-Hunt,D,Dummy,D
283,23,11,4,7,Stag-Hunt,D,4035,D
283,23,12,0,14,Prisoner's Dilemma,C,4043,D
283,23,13,2,6,Stag-Hunt,D,4060,C
284,23,1,5,6,border Harmony/Stag-Hunt,D,3909,C
284,23,2,10,8,Harmony,C,3915,C
284,23,3,7,9,Harmony,C,3932,D
284,23,4,6,12,Snow Drift,C,3945,D
284,23,5,1,13,Prisoner's Dilemma,D,3956,D
284,23,6,8,15,Snow Drift,C,3973,D
284,23,7,7,10,border Harmony/Snow Drift,D,3978,C
284,23,8,6,14,Snow Drift,D,3994,D
284,23,9,7,11,Snow Drift,D,4007,D
284,23,10,3,7,Stag-Hunt,D,4018,C
284,23,11,6,14,Snow Drift,C,4036,D
284,23,12,4,12,Prisoner's Dilemma,D,4045,D
284,23,13,6,5,Harmony,C,4063,C
285,23,1,2,8,Stag-Hunt,C,3906,D
285,23,2,9,13,Snow Drift,C,3912,D
285,23,3,5,10,center of the TS plane,D,3925,C
285,23,4,6,12,Snow Drift,D,3946,C
285,23,5,6,13,Snow Drift,C,3961,C
285,23,6,7,7,Harmony,C,3966,C
285,23,7,1,11,Prisoner's Dilemma,C,3983,D
285,23,8,1,7,Stag-Hunt,D,3995,C
285,23,9,0,9,Stag-Hunt,D,Dummy,C
285,23,10,9,10,border Harmony/Snow Drift,C,4015,C
285,23,11,6,10,border Harmony/Snow Drift,C,4032,D
285,23,12,8,15,Snow Drift,C,Dummy,C
285,23,13,9,14,Snow Drift,C,4065,D
286,23,1,10,7,Harmony,C,3903,C
286,23,2,8,10,border Harmony/Snow Drift,D,3921,C
286,23,3,0,5,Stag-Hunt,D,3934,C
286,23,4,2,15,Prisoner's Dilemma,D,3941,D
286,23,5,9,15,Snow Drift,D,3950,D
286,23,6,1,9,Stag-Hunt,C,3968,D
286,23,7,1,15,Prisoner's Dilemma,D,3984,C
286,23,8,1,7,Stag-Hunt,C,3996,D
286,23,9,5,5,border Harmony/Stag-Hunt,C,4004,C
286,23,10,2,11,Prisoner's Dilemma,D,4020,D
286,23,11,8,5,Harmony,D,4038,C
286,23,12,0,14,Prisoner's Dilemma,D,4044,C
286,23,13,3,10,border Stag-Hunt/Prisoner's Dilemma,D,Dummy,C
287,23,1,7,11,Snow Drift,C,3904,D
287,23,2,0,12,Prisoner's Dilemma,D,3913,D
287,23,3,4,9,Stag-Hunt,D,3928,D
287,23,4,8,6,Harmony,C,3937,C
287,23,5,6,13,Snow Drift,C,3960,C
287,23,6,5,13,border Snow Drift/Prisoner's Dilemma,C,3970,D
287,23,7,7,10,border Harmony/Snow Drift,C,3979,D
287,23,8,3,5,Stag-Hunt,C,3997,D
287,23,9,5,9,border Harmony/Stag-Hunt,D,4013,D
287,23,10,2,15,Prisoner's Dilemma,C,4025,D
287,23,11,4,7,Stag-Hunt,D,4034,D
287,23,12,0,11,Prisoner's Dilemma,D,4047,D
287,23,13,1,9,Stag-Hunt,D,4059,D
288,23,1,5,6,border Harmony/Stag-Hunt,C,3908,D
288,23,2,8,10,border Harmony/Snow Drift,C,3922,D
288,23,3,7,9,Harmony,D,3933,C
288,23,4,9,14,Snow Drift,C,3939,D
288,23,5,4,13,Prisoner's Dilemma,C,3958,D
288,23,6,7,11,Snow Drift,D,3963,C
288,23,7,7,15,Snow Drift,C,3987,D
288,23,8,1,15,Prisoner's Dilemma,C,3990,D
288,23,9,7,11,Snow Drift,D,4011,D
288,23,10,2,11,Prisoner's Dilemma,D,4019,D
288,23,11,10,8,Harmony,C,4028,C
288,23,12,9,9,Harmony,C,4051,C
288,23,13,1,9,Stag-Hunt,D,4058,D
289,23,1,5,12,border Snow Drift/Prisoner's Dilemma,D,3901,C
289,23,2,8,11,Snow Drift,D,3920,C
289,23,3,3,7,Stag-Hunt,D,3930,D
289,23,4,8,6,Harmony,C,3938,C
289,23,5,1,14,Prisoner's Dilemma,D,3953,D
289,23,6,2,11,Prisoner's Dilemma,C,3972,D
289,23,7,7,15,Snow Drift,D,3986,C
289,23,8,5,15,border Snow Drift/Prisoner's Dilemma,D,3991,D
289,23,9,7,10,border Harmony/Snow Drift,D,4003,C
289,23,10,0,12,Prisoner's Dilemma,D,4022,D
289,23,11,8,5,Harmony,C,4039,D
289,23,12,3,8,Stag-Hunt,D,4041,D
289,23,13,9,14,Snow Drift,D,4064,C
290,23,1,5,12,border Snow Drift/Prisoner's Dilemma,C,3900,D
290,23,2,5,5,border Harmony/Stag-Hunt,C,3917,C
290,23,3,4,14,Prisoner's Dilemma,C,3927,D
290,23,4,2,15,Prisoner's Dilemma,D,3942,D
290,23,5,1,13,Prisoner's Dilemma,D,3957,D
290,23,6,1,9,Stag-Hunt,D,3967,C
290,23,7,10,12,Snow Drift,D,Dummy,D
290,23,8,3,5,Stag-Hunt,D,3998,C
290,23,9,2,8,Stag-Hunt,D,4008,D
290,23,10,0,12,Prisoner's Dilemma,D,4021,D
290,23,11,3,12,Prisoner's Dilemma,,4031,D
290,23,12,8,15,Snow Drift,,4049,C
290,23,13,0,9,Stag-Hunt,,4056,C
291,24,1,2,6,Stag-Hunt,D,4081,D
291,24,2,3,10,border Stag-Hunt/Prisoner's Dilemma,C,4089,D
291,24,3,4,12,Prisoner's Dilemma,D,4110,C
291,24,4,3,13,Prisoner's Dilemma,D,Dummy,D
291,24,5,1,12,Prisoner's Dilemma,D,4146,D
291,24,6,4,12,Prisoner's Dilemma,D,4166,C
291,24,7,7,6,Harmony,C,4181,C
291,24,8,4,14,Prisoner's Dilemma,D,4194,D
291,24,9,0,5,Stag-Hunt,D,Dummy,C
291,24,10,3,8,Stag-Hunt,D,4229,C
291,24,11,6,5,Harmony,C,4239,C
291,24,12,8,11,Snow Drift,D,4258,C
291,24,13,3,12,Prisoner's Dilemma,D,4278,D
292,24,1,3,5,Stag-Hunt,C,4067,C
292,24,2,10,10,border Harmony/Snow Drift,C,4087,C
292,24,3,9,12,Snow Drift,C,4107,C
292,24,4,1,5,Stag-Hunt,D,4132,D
292,24,5,0,13,Prisoner's Dilemma,D,4147,C
292,24,6,10,12,Snow Drift,C,4164,D
292,24,7,10,8,Harmony,C,Dummy,C
292,24,8,6,14,Snow Drift,D,4191,D
292,24,9,7,11,Snow Drift,C,4214,D
292,24,10,2,13,Prisoner's Dilemma,D,4235,C
292,24,11,4,7,Stag-Hunt,C,4243,C
292,24,12,0,6,Stag-Hunt,D,4256,D
292,24,13,3,12,Prisoner's Dilemma,D,4277,D
293,24,1,7,12,Snow Drift,D,4077,D
293,24,2,6,9,Harmony,D,4084,C
293,24,3,3,13,Prisoner's Dilemma,D,4111,C
293,24,4,10,8,Harmony,C,4130,C
293,24,5,9,5,Harmony,C,4137,C
293,24,6,10,5,Harmony,C,4159,C
293,24,7,2,15,Prisoner's Dilemma,D,4180,D
293,24,8,9,9,Harmony,D,4200,C
293,24,9,3,9,Stag-Hunt,D,4209,C
293,24,10,5,9,border Harmony/Stag-Hunt,D,4221,C
293,24,11,2,13,Prisoner's Dilemma,D,4241,D
293,24,12,9,6,Harmony,C,4262,C
293,24,13,3,6,Stag-Hunt,D,4281,C
294,24,1,7,8,Harmony,C,4080,C
294,24,2,3,8,Stag-Hunt,C,4094,D
294,24,3,4,7,Stag-Hunt,C,4114,D
294,24,4,1,8,Stag-Hunt,D,4124,D
294,24,5,2,11,Prisoner's Dilemma,D,4136,D
294,24,6,5,6,border Harmony/Stag-Hunt,C,4154,D
294,24,7,10,8,Harmony,C,4175,D
294,24,8,7,9,Harmony,D,4197,D
294,24,9,5,15,border Snow Drift/Prisoner's Dilemma,D,4207,D
294,24,10,5,9,border Harmony/Stag-Hunt,C,4220,D
294,24,11,3,5,Stag-Hunt,C,4238,C
294,24,12,0,10,border Stag-Hunt/Prisoner's Dilemma,C,4265,C
294,24,13,1,13,Prisoner's Dilemma,D,4283,D
295,24,1,2,6,Stag-Hunt,D,4082,D
295,24,2,9,6,Harmony,C,4091,C
295,24,3,6,9,Harmony,C,4101,C
295,24,4,3,13,Prisoner's Dilemma,D,4128,D
295,24,5,5,6,border Harmony/Stag-Hunt,C,4142,C
295,24,6,8,7,Harmony,C,Dummy,C
295,24,7,5,12,border Snow Drift/Prisoner's Dilemma,C,4173,D
295,24,8,1,12,Prisoner's Dilemma,D,Dummy,D
295,24,9,4,10,border Stag-Hunt/Prisoner's Dilemma,C,4205,D
295,24,10,3,8,Stag-Hunt,C,4228,D
295,24,11,10,6,Harmony,C,4251,C
295,24,12,9,6,Harmony,C,4263,C
295,24,13,8,10,border Harmony/Snow Drift,C,4272,D
296,24,1,6,7,Harmony,C,4076,C
296,24,2,10,10,border Harmony/Snow Drift,C,4086,C
296,24,3,5,10,center of the TS plane,D,4115,C
296,24,4,0,7,Stag-Hunt,D,4121,D
296,24,5,6,7,Harmony,C,4140,D
296,24,6,10,5,Harmony,C,4158,C
296,24,7,6,11,Snow Drift,D,4183,D
296,24,8,1,7,Stag-Hunt,D,4199,D
296,24,9,0,6,Stag-Hunt,D,4203,D
296,24,10,4,6,Stag-Hunt,D,4222,C
296,24,11,3,5,Stag-Hunt,D,4245,C
296,24,12,2,9,Stag-Hunt,D,Dummy,C
296,24,13,8,10,border Harmony/Snow Drift,D,4271,C
297,24,1,7,8,Harmony,C,4079,C
297,24,2,7,15,Snow Drift,C,Dummy,C
297,24,3,3,8,Stag-Hunt,C,4104,C
297,24,4,1,5,Stag-Hunt,D,4133,D
297,24,5,0,13,Prisoner's Dilemma,C,4148,D
297,24,6,4,12,Prisoner's Dilemma,C,4167,D
297,24,7,5,12,border Snow Drift/Prisoner's Dilemma,D,4174,C
297,24,8,2,10,border Stag-Hunt/Prisoner's Dilemma,D,4192,D
297,24,9,8,13,Snow Drift,D,4218,D
297,24,10,8,10,border Harmony/Snow Drift,C,4230,C
297,24,11,4,7,Stag-Hunt,C,4244,C
297,24,12,8,13,Snow Drift,D,4268,D
297,24,13,3,6,Stag-Hunt,C,4282,D
298,24,1,3,5,Stag-Hunt,C,4068,C
298,24,2,6,9,Harmony,C,4085,D
298,24,3,0,10,border Stag-Hunt/Prisoner's Dilemma,D,4105,D
298,24,4,3,5,Stag-Hunt,C,4123,C
298,24,5,2,11,Prisoner's Dilemma,D,4135,D
298,24,6,2,6,Stag-Hunt,D,4157,C
298,24,7,10,8,Harmony,D,4176,C
298,24,8,9,9,Harmony,C,4201,D
298,24,9,3,9,Stag-Hunt,C,4210,D
298,24,10,9,13,Snow Drift,D,Dummy,D
298,24,11,10,6,Harmony,C,4252,C
298,24,12,8,13,Snow Drift,D,4269,D
298,24,13,9,10,border Harmony/Snow Drift,C,4274,D
299,24,1,2,11,Prisoner's Dilemma,D,4072,C
299,24,2,3,9,Stag-Hunt,D,4098,D
299,24,3,0,10,border Stag-Hunt/Prisoner's Dilemma,D,4106,D
299,24,4,3,5,Stag-Hunt,C,4122,C
299,24,5,5,10,center of the TS plane,C,4143,D
299,24,6,4,15,Prisoner's Dilemma,D,4162,D
299,24,7,7,6,Harmony,C,4182,C
299,24,8,0,5,Stag-Hunt,C,4189,D
299,24,9,4,12,Prisoner's Dilemma,C,4216,D
299,24,10,8,10,border Harmony/Snow Drift,C,4231,C
299,24,11,6,12,Snow Drift,C,4248,D
299,24,12,0,10,border Stag-Hunt/Prisoner's Dilemma,C,4264,C
299,24,13,8,9,Harmony,C,Dummy,D
300,24,1,0,8,Stag-Hunt,C,4073,C
300,24,2,3,10,border Stag-Hunt/Prisoner's Dilemma,D,4088,C
300,24,3,0,6,Stag-Hunt,D,Dummy,D
300,24,4,0,7,Stag-Hunt,D,4120,D
300,24,5,1,12,Prisoner's Dilemma,D,4145,D
300,24,6,5,6,border Harmony/Stag-Hunt,D,4155,C
300,24,7,2,13,Prisoner's Dilemma,D,4171,D
300,24,8,2,10,border Stag-Hunt/Prisoner's Dilemma,D,4193,D
300,24,9,7,11,Snow Drift,D,4213,C
300,24,10,8,5,Harmony,C,4225,C
300,24,11,6,12,Snow Drift,D,4247,C
300,24,12,0,6,Stag-Hunt,D,4255,D
300,24,13,7,14,Snow Drift,D,4279,D
301,24,1,7,12,Snow Drift,D,4078,D
301,24,2,8,12,Snow Drift,D,4097,D
301,24,3,6,9,Harmony,C,4102,C
301,24,4,3,13,Prisoner's Dilemma,D,4129,D
301,24,5,6,7,Harmony,D,4139,C
301,24,6,5,11,border Snow Drift/Prisoner's Dilemma,D,4160,C
301,24,7,2,15,Prisoner's Dilemma,D,4179,D
301,24,8,5,15,border Snow Drift/Prisoner's Dilemma,D,4186,D
301,24,9,8,13,Snow Drift,D,4217,D
301,24,10,7,13,Snow Drift,D,4227,D
301,24,11,7,14,Snow Drift,C,Dummy,D
301,24,12,3,14,Prisoner's Dilemma,D,4261,D
301,24,13,8,5,Harmony,C,4276,C
302,24,1,3,9,Stag-Hunt,D,4070,C
302,24,2,10,12,Snow Drift,C,4092,D
302,24,3,5,10,center of the TS plane,C,4116,D
302,24,4,1,11,Prisoner's Dilemma,D,4119,D
302,24,5,3,6,Stag-Hunt,C,Dummy,D
302,24,6,3,12,Prisoner's Dilemma,D,4153,D
302,24,7,2,13,Prisoner's Dilemma,D,4172,D
302,24,8,0,5,Stag-Hunt,D,4188,C
302,24,9,9,5,Harmony,C,4212,C
302,24,10,7,13,Snow Drift,D,4226,D
302,24,11,2,13,Prisoner's Dilemma,D,4242,D
302,24,12,0,6,Stag-Hunt,D,4254,D
302,24,13,9,10,border Harmony/Snow Drift,D,4273,C
303,24,1,2,11,Prisoner's Dilemma,C,4071,D
303,24,2,9,6,Harmony,C,4090,C
303,24,3,4,12,Prisoner's Dilemma,C,4109,D
303,24,4,1,11,Prisoner's Dilemma,D,4118,D
303,24,5,9,5,Harmony,C,4138,C
303,24,6,5,11,border Snow Drift/Prisoner's Dilemma,C,4161,D
303,24,7,10,8,Harmony,,4169,C
303,24,8,4,14,Prisoner's Dilemma,D,4195,D
303,24,9,0,6,Stag-Hunt,D,4204,D
303,24,10,2,13,Prisoner's Dilemma,C,4234,D
303,24,11,3,5,Stag-Hunt,C,4237,C
303,24,12,2,9,Stag-Hunt,D,4267,D
303,24,13,5,9,border Harmony/Stag-Hunt,D,4286,D
304,24,1,0,11,Prisoner's Dilemma,D,Dummy,D
304,24,2,3,9,Stag-Hunt,D,4099,D
304,24,3,4,7,Stag-Hunt,D,4113,C
304,24,4,10,8,Harmony,C,4131,C
304,24,5,5,10,center of the TS plane,D,4144,C
304,24,6,3,12,Prisoner's Dilemma,D,4152,D
304,24,7,6,11,Snow Drift,D,4184,D
304,24,8,6,14,Snow Drift,D,4190,D
304,24,9,5,15,border Snow Drift/Prisoner's Dilemma,D,4208,D
304,24,10,8,5,Harmony,C,4224,C
304,24,11,3,5,Stag-Hunt,C,4246,D
304,24,12,0,5,Stag-Hunt,D,Dummy,D
304,24,13,8,5,Harmony,C,4275,C
305,24,1,0,8,Stag-Hunt,C,4074,C
305,24,2,3,8,Stag-Hunt,D,4095,C
305,24,3,3,13,Prisoner's Dilemma,C,4112,D
305,24,4,1,8,Stag-Hunt,D,4125,D
305,24,5,8,11,Snow Drift,C,4150,C
305,24,6,4,15,Prisoner's Dilemma,D,4163,D
305,24,7,7,14,Snow Drift,D,4177,D
305,24,8,5,15,border Snow Drift/Prisoner's Dilemma,D,4187,D
305,24,9,9,5,Harmony,C,4211,C
305,24,10,10,14,Snow Drift,C,4233,C
305,24,11,9,7,Harmony,C,4249,C
305,24,12,8,11,Snow Drift,C,4259,D
305,24,13,1,13,Prisoner's Dilemma,D,4284,D
306,24,1,3,9,Stag-Hunt,C,4069,D
306,24,2,10,12,Snow Drift,D,4093,C
306,24,3,9,12,Snow Drift,C,4108,C
306,24,4,1,10,border Stag-Hunt/Prisoner's Dilemma,D,4127,C
306,24,5,8,11,Snow Drift,C,4149,C
306,24,6,10,12,Snow Drift,D,4165,C
306,24,7,4,8,Stag-Hunt,D,Dummy,C
306,24,8,7,9,Harmony,D,4196,D
306,24,9,4,12,Prisoner's Dilemma,D,4215,C
306,24,10,10,14,Snow Drift,C,4232,C
306,24,11,9,7,Harmony,C,4250,C
306,24,12,3,14,Prisoner's Dilemma,D,4260,D
306,24,13,7,14,Snow Drift,D,4280,D
307,24,1,6,7,Harmony,C,4075,C
307,24,2,8,12,Snow Drift,D,4096,D
307,24,3,3,8,Stag-Hunt,C,4103,C
307,24,4,1,10,border Stag-Hunt/Prisoner's Dilemma,C,4126,D
307,24,5,5,6,border Harmony/Stag-Hunt,C,4141,C
307,24,6,2,6,Stag-Hunt,C,4156,D
307,24,7,7,14,Snow Drift,D,4178,D
307,24,8,1,7,Stag-Hunt,D,4198,D
307,24,9,4,10,border Stag-Hunt/Prisoner's Dilemma,D,4206,C
307,24,10,4,6,Stag-Hunt,C,4223,D
307,24,11,6,5,Harmony,C,4240,C
307,24,12,0,6,Stag-Hunt,D,4257,D
307,24,13,5,9,border Harmony/Stag-Hunt,D,4285,D
308,25,1,7,8,Harmony,D,4290,C
308,25,2,9,9,Harmony,C,4296,C
308,25,3,8,10,border Harmony/Snow Drift,D,4299,D
308,25,4,3,10,border Stag-Hunt/Prisoner's Dilemma,D,Dummy,C
308,25,5,0,11,Prisoner's Dilemma,D,4310,D
308,25,6,8,12,Snow Drift,D,4315,D
308,25,7,5,8,border Harmony/Stag-Hunt,D,4321,C
308,25,8,4,10,border Stag-Hunt/Prisoner's Dilemma,D,4326,D
308,25,9,4,5,Stag-Hunt,D,4329,C
308,25,10,9,8,Harmony,C,Dummy,D
308,25,11,5,9,border Harmony/Stag-Hunt,D,4339,C
308,25,12,9,9,Harmony,C,4344,C
308,25,13,8,15,Snow Drift,D,4348,D
308,25,14,7,9,Harmony,D,4354,D
308,25,15,1,10,border Stag-Hunt/Prisoner's Dilemma,D,4359,D
308,25,16,5,5,border Harmony/Stag-Hunt,C,4363,C
308,25,17,5,10,center of the TS plane,D,4368,C
308,25,18,9,7,Harmony,C,Dummy,C
309,25,1,7,9,Harmony,D,4288,C
309,25,2,9,12,Snow Drift,C,4293,D
309,25,3,6,7,Harmony,D,4301,C
309,25,4,6,12,Snow Drift,D,4304,C
309,25,5,9,9,Harmony,C,4309,C
309,25,6,0,12,Prisoner's Dilemma,D,4313,D
309,25,7,6,8,Harmony,C,4319,C
309,25,8,5,12,border Snow Drift/Prisoner's Dilemma,D,Dummy,D
309,25,9,8,5,Harmony,C,Dummy,D
309,25,10,6,15,Snow Drift,D,4333,C
309,25,11,6,5,Harmony,C,4341,C
309,25,12,9,9,Harmony,C,4343,C
309,25,13,8,15,Snow Drift,D,4349,D
309,25,14,5,13,border Snow Drift/Prisoner's Dilemma,C,4356,D
309,25,15,5,10,center of the TS plane,C,4360,D
309,25,16,5,5,border Harmony/Stag-Hunt,C,4364,C
309,25,17,0,12,Prisoner's Dilemma,D,4371,D
309,25,18,5,13,border Snow Drift/Prisoner's Dilemma,C,4373,D
310,25,1,7,8,Harmony,C,4291,D
310,25,2,9,12,Snow Drift,D,4294,C
310,25,3,10,6,Harmony,C,Dummy,D
310,25,4,1,6,Stag-Hunt,D,4305,D
310,25,5,9,9,Harmony,C,4308,C
310,25,6,1,6,Stag-Hunt,D,Dummy,C
310,25,7,6,8,Harmony,C,4318,C
310,25,8,4,10,border Stag-Hunt/Prisoner's Dilemma,D,4325,D
310,25,9,4,8,Stag-Hunt,C,4330,D
310,25,10,9,7,Harmony,C,4335,C
310,25,11,5,9,border Harmony/Stag-Hunt,C,4338,D
310,25,12,9,12,Snow Drift,D,Dummy,D
310,25,13,3,8,Stag-Hunt,D,4350,C
310,25,14,5,13,border Snow Drift/Prisoner's Dilemma,D,4355,C
310,25,15,2,15,Prisoner's Dilemma,D,Dummy,C
310,25,16,10,10,border Harmony/Snow Drift,C,4365,C
310,25,17,3,11,Prisoner's Dilemma,D,Dummy,C
310,25,18,5,13,border Snow Drift/Prisoner's Dilemma,D,4374,C
311,25,1,7,9,Harmony,C,4289,D
311,25,2,9,9,Harmony,C,4295,C
311,25,3,6,7,Harmony,C,4300,D
311,25,4,6,12,Snow Drift,C,4303,D
311,25,5,0,11,Prisoner's Dilemma,D,4311,D
311,25,6,0,12,Prisoner's Dilemma,D,4314,D
311,25,7,9,7,Harmony,C,Dummy,D
311,25,8,7,11,Snow Drift,C,4324,D
311,25,9,4,8,Stag-Hunt,D,4331,C
311,25,10,9,7,Harmony,C,4336,C
311,25,11,7,7,Harmony,C,Dummy,C
311,25,12,0,6,Stag-Hunt,D,4345,C
311,25,13,0,8,Stag-Hunt,D,Dummy,D
311,25,14,7,9,Harmony,D,4353,D
311,25,15,5,10,center of the TS plane,D,4361,C
311,25,16,10,10,border Harmony/Snow Drift,C,4366,C
311,25,17,0,12,Prisoner's Dilemma,D,4370,D
311,25,18,9,15,Snow Drift,D,4375,C
312,25,1,1,14,Prisoner's Dilemma,D,Dummy,C
312,25,2,10,12,Snow Drift,C,Dummy,C
312,25,3,8,10,border Harmony/Snow Drift,D,4298,D
312,25,4,1,6,Stag-Hunt,D,4306,D
312,25,5,0,15,Prisoner's Dilemma,D,Dummy,D
312,25,6,8,12,Snow Drift,D,4316,D
312,25,7,5,8,border Harmony/Stag-Hunt,C,4320,D
312,25,8,7,11,Snow Drift,D,4323,C
312,25,9,4,5,Stag-Hunt,C,4328,D
312,25,10,6,15,Snow Drift,C,4334,D
312,25,11,6,5,Harmony,C,4340,C
312,25,12,0,6,Stag-Hunt,C,4346,D
312,25,13,3,8,Stag-Hunt,C,4351,D
312,25,14,4,10,border Stag-Hunt/Prisoner's Dilemma,D,Dummy,C
312,25,15,1,10,border Stag-Hunt/Prisoner's Dilemma,D,4358,D
312,25,16,3,11,Prisoner's Dilemma,D,Dummy,D
312,25,17,5,10,center of the TS plane,C,4369,D
312,25,18,9,15,Snow Drift,C,4376,D
313,26,1,2,15,Prisoner's Dilemma,C,4379,C
313,26,2,0,7,Stag-Hunt,C,4404,D
313,26,3,9,15,Snow Drift,D,4416,D
313,26,4,1,6,Stag-Hunt,D,4430,C
313,26,5,0,15,Prisoner's Dilemma,D,4444,C
313,26,6,5,14,border Snow Drift/Prisoner's Dilemma,D,4458,C
313,26,7,8,13,Snow Drift,C,4488,C
313,26,8,6,6,Harmony,C,4493,C
313,26,9,0,11,Prisoner's Dilemma,D,4515,D
313,26,10,2,8,Stag-Hunt,D,4524,D
313,26,11,4,11,Prisoner's Dilemma,D,4544,D
313,26,12,0,15,Prisoner's Dilemma,D,4563,D
313,26,13,8,13,Snow Drift,D,4571,D
313,26,14,9,13,Snow Drift,D,4586,D
313,26,15,7,13,Snow Drift,D,4613,C
313,26,16,8,8,Harmony,C,4630,C
314,26,1,1,13,Prisoner's Dilemma,D,4380,C
314,26,2,0,7,Stag-Hunt,C,4403,C
314,26,3,7,5,Harmony,C,4424,D
314,26,4,8,6,Harmony,C,4427,C
314,26,5,5,5,border Harmony/Stag-Hunt,C,4456,C
314,26,6,9,8,Harmony,C,4471,C
314,26,7,3,6,Stag-Hunt,C,4480,C
314,26,8,4,9,Stag-Hunt,D,4502,D
314,26,9,10,13,Snow Drift,C,4519,D
314,26,10,10,8,Harmony,D,Dummy,D
314,26,11,2,8,Stag-Hunt,C,4549,D
314,26,12,0,15,Prisoner's Dilemma,D,4569,D
314,26,13,9,9,Harmony,C,4580,C
314,26,14,4,6,Stag-Hunt,C,4589,D
314,26,15,4,5,Stag-Hunt,C,4611,C
314,26,16,8,14,Snow Drift,D,4625,D
315,26,1,5,5,border Harmony/Stag-Hunt,C,4393,C
315,26,2,3,6,Stag-Hunt,D,4394,C
315,26,3,1,6,Stag-Hunt,C,4420,D
315,26,4,9,7,Harmony,C,4432,C
315,26,5,3,9,Stag-Hunt,D,4455,D
315,26,6,2,6,Stag-Hunt,D,4469,C
315,26,7,0,6,Stag-Hunt,D,4482,D
315,26,8,4,12,Prisoner's Dilemma,D,4496,D
315,26,9,10,10,border Harmony/Snow Drift,C,4512,C
315,26,10,8,15,Snow Drift,C,4528,C
315,26,11,0,9,Stag-Hunt,C,4538,D
315,26,12,3,6,Stag-Hunt,D,4564,C
315,26,13,10,15,Snow Drift,C,4583,D
315,26,14,0,6,Stag-Hunt,D,4599,C
315,26,15,2,15,Prisoner's Dilemma,D,4607,D
315,26,16,8,14,Snow Drift,D,4624,D
316,26,1,5,11,border Snow Drift/Prisoner's Dilemma,D,4391,C
316,26,2,1,9,Stag-Hunt,D,4401,C
316,26,3,9,6,Harmony,C,4413,C
316,26,4,8,6,Harmony,C,4426,C
316,26,5,7,11,Snow Drift,D,4443,C
316,26,6,9,8,Harmony,C,4470,C
316,26,7,10,8,Harmony,C,4487,C
316,26,8,6,6,Harmony,C,4492,C
316,26,9,3,9,Stag-Hunt,D,4507,C
316,26,10,9,7,Harmony,C,4533,C
316,26,11,1,10,border Stag-Hunt/Prisoner's Dilemma,D,4546,D
316,26,12,5,7,border Harmony/Stag-Hunt,D,4566,D
316,26,13,9,9,Harmony,C,4581,C
316,26,14,9,13,Snow Drift,D,4587,D
316,26,15,0,15,Prisoner's Dilemma,D,4609,D
316,26,16,8,11,Snow Drift,C,4626,C
317,26,1,5,5,border Harmony/Stag-Hunt,C,4392,C
317,26,2,2,8,Stag-Hunt,C,4408,C
317,26,3,3,14,Prisoner's Dilemma,C,4411,D
317,26,4,10,11,Snow Drift,C,4438,D
317,26,5,1,13,Prisoner's Dilemma,D,4452,C
317,26,6,5,9,border Harmony/Stag-Hunt,D,4472,D
317,26,7,1,7,Stag-Hunt,D,4476,C
317,26,8,7,7,Harmony,C,4504,C
317,26,9,8,14,Snow Drift,C,4510,D
317,26,10,2,8,Stag-Hunt,D,4525,D
317,26,11,8,15,Snow Drift,C,4541,D
317,26,12,10,10,border Harmony/Snow Drift,C,4560,D
317,26,13,10,13,Snow Drift,C,4572,C
317,26,14,6,12,Snow Drift,C,4593,D
317,26,15,9,12,Snow Drift,C,Dummy,D
317,26,16,1,7,Stag-Hunt,D,4622,C
318,26,1,8,8,Harmony,C,4385,D
318,26,2,4,9,Stag-Hunt,C,4406,C
318,26,3,6,11,Snow Drift,C,4418,C
318,26,4,3,10,border Stag-Hunt/Prisoner's Dilemma,C,4441,C
318,26,5,0,15,Prisoner's Dilemma,C,4445,D
318,26,6,10,15,Snow Drift,C,4466,D
318,26,7,8,11,Snow Drift,C,4484,D
318,26,8,8,12,Snow Drift,D,4500,C
318,26,9,10,13,Snow Drift,D,4518,C
318,26,10,6,15,Snow Drift,D,4523,D
318,26,11,2,8,Stag-Hunt,D,4548,C
318,26,12,7,12,Snow Drift,C,Dummy,C
318,26,13,8,13,Snow Drift,D,4570,D
318,26,14,6,6,Harmony,C,4594,D
318,26,15,6,13,Snow Drift,D,4617,D
318,26,16,0,9,Stag-Hunt,C,4619,D
319,26,1,6,11,Snow Drift,D,4382,C
319,26,2,8,5,Harmony,C,4399,D
319,26,3,9,9,Harmony,C,4422,C
319,26,4,10,11,Snow Drift,D,4439,C
319,26,5,5,14,border Snow Drift/Prisoner's Dilemma,D,4448,D
319,26,6,5,9,border Harmony/Stag-Hunt,D,4473,D
319,26,7,8,11,Snow Drift,D,4485,C
319,26,8,5,15,border Snow Drift/Prisoner's Dilemma,D,4495,D
319,26,9,8,14,Snow Drift,D,4511,C
319,26,10,10,8,Harmony,,4531,D
319,26,11,1,6,Stag-Hunt,,4542,D
319,26,12,7,12,Snow Drift,,4557,C
319,26,13,3,13,Prisoner's Dilemma,,4579,D
319,26,14,3,14,Prisoner's Dilemma,,4600,D
319,26,15,9,12,Snow Drift,,4614,C
319,26,16,9,7,Harmony,,4628,C
320,26,1,1,13,Prisoner's Dilemma,C,4381,D
320,26,2,8,5,Harmony,D,4398,C
320,26,3,7,5,Harmony,D,4425,C
320,26,4,8,11,Snow Drift,D,4436,D
320,26,5,10,11,Snow Drift,C,4447,D
320,26,6,0,8,Stag-Hunt,C,4462,C
320,26,7,3,6,Stag-Hunt,C,4481,C
320,26,8,8,12,Snow Drift,C,4501,D
320,26,9,6,12,Snow Drift,C,4509,D
320,26,10,3,8,Stag-Hunt,C,4537,D
320,26,11,1,10,border Stag-Hunt/Prisoner's Dilemma,D,4547,D
320,26,12,10,5,Harmony,D,4554,C
320,26,13,6,8,Harmony,C,4585,C
320,26,14,9,8,Harmony,D,4597,C
320,26,15,7,13,Snow Drift,C,4612,D
320,26,16,8,12,Snow Drift,D,4620,D
321,26,1,2,15,Prisoner's Dilemma,C,4378,C
321,26,2,1,9,Stag-Hunt,C,4400,D
321,26,3,9,6,Harmony,C,4412,C
321,26,4,1,6,Stag-Hunt,C,4431,D
321,26,5,6,8,Harmony,C,4451,C
321,26,6,5,14,border Snow Drift/Prisoner's Dilemma,C,4459,D
321,26,7,1,15,Prisoner's Dilemma,C,4474,D
321,26,8,6,9,Harmony,C,4498,D
321,26,9,8,13,Snow Drift,D,4521,C
321,26,10,6,7,Harmony,C,4527,C
321,26,11,0,9,Stag-Hunt,D,4539,C
321,26,12,0,15,Prisoner's Dilemma,D,4568,D
321,26,13,3,13,Prisoner's Dilemma,D,Dummy,C
321,26,14,7,10,border Harmony/Snow Drift,D,4590,C
321,26,15,1,15,Prisoner's Dilemma,D,4604,D
321,26,16,10,10,border Harmony/Snow Drift,C,4632,C
322,26,1,8,8,Harmony,D,4384,C
322,26,2,2,8,Stag-Hunt,C,4409,C
322,26,3,2,14,Prisoner's Dilemma,D,4414,D
322,26,4,9,6,Harmony,D,Dummy,D
322,26,5,5,5,border Harmony/Stag-Hunt,C,4457,C
322,26,6,7,10,border Harmony/Snow Drift,D,4465,C
322,26,7,8,13,Snow Drift,C,4489,C
322,26,8,4,12,Prisoner's Dilemma,D,4497,D
322,26,9,2,11,Prisoner's Dilemma,D,4516,D
322,26,10,6,7,Harmony,C,4526,C
322,26,11,0,9,Stag-Hunt,D,4553,D
322,26,12,0,15,Prisoner's Dilemma,D,4562,D
322,26,13,1,9,Stag-Hunt,C,4576,D
322,26,14,3,14,Prisoner's Dilemma,D,Dummy,C
322,26,15,6,13,Snow Drift,D,4616,D
322,26,16,10,10,border Harmony/Snow Drift,C,4633,C
323,26,1,5,11,border Snow Drift/Prisoner's Dilemma,C,4386,D
323,26,2,0,7,Stag-Hunt,C,4402,C
323,26,3,3,14,Prisoner's Dilemma,D,4410,C
323,26,4,9,7,Harmony,C,4433,C
323,26,5,5,14,border Snow Drift/Prisoner's Dilemma,D,4449,D
323,26,6,2,11,Prisoner's Dilemma,C,4461,D
323,26,7,1,7,Stag-Hunt,C,4477,D
323,26,8,7,7,Harmony,C,4505,C
323,26,9,3,9,Stag-Hunt,C,4506,D
323,26,10,4,13,Prisoner's Dilemma,D,4535,D
323,26,11,4,11,Prisoner's Dilemma,D,4545,D
323,26,12,3,6,Stag-Hunt,C,4565,D
323,26,13,10,15,Snow Drift,D,4582,C
323,26,14,9,8,Harmony,C,4596,D
323,26,15,0,5,Stag-Hunt,D,4602,D
323,26,16,1,7,Stag-Hunt,C,4623,D
324,26,1,5,11,border Snow Drift/Prisoner's Dilemma,C,4390,D
324,26,2,8,11,Snow Drift,D,4396,D
324,26,3,9,15,Snow Drift,D,4417,D
324,26,4,8,11,Snow Drift,D,4437,D
324,26,5,1,13,Prisoner's Dilemma,C,4453,D
324,26,6,2,6,Stag-Hunt,C,4468,D
324,26,7,1,15,Prisoner's Dilemma,D,4475,C
324,26,8,4,9,Stag-Hunt,D,4503,D
324,26,9,2,11,Prisoner's Dilemma,D,4517,D
324,26,10,9,7,Harmony,C,4532,C
324,26,11,4,8,Stag-Hunt,C,4551,D
324,26,12,10,5,Harmony,D,4558,C
324,26,13,6,8,Harmony,C,4584,C
324,26,14,6,12,Snow Drift,D,4592,C
324,26,15,1,15,Prisoner's Dilemma,D,4605,D
324,26,16,8,12,Snow Drift,D,4621,D
325,26,1,6,11,Snow Drift,C,4383,D
325,26,2,0,7,Stag-Hunt,D,4405,C
325,26,3,2,14,Prisoner's Dilemma,D,4415,D
325,26,4,1,12,Prisoner's Dilemma,D,4429,D
325,26,5,10,11,Snow Drift,D,4446,C
325,26,6,10,15,Snow Drift,D,4467,C
325,26,7,10,9,Harmony,C,4478,D
325,26,8,5,15,border Snow Drift/Prisoner's Dilemma,D,4494,D
325,26,9,0,11,Prisoner's Dilemma,D,4514,D
325,26,10,4,13,Prisoner's Dilemma,D,4534,D
325,26,11,8,15,Snow Drift,D,4540,C
325,26,12,5,7,border Harmony/Stag-Hunt,D,4567,D
325,26,13,1,6,Stag-Hunt,D,4575,D
325,26,14,0,6,Stag-Hunt,C,4598,D
325,26,15,2,15,Prisoner's Dilemma,D,4606,D
325,26,16,8,11,Snow Drift,C,4627,C
326,26,1,5,11,border Snow Drift/Prisoner's Dilemma,D,4387,C
326,26,2,8,11,Snow Drift,D,4397,D
326,26,3,9,9,Harmony,C,4423,C
326,26,4,9,6,Harmony,,4434,D
326,26,5,6,8,Harmony,C,4450,C
326,26,6,7,10,border Harmony/Snow Drift,C,4464,D
326,26,7,10,8,Harmony,C,4486,C
326,26,8,10,6,Harmony,,4491,C
326,26,9,8,13,Snow Drift,C,4520,D
326,26,10,3,8,Stag-Hunt,D,4536,C
326,26,11,0,9,Stag-Hunt,D,4552,D
326,26,12,10,5,Harmony,C,4555,D
326,26,13,10,13,Snow Drift,C,4573,C
326,26,14,7,10,border Harmony/Snow Drift,C,4591,D
326,26,15,0,15,Prisoner's Dilemma,D,4608,D
326,26,16,8,8,Harmony,C,4631,C
327,26,1,2,10,border Stag-Hunt/Prisoner's Dilemma,C,4389,C
327,26,2,4,9,Stag-Hunt,C,4407,C
327,26,3,6,11,Snow Drift,C,4419,C
327,26,4,3,10,border Stag-Hunt/Prisoner's Dilemma,C,4440,C
327,26,5,7,11,Snow Drift,C,4442,D
327,26,6,0,8,Stag-Hunt,C,4463,C
327,26,7,10,9,Harmony,D,4479,C
327,26,8,10,6,Harmony,C,Dummy,C
327,26,9,10,10,border Harmony/Snow Drift,C,4513,C
327,26,10,8,15,Snow Drift,C,4529,C
327,26,11,1,6,Stag-Hunt,D,Dummy,C
327,26,12,10,10,border Harmony/Snow Drift,D,4561,C
327,26,13,1,9,Stag-Hunt,D,4577,C
327,26,14,6,6,Harmony,D,4595,C
327,26,15,0,5,Stag-Hunt,D,4603,D
327,26,16,0,9,Stag-Hunt,D,4618,C
328,26,1,2,10,border Stag-Hunt/Prisoner's Dilemma,C,4388,C
328,26,2,3,6,Stag-Hunt,C,4395,D
328,26,3,1,6,Stag-Hunt,D,4421,C
328,26,4,1,12,Prisoner's Dilemma,D,4428,D
328,26,5,3,9,Stag-Hunt,D,4454,D
328,26,6,2,11,Prisoner's Dilemma,D,4460,C
328,26,7,0,6,Stag-Hunt,D,4483,D
328,26,8,6,9,Harmony,D,4499,C
328,26,9,6,12,Snow Drift,D,4508,C
328,26,10,6,15,Snow Drift,D,4522,D
328,26,11,4,8,Stag-Hunt,D,4550,C
328,26,12,10,5,Harmony,C,4559,D
328,26,13,1,6,Stag-Hunt,D,4574,D
328,26,14,4,6,Stag-Hunt,D,4588,C
328,26,15,4,5,Stag-Hunt,C,4610,C
328,26,16,9,7,Harmony,C,Dummy,D
329,27,1,8,15,Snow Drift,D,4641,D
329,27,2,5,7,border Harmony/Stag-Hunt,C,4652,C
329,27,3,1,10,border Stag-Hunt/Prisoner's Dilemma,C,4666,D
329,27,4,4,5,Stag-Hunt,C,4674,D
329,27,5,3,8,Stag-Hunt,C,4692,C
329,27,6,5,11,border Snow Drift/Prisoner's Dilemma,C,4695,D
329,27,7,0,15,Prisoner's Dilemma,C,4717,D
329,27,8,5,13,border Snow Drift/Prisoner's Dilemma,D,4729,D
329,27,9,2,11,Prisoner's Dilemma,D,4732,D
329,27,10,3,5,Stag-Hunt,D,4751,D
329,27,11,7,5,Harmony,C,4763,D
329,27,12,6,12,Snow Drift,D,4770,D
329,27,13,7,12,Snow Drift,D,4778,D
329,27,14,1,13,Prisoner's Dilemma,D,4796,D
329,27,15,7,5,Harmony,C,4803,C
329,27,16,5,9,border Harmony/Stag-Hunt,D,4820,D
329,27,17,7,15,Snow Drift,D,4837,D
329,27,18,0,10,border Stag-Hunt/Prisoner's Dilemma,D,4842,D
330,27,1,7,7,Harmony,C,4643,C
330,27,2,4,11,Prisoner's Dilemma,D,4646,C
330,27,3,8,5,Harmony,C,4664,C
330,27,4,4,5,Stag-Hunt,D,4675,C
330,27,5,5,6,border Harmony/Stag-Hunt,C,4691,C
330,27,6,0,5,Stag-Hunt,D,4699,D
330,27,7,4,6,Stag-Hunt,D,4715,D
330,27,8,10,12,Snow Drift,D,4723,D
330,27,9,1,8,Stag-Hunt,D,4730,D
330,27,10,8,12,Snow Drift,D,4744,D
330,27,11,10,11,Snow Drift,D,4765,C
330,27,12,6,7,Harmony,D,4777,D
330,27,13,9,14,Snow Drift,D,4788,D
330,27,14,4,5,Stag-Hunt,D,4794,D
330,27,15,7,5,Harmony,C,4802,C
330,27,16,3,6,Stag-Hunt,D,4815,D
330,27,17,3,5,Stag-Hunt,D,4830,C
330,27,18,10,9,Harmony,C,4846,C
331,27,1,8,15,Snow Drift,D,4640,D
331,27,2,8,7,Harmony,C,4649,C
331,27,3,8,8,Harmony,C,4659,C
331,27,4,0,5,Stag-Hunt,D,4680,D
331,27,5,8,6,Harmony,C,4687,C
331,27,6,4,13,Prisoner's Dilemma,D,4696,C
331,27,7,4,8,Stag-Hunt,D,4707,C
331,27,8,7,11,Snow Drift,D,4718,C
331,27,9,1,14,Prisoner's Dilemma,D,4739,D
331,27,10,3,5,Stag-Hunt,D,4750,D
331,27,11,7,9,Harmony,D,4754,D
331,27,12,2,5,Stag-Hunt,D,4768,C
331,27,13,9,14,Snow Drift,D,4780,C
331,27,14,8,5,Harmony,C,4798,C
331,27,15,6,7,Harmony,D,4805,C
331,27,16,9,10,border Harmony/Snow Drift,D,Dummy,C
331,27,17,6,15,Snow Drift,D,4833,D
331,27,18,10,9,Harmony,C,4847,C
332,27,1,2,13,Prisoner's Dilemma,D,4635,D
332,27,2,10,9,Harmony,C,4655,C
332,27,3,3,13,Prisoner's Dilemma,D,4663,D
332,27,4,9,12,Snow Drift,D,4678,C
332,27,5,1,10,border Stag-Hunt/Prisoner's Dilemma,D,4684,C
332,27,6,9,15,Snow Drift,D,4702,D
332,27,7,2,11,Prisoner's Dilemma,D,4708,C
332,27,8,3,15,Prisoner's Dilemma,D,4720,D
332,27,9,3,8,Stag-Hunt,C,4734,D
332,27,10,0,6,Stag-Hunt,C,4743,D
332,27,11,9,8,Harmony,C,4760,C
332,27,12,4,7,Stag-Hunt,C,4772,C
332,27,13,6,10,border Harmony/Snow Drift,D,4784,D
332,27,14,4,5,Stag-Hunt,C,4792,C
332,27,15,3,11,Prisoner's Dilemma,D,4807,D
332,27,16,5,7,border Harmony/Stag-Hunt,C,4822,C
332,27,17,7,14,Snow Drift,D,4826,D
332,27,18,10,13,Snow Drift,C,4841,C
333,27,1,5,14,border Snow Drift/Prisoner's Dilemma,D,4645,C
333,27,2,8,7,Harmony,C,4648,C
333,27,3,10,12,Snow Drift,C,4660,D
333,27,4,4,9,Stag-Hunt,D,4677,C
333,27,5,5,6,border Harmony/Stag-Hunt,C,4690,C
333,27,6,10,10,border Harmony/Snow Drift,C,4700,C
333,27,7,7,5,Harmony,C,4713,C
333,27,8,8,8,Harmony,C,4724,C
333,27,9,2,11,Prisoner's Dilemma,D,4733,D
333,27,10,10,15,Snow Drift,D,4747,D
333,27,11,10,11,Snow Drift,C,4764,D
333,27,12,2,5,Stag-Hunt,C,4769,D
333,27,13,4,5,Stag-Hunt,D,4786,D
333,27,14,8,10,border Harmony/Snow Drift,C,4800,C
333,27,15,3,11,Prisoner's Dilemma,D,4806,D
333,27,16,0,9,Stag-Hunt,C,4818,D
333,27,17,7,15,Snow Drift,D,4836,D
333,27,18,0,15,Prisoner's Dilemma,C,4839,D
334,27,1,3,8,Stag-Hunt,D,4637,C
334,27,2,5,7,border Harmony/Stag-Hunt,C,4653,C
334,27,3,8,8,Harmony,C,4658,C
334,27,4,6,6,Harmony,C,4671,C
334,27,5,10,5,Harmony,D,4688,C
334,27,6,10,10,border Harmony/Snow Drift,C,4701,C
334,27,7,7,5,Harmony,C,4712,C
334,27,8,9,9,Harmony,C,4727,C
334,27,9,4,13,Prisoner's Dilemma,D,4741,C
334,27,10,10,15,Snow Drift,C,4753,D
334,27,11,7,7,Harmony,C,4756,C
334,27,12,10,14,Snow Drift,D,4774,D
334,27,13,8,13,Snow Drift,C,4782,C
334,27,14,8,10,border Harmony/Snow Drift,C,4801,C
334,27,15,6,7,Harmony,C,4804,D
334,27,16,5,7,border Harmony/Stag-Hunt,C,4823,C
334,27,17,3,5,Stag-Hunt,C,4831,D
334,27,18,0,5,Stag-Hunt,D,4844,D
335,27,1,3,8,Stag-Hunt,C,4636,D
335,27,2,0,6,Stag-Hunt,D,Dummy,D
335,27,3,10,12,Snow Drift,D,4661,C
335,27,4,6,6,Harmony,C,4670,C
335,27,5,3,8,Stag-Hunt,C,4693,C
335,27,6,5,9,border Harmony/Stag-Hunt,D,4704,D
335,27,7,2,11,Prisoner's Dilemma,C,4709,D
335,27,8,9,9,Harmony,C,4726,C
335,27,9,3,8,Stag-Hunt,D,4735,C
335,27,10,0,6,Stag-Hunt,D,4742,C
335,27,11,9,8,Harmony,C,4761,C
335,27,12,6,7,Harmony,D,4776,D
335,27,13,6,10,border Harmony/Snow Drift,D,4785,D
335,27,14,4,5,Stag-Hunt,C,4793,C
335,27,15,3,10,border Stag-Hunt/Prisoner's Dilemma,D,4810,D
335,27,16,5,11,border Snow Drift/Prisoner's Dilemma,D,4816,C
335,27,17,3,13,Prisoner's Dilemma,D,4834,D
335,27,18,5,6,border Harmony/Stag-Hunt,D,4849,D
336,27,1,7,7,Harmony,C,4642,C
336,27,2,7,14,Snow Drift,D,4651,D
336,27,3,1,10,border Stag-Hunt/Prisoner's Dilemma,D,4667,C
336,27,4,0,5,Stag-Hunt,D,4681,D
336,27,5,1,8,Stag-Hunt,D,4683,D
336,27,6,9,15,Snow Drift,D,4703,D
336,27,7,5,5,border Harmony/Stag-Hunt,C,4711,C
336,27,8,10,12,Snow Drift,D,4722,D
336,27,9,8,7,Harmony,C,4736,C
336,27,10,8,12,Snow Drift,D,4745,D
336,27,11,7,5,Harmony,D,4762,C
336,27,12,10,14,Snow Drift,D,4775,D
336,27,13,9,14,Snow Drift,D,4789,D
336,27,14,1,13,Prisoner's Dilemma,D,4797,D
336,27,15,7,15,Snow Drift,D,4808,D
336,27,16,0,9,Stag-Hunt,D,4819,C
336,27,17,0,11,Prisoner's Dilemma,D,4829,D
336,27,18,0,10,border Stag-Hunt/Prisoner's Dilemma,D,4843,D
337,27,1,7,12,Snow Drift,C,4638,C
337,27,2,4,11,Prisoner's Dilemma,C,4647,D
337,27,3,8,5,Harmony,C,4665,C
337,27,4,7,14,Snow Drift,D,4673,C
337,27,5,1,8,Stag-Hunt,D,4682,D
337,27,6,5,9,border Harmony/Stag-Hunt,D,4705,D
337,27,7,4,6,Stag-Hunt,D,4714,D
337,27,8,3,15,Prisoner's Dilemma,D,4721,D
337,27,9,1,8,Stag-Hunt,D,4731,D
337,27,10,10,15,Snow Drift,D,4746,D
337,27,11,7,9,Harmony,D,4755,D
337,27,12,7,8,Harmony,D,4766,C
337,27,13,9,14,Snow Drift,C,4781,D
337,27,14,7,8,Harmony,D,4790,C
337,27,15,3,10,border Stag-Hunt/Prisoner's Dilemma,D,4811,D
337,27,16,5,9,border Harmony/Stag-Hunt,D,4821,D
337,27,17,3,13,Prisoner's Dilemma,D,4835,D
337,27,18,10,13,Snow Drift,C,4840,C
338,27,1,7,12,Snow Drift,C,4639,C
338,27,2,10,9,Harmony,C,4654,C
338,27,3,3,10,border Stag-Hunt/Prisoner's Dilemma,C,4669,C
338,27,4,7,14,Snow Drift,C,4672,D
338,27,5,1,10,border Stag-Hunt/Prisoner's Dilemma,C,4685,D
338,27,6,4,13,Prisoner's Dilemma,C,4697,D
338,27,7,4,8,Stag-Hunt,C,4706,D
338,27,8,7,11,Snow Drift,C,4719,D
338,27,9,4,13,Prisoner's Dilemma,C,4740,D
338,27,10,10,15,Snow Drift,D,4752,C
338,27,11,2,11,Prisoner's Dilemma,C,4758,D
338,27,12,6,12,Snow Drift,D,4771,D
338,27,13,4,5,Stag-Hunt,D,4787,D
338,27,14,4,5,Stag-Hunt,D,4795,D
338,27,15,10,15,Snow Drift,D,4812,C
338,27,16,3,6,Stag-Hunt,D,4814,D
338,27,17,6,15,Snow Drift,D,4832,D
338,27,18,5,6,border Harmony/Stag-Hunt,D,4848,D
339,27,1,2,13,Prisoner's Dilemma,D,4634,D
339,27,2,7,14,Snow Drift,D,4650,D
339,27,3,3,10,border Stag-Hunt/Prisoner's Dilemma,C,4668,C
339,27,4,4,9,Stag-Hunt,C,4676,D
339,27,5,10,5,Harmony,C,4689,D
339,27,6,5,11,border Snow Drift/Prisoner's Dilemma,D,4694,C
339,27,7,5,5,border Harmony/Stag-Hunt,C,4710,C
339,27,8,5,13,border Snow Drift/Prisoner's Dilemma,D,4728,D
339,27,9,1,14,Prisoner's Dilemma,D,4738,D
339,27,10,6,5,Harmony,C,4749,C
339,27,11,7,7,Harmony,C,4757,C
339,27,12,4,7,Stag-Hunt,C,4773,C
339,27,13,7,12,Snow Drift,D,4779,D
339,27,14,7,8,Harmony,C,4791,D
339,27,15,7,15,Snow Drift,D,4809,D
339,27,16,5,11,border Snow Drift/Prisoner's Dilemma,C,4817,D
339,27,17,0,11,Prisoner's Dilemma,D,4828,D
339,27,18,0,15,Prisoner's Dilemma,D,4838,C
340,27,1,5,14,border Snow Drift/Prisoner's Dilemma,C,4644,D
340,27,2,0,6,Stag-Hunt,,4656,D
340,27,3,3,13,Prisoner's Dilemma,D,4662,D
340,27,4,9,12,Snow Drift,C,4679,D
340,27,5,8,6,Harmony,C,4686,C
340,27,6,0,5,Stag-Hunt,D,4698,D
340,27,7,0,15,Prisoner's Dilemma,D,4716,C
340,27,8,8,8,Harmony,C,4725,C
340,27,9,8,7,Harmony,C,4737,C
340,27,10,6,5,Harmony,C,4748,C
340,27,11,2,11,Prisoner's Dilemma,D,4759,C
340,27,12,7,8,Harmony,C,4767,D
340,27,13,8,13,Snow Drift,C,4783,C
340,27,14,8,5,Harmony,C,4799,C
340,27,15,10,15,Snow Drift,C,4813,D
340,27,16,9,10,border Harmony/Snow Drift,C,4825,D
340,27,17,7,14,Snow Drift,D,4827,D
340,27,18,0,5,Stag-Hunt,D,4845,D
341,28,1,10,14,Snow Drift,D,4866,D
341,28,2,1,7,Stag-Hunt,D,4877,D
341,28,3,8,11,Snow Drift,D,4896,D
341,28,4,2,7,Stag-Hunt,C,4918,D
341,28,5,10,6,Harmony,C,4928,C
341,28,6,2,15,Prisoner's Dilemma,C,4949,D
341,28,7,10,8,Harmony,C,4966,C
341,28,8,0,9,Stag-Hunt,D,4997,C
341,28,9,10,12,Snow Drift,D,5012,D
341,28,10,5,15,border Snow Drift/Prisoner's Dilemma,D,Dummy,C
341,28,11,6,10,border Harmony/Snow Drift,D,5043,D
341,28,12,6,8,Harmony,D,5076,D
341,28,13,9,10,border Harmony/Snow Drift,D,5095,D
341,28,14,6,11,Snow Drift,D,5107,D
341,28,15,3,5,Stag-Hunt,D,5132,D
342,28,1,10,14,Snow Drift,D,4867,D
342,28,2,1,7,Stag-Hunt,,4873,C
342,28,3,5,7,border Harmony/Stag-Hunt,,4895,D
342,28,4,0,14,Prisoner's Dilemma,C,4916,D
342,28,5,9,11,Snow Drift,C,4935,D
342,28,6,9,6,Harmony,C,4960,C
342,28,7,4,14,Prisoner's Dilemma,C,4964,D
342,28,8,0,14,Prisoner's Dilemma,D,4989,D
342,28,9,0,11,Prisoner's Dilemma,D,5007,D
342,28,10,2,10,border Stag-Hunt/Prisoner's Dilemma,C,5024,D
342,28,11,0,9,Stag-Hunt,D,5047,D
342,28,12,6,10,border Harmony/Snow Drift,D,5063,D
342,28,13,3,13,Prisoner's Dilemma,D,5082,D
342,28,14,10,5,Harmony,C,5109,C
342,28,15,2,10,border Stag-Hunt/Prisoner's Dilemma,D,5122,D
343,28,1,7,7,Harmony,D,4859,C
343,28,2,7,10,border Harmony/Snow Drift,C,4875,C
343,28,3,4,7,Stag-Hunt,D,4892,D
343,28,4,5,7,border Harmony/Stag-Hunt,D,4922,C
343,28,5,8,13,Snow Drift,D,4938,D
343,28,6,0,6,Stag-Hunt,D,4962,C
343,28,7,3,15,Prisoner's Dilemma,D,4973,D
343,28,8,1,15,Prisoner's Dilemma,D,4995,D
343,28,9,10,12,Snow Drift,D,5013,D
343,28,10,7,7,Harmony,C,5037,C
343,28,11,1,10,border Stag-Hunt/Prisoner's Dilemma,D,5055,C
343,28,12,5,10,center of the TS plane,D,5070,C
343,28,13,3,13,Prisoner's Dilemma,D,5083,D
343,28,14,8,6,Harmony,C,5103,C
343,28,15,4,14,Prisoner's Dilemma,D,5127,C
344,28,1,0,6,Stag-Hunt,D,4860,D
344,28,2,1,7,Stag-Hunt,C,Dummy,D
344,28,3,6,12,Snow Drift,D,Dummy,C
344,28,4,4,7,Stag-Hunt,C,4910,C
344,28,5,8,13,Snow Drift,D,4939,D
344,28,6,2,15,Prisoner's Dilemma,D,4950,C
344,28,7,6,10,border Harmony/Snow Drift,D,4970,C
344,28,8,7,10,border Harmony/Snow Drift,D,4991,C
344,28,9,3,6,Stag-Hunt,D,5009,D
344,28,10,6,9,Harmony,D,5035,C
344,28,11,2,11,Prisoner's Dilemma,D,5048,D
344,28,12,6,10,border Harmony/Snow Drift,D,5064,D
344,28,13,4,11,Prisoner's Dilemma,D,5078,D
344,28,14,8,10,border Harmony/Snow Drift,C,5101,C
344,28,15,1,13,Prisoner's Dilemma,D,5121,D
345,28,1,6,12,Snow Drift,C,4850,D
345,28,2,0,14,Prisoner's Dilemma,D,4870,D
345,28,3,7,11,Snow Drift,D,4901,C
345,28,4,3,9,Stag-Hunt,D,4911,D
345,28,5,10,6,Harmony,C,4929,C
345,28,6,9,7,Harmony,C,4952,C
345,28,7,2,5,Stag-Hunt,D,4977,C
345,28,8,8,12,Snow Drift,C,Dummy,D
345,28,9,0,11,Prisoner's Dilemma,D,5006,D
345,28,10,1,12,Prisoner's Dilemma,D,5031,D
345,28,11,1,10,border Stag-Hunt/Prisoner's Dilemma,C,5054,D
345,28,12,0,13,Prisoner's Dilemma,C,5074,D
345,28,13,7,5,Harmony,D,5089,C
345,28,14,0,9,Stag-Hunt,D,5099,D
345,28,15,1,13,Prisoner's Dilemma,D,5120,D
346,28,1,0,6,Stag-Hunt,D,4861,D
346,28,2,2,9,Stag-Hunt,C,Dummy,C
346,28,3,3,12,Prisoner's Dilemma,D,4890,D
346,28,4,4,11,Prisoner's Dilemma,D,4923,C
346,28,5,1,7,Stag-Hunt,D,4937,C
346,28,6,0,14,Prisoner's Dilemma,D,4956,D
346,28,7,3,15,Prisoner's Dilemma,D,4972,D
346,28,8,3,11,Prisoner's Dilemma,D,4986,D
346,28,9,7,10,border Harmony/Snow Drift,C,5005,D
346,28,10,9,15,Snow Drift,D,5026,C
346,28,11,9,8,Harmony,C,5040,C
346,28,12,6,8,Harmony,D,5075,D
346,28,13,2,5,Stag-Hunt,D,5090,D
346,28,14,4,14,Prisoner's Dilemma,D,5106,D
346,28,15,3,10,border Stag-Hunt/Prisoner's Dilemma,D,5117,C
347,28,1,9,8,Harmony,D,4864,C
347,28,2,5,6,border Harmony/Stag-Hunt,D,4880,C
347,28,3,8,11,Snow Drift,D,4897,D
347,28,4,0,14,Prisoner's Dilemma,D,4915,C
347,28,5,6,7,Harmony,D,4926,C
347,28,6,7,11,Snow Drift,D,Dummy,D
347,28,7,4,15,Prisoner's Dilemma,D,4979,D
347,28,8,7,14,Snow Drift,D,4988,D
347,28,9,7,10,border Harmony/Snow Drift,D,5004,C
347,28,10,5,6,border Harmony/Stag-Hunt,D,5029,C
347,28,11,7,11,Snow Drift,D,5051,D
347,28,12,1,6,Stag-Hunt,D,5072,C
347,28,13,4,11,Prisoner's Dilemma,D,5079,D
347,28,14,9,8,Harmony,C,Dummy,C
347,28,15,1,15,Prisoner's Dilemma,D,5129,D
348,28,1,0,9,Stag-Hunt,C,Dummy,D
348,28,2,0,14,Prisoner's Dilemma,D,4869,D
348,28,3,2,8,Stag-Hunt,D,4889,C
348,28,4,4,9,Stag-Hunt,C,4919,D
348,28,5,6,15,Snow Drift,D,4940,C
348,28,6,10,8,Harmony,C,4945,C
348,28,7,2,6,Stag-Hunt,D,4981,D
348,28,8,7,12,Snow Drift,C,Dummy,C
348,28,9,8,10,border Harmony/Snow Drift,D,5014,D
348,28,10,0,11,Prisoner's Dilemma,D,5034,C
348,28,11,5,9,border Harmony/Stag-Hunt,D,5056,C
348,28,12,5,10,center of the TS plane,C,5069,D
348,28,13,8,5,Harmony,C,5092,C
348,28,14,6,11,Snow Drift,D,5108,D
348,28,15,3,5,Stag-Hunt,D,5133,D
349,28,1,7,7,Harmony,C,4858,D
349,28,2,7,10,border Harmony/Snow Drift,C,4876,C
349,28,3,3,12,Prisoner's Dilemma,D,4891,D
349,28,4,4,7,Stag-Hunt,C,4909,C
349,28,5,3,6,Stag-Hunt,C,4942,C
349,28,6,7,11,Snow Drift,D,4958,C
349,28,7,8,11,Snow Drift,C,4969,C
349,28,8,3,11,Prisoner's Dilemma,D,4985,D
349,28,9,9,14,Snow Drift,D,5010,C
349,28,10,7,14,Snow Drift,D,5021,D
349,28,11,7,11,Snow Drift,D,5050,D
349,28,12,5,7,border Harmony/Stag-Hunt,D,Dummy,D
349,28,13,7,10,border Harmony/Snow Drift,D,5080,D
349,28,14,2,7,Stag-Hunt,D,5114,D
349,28,15,4,12,Prisoner's Dilemma,D,5119,D
350,28,1,9,8,Harmony,C,4865,D
350,28,2,3,5,Stag-Hunt,D,4886,C
350,28,3,4,7,Stag-Hunt,D,4893,D
350,28,4,3,9,Stag-Hunt,D,4912,D
350,28,5,9,11,Snow Drift,D,4934,C
350,28,6,9,15,Snow Drift,D,4948,C
350,28,7,10,7,Harmony,C,4974,C
350,28,8,1,15,Prisoner's Dilemma,D,4996,D
350,28,9,0,8,Stag-Hunt,D,5003,D
350,28,10,1,12,Prisoner's Dilemma,D,5032,D
350,28,11,2,10,border Stag-Hunt/Prisoner's Dilemma,D,5053,D
350,28,12,9,7,Harmony,C,5059,C
350,28,13,8,15,Snow Drift,D,5084,D
350,28,14,8,6,Harmony,C,5104,C
350,28,15,2,10,border Stag-Hunt/Prisoner's Dilemma,D,5123,D
351,28,1,6,12,Snow Drift,D,4851,C
351,28,2,6,13,Snow Drift,C,4883,D
351,28,3,7,14,Snow Drift,C,4902,C
351,28,4,5,7,border Harmony/Stag-Hunt,C,4921,D
351,28,5,1,5,Stag-Hunt,D,4932,D
351,28,6,9,6,Harmony,C,4959,C
351,28,7,4,14,Prisoner's Dilemma,D,4965,C
351,28,8,0,9,Stag-Hunt,C,4998,D
351,28,9,3,6,Stag-Hunt,D,5008,D
351,28,10,7,14,Snow Drift,D,5022,D
351,28,11,5,9,border Harmony/Stag-Hunt,C,5057,D
351,28,12,9,12,Snow Drift,C,5061,C
351,28,13,5,14,border Snow Drift/Prisoner's Dilemma,D,Dummy,C
351,28,14,2,7,Stag-Hunt,D,5113,D
351,28,15,2,11,Prisoner's Dilemma,D,5130,D
352,28,1,9,9,Harmony,C,4853,C
352,28,2,8,12,Snow Drift,C,4872,C
352,28,3,3,9,Stag-Hunt,D,4905,D
352,28,4,4,7,Stag-Hunt,C,Dummy,D
352,28,5,10,14,Snow Drift,D,4931,C
352,28,6,7,11,Snow Drift,C,4957,D
352,28,7,10,8,Harmony,C,4967,C
352,28,8,4,6,Stag-Hunt,C,4993,C
352,28,9,3,13,Prisoner's Dilemma,D,5016,D
352,28,10,9,8,Harmony,C,5028,C
352,28,11,2,11,Prisoner's Dilemma,D,5049,D
352,28,12,1,6,Stag-Hunt,C,5071,D
352,28,13,8,15,Snow Drift,D,5085,D
352,28,14,8,10,border Harmony/Snow Drift,C,5102,C
352,28,15,10,10,border Harmony/Snow Drift,C,Dummy,C
353,28,1,9,9,Harmony,C,4852,C
353,28,2,6,13,Snow Drift,D,4884,C
353,28,3,0,10,border Stag-Hunt/Prisoner's Dilemma,D,4898,C
353,28,4,5,7,border Harmony/Stag-Hunt,D,4907,D
353,28,5,5,10,center of the TS plane,D,Dummy,C
353,28,6,0,14,Prisoner's Dilemma,D,4955,D
353,28,7,4,15,Prisoner's Dilemma,D,4978,D
353,28,8,2,11,Prisoner's Dilemma,D,5000,D
353,28,9,9,14,Snow Drift,C,5011,D
353,28,10,6,9,Harmony,C,5036,D
353,28,11,2,10,border Stag-Hunt/Prisoner's Dilemma,D,5052,D
353,28,12,6,6,Harmony,C,5065,C
353,28,13,7,10,border Harmony/Snow Drift,D,5081,D
353,28,14,0,9,Stag-Hunt,D,5100,D
353,28,15,5,7,border Harmony/Stag-Hunt,C,5125,C
354,28,1,6,6,Harmony,C,4855,C
354,28,2,3,5,Stag-Hunt,C,4885,D
354,28,3,7,11,Snow Drift,C,4900,D
354,28,4,5,7,border Harmony/Stag-Hunt,D,4908,D
354,28,5,10,14,Snow Drift,C,4930,D
354,28,6,9,7,Harmony,C,4951,C
354,28,7,10,7,Harmony,C,4975,C
354,28,8,7,10,border Harmony/Snow Drift,C,4992,D
354,28,9,5,14,border Snow Drift/Prisoner's Dilemma,C,Dummy,D
354,28,10,0,11,Prisoner's Dilemma,C,5033,D
354,28,11,6,10,border Harmony/Snow Drift,D,5042,D
354,28,12,0,13,Prisoner's Dilemma,D,5073,C
354,28,13,8,5,Harmony,C,5093,C
354,28,14,10,5,Harmony,C,5110,C
354,28,15,4,14,Prisoner's Dilemma,C,5126,D
355,28,1,0,14,Prisoner's Dilemma,D,4857,D
355,28,2,5,6,border Harmony/Stag-Hunt,C,4879,D
355,28,3,0,10,border Stag-Hunt/Prisoner's Dilemma,C,4899,D
355,28,4,6,8,Harmony,C,4913,D
355,28,5,6,15,Snow Drift,C,4941,D
355,28,6,9,15,Snow Drift,C,4947,D
355,28,7,8,11,Snow Drift,C,4968,C
355,28,8,4,6,Stag-Hunt,C,4994,C
355,28,9,5,11,border Snow Drift/Prisoner's Dilemma,C,5018,D
355,28,10,5,6,border Harmony/Stag-Hunt,C,5030,D
355,28,11,9,8,Harmony,C,5041,C
355,28,12,9,7,Harmony,C,5060,C
355,28,13,7,10,border Harmony/Snow Drift,C,5087,C
355,28,14,4,14,Prisoner's Dilemma,D,5105,D
355,28,15,3,10,border Stag-Hunt/Prisoner's Dilemma,C,5116,D
356,28,1,0,14,Prisoner's Dilemma,D,4856,D
356,28,2,8,12,Snow Drift,C,4871,C
356,28,3,2,8,Stag-Hunt,C,4888,D
356,28,4,4,11,Prisoner's Dilemma,C,4924,D
356,28,5,3,6,Stag-Hunt,C,4943,C
356,28,6,9,6,Harmony,C,4953,C
356,28,7,6,10,border Harmony/Snow Drift,C,4971,D
356,28,8,7,14,Snow Drift,D,4987,D
356,28,9,0,8,Stag-Hunt,D,5002,D
356,28,10,2,10,border Stag-Hunt/Prisoner's Dilemma,D,5023,C
356,28,11,8,14,Snow Drift,C,5044,C
356,28,12,9,12,Snow Drift,C,5062,C
356,28,13,7,5,Harmony,C,5088,D
356,28,14,8,6,Harmony,C,5098,C
356,28,15,1,15,Prisoner's Dilemma,D,5128,D
357,28,1,6,6,Harmony,C,4854,C
357,28,2,1,7,Stag-Hunt,D,4878,D
357,28,3,3,9,Stag-Hunt,D,4904,D
357,28,4,4,9,Stag-Hunt,D,4920,C
357,28,5,6,7,Harmony,C,4927,D
357,28,6,10,8,Harmony,C,4946,C
357,28,7,2,5,Stag-Hunt,C,4976,D
357,28,8,8,12,Snow Drift,C,4984,C
357,28,9,8,10,border Harmony/Snow Drift,D,5015,D
357,28,10,9,8,Harmony,C,5027,C
357,28,11,9,10,border Harmony/Snow Drift,D,Dummy,D
357,28,12,6,6,Harmony,C,5067,D
357,28,13,9,10,border Harmony/Snow Drift,D,5094,D
357,28,14,8,6,Harmony,C,5097,C
357,28,15,5,7,border Harmony/Stag-Hunt,C,5124,C
358,28,1,9,5,Harmony,D,4863,C
358,28,2,9,8,Harmony,C,4881,D
358,28,3,7,14,Snow Drift,C,4903,C
358,28,4,6,8,Harmony,D,4914,C
358,28,5,1,7,Stag-Hunt,C,4936,D
358,28,6,0,6,Stag-Hunt,C,4961,D
358,28,7,8,9,Harmony,D,Dummy,C
358,28,8,0,14,Prisoner's Dilemma,D,4990,D
358,28,9,5,11,border Snow Drift/Prisoner's Dilemma,D,5019,C
358,28,10,7,7,Harmony,C,5038,C
358,28,11,0,9,Stag-Hunt,D,5046,D
358,28,12,6,6,Harmony,D,5068,C
358,28,13,2,5,Stag-Hunt,D,5091,D
358,28,14,3,11,Prisoner's Dilemma,D,5112,D
358,28,15,2,11,Prisoner's Dilemma,D,5131,D
359,28,1,9,5,Harmony,C,4862,D
359,28,2,9,8,Harmony,D,4882,C
359,28,3,5,7,border Harmony/Stag-Hunt,D,Dummy,D
359,28,4,2,7,Stag-Hunt,D,4917,C
359,28,5,1,5,Stag-Hunt,D,4933,D
359,28,6,9,6,Harmony,C,4954,C
359,28,7,2,6,Stag-Hunt,D,4980,D
359,28,8,2,11,Prisoner's Dilemma,D,4999,D
359,28,9,3,13,Prisoner's Dilemma,D,5017,D
359,28,10,9,15,Snow Drift,C,5025,D
359,28,11,8,14,Snow Drift,C,5045,C
359,28,12,6,6,Harmony,C,5066,C
359,28,13,7,10,border Harmony/Snow Drift,C,5086,C
359,28,14,3,11,Prisoner's Dilemma,D,5111,D
359,28,15,4,12,Prisoner's Dilemma,D,5118,D
360,29,1,0,14,Prisoner's Dilemma,D,5152,C
360,29,2,1,6,Stag-Hunt,D,5161,C
360,29,3,10,12,Snow Drift,C,5180,D
360,29,4,2,7,Stag-Hunt,D,5193,D
360,29,5,6,11,Snow Drift,D,5213,C
360,29,6,1,7,Stag-Hunt,D,5232,C
360,29,7,6,11,Snow Drift,D,5260,D
360,29,8,3,13,Prisoner's Dilemma,D,5267,D
360,29,9,6,7,Harmony,D,5281,D
360,29,10,0,13,Prisoner's Dilemma,D,5304,C
360,29,11,4,12,Prisoner's Dilemma,D,5330,D
360,29,12,3,15,Prisoner's Dilemma,C,5349,D
360,29,13,10,14,Snow Drift,D,5352,D
360,29,14,7,13,Snow Drift,D,5374,D
360,29,15,8,12,Snow Drift,D,5390,D
360,29,16,4,11,Prisoner's Dilemma,D,5416,C
361,29,1,4,15,Prisoner's Dilemma,D,5135,D
361,29,2,1,6,Stag-Hunt,C,5162,D
361,29,3,3,6,Stag-Hunt,C,5181,D
361,29,4,2,10,border Stag-Hunt/Prisoner's Dilemma,C,5201,D
361,29,5,0,5,Stag-Hunt,D,5210,D
361,29,6,1,9,Stag-Hunt,D,5230,D
361,29,7,1,14,Prisoner's Dilemma,D,5243,D
361,29,8,0,5,Stag-Hunt,D,5263,D
361,29,9,0,12,Prisoner's Dilemma,D,5291,D
361,29,10,0,13,Prisoner's Dilemma,D,5310,D
361,29,11,0,13,Prisoner's Dilemma,D,5327,D
361,29,12,6,5,Harmony,C,5334,C
361,29,13,2,6,Stag-Hunt,D,5359,D
361,29,14,10,10,border Harmony/Snow Drift,C,5375,D
361,29,15,5,9,border Harmony/Stag-Hunt,C,5395,D
361,29,16,2,10,border Stag-Hunt/Prisoner's Dilemma,D,5421,D
362,29,1,0,14,Prisoner's Dilemma,C,5151,D
362,29,2,4,11,Prisoner's Dilemma,D,5164,D
362,29,3,1,8,Stag-Hunt,D,5173,C
362,29,4,6,10,border Harmony/Snow Drift,D,5192,D
362,29,5,3,7,Stag-Hunt,D,5217,D
362,29,6,6,13,Snow Drift,D,5237,D
362,29,7,3,7,Stag-Hunt,D,5254,D
362,29,8,5,7,border Harmony/Stag-Hunt,D,5277,D
362,29,9,1,10,border Stag-Hunt/Prisoner's Dilemma,D,5288,D
362,29,10,4,6,Stag-Hunt,D,5307,D
362,29,11,0,13,Prisoner's Dilemma,D,5328,D
362,29,12,7,5,Harmony,C,5335,C
362,29,13,7,11,Snow Drift,C,5364,D
362,29,14,8,12,Snow Drift,D,5380,D
362,29,15,10,15,Snow Drift,D,5398,D
362,29,16,7,8,Harmony,D,5411,D
363,29,1,2,7,Stag-Hunt,D,5143,C
363,29,2,10,11,Snow Drift,D,5170,D
363,29,3,10,12,Snow Drift,D,5179,C
363,29,4,7,10,border Harmony/Snow Drift,C,5205,C
363,29,5,1,12,Prisoner's Dilemma,C,5208,D
363,29,6,1,5,Stag-Hunt,C,5236,D
363,29,7,1,9,Stag-Hunt,D,5252,D
363,29,8,0,8,Stag-Hunt,D,5275,D
363,29,9,0,10,border Stag-Hunt/Prisoner's Dilemma,C,5286,C
363,29,10,7,9,Harmony,D,5313,C
363,29,11,4,14,Prisoner's Dilemma,C,5326,C
363,29,12,3,14,Prisoner's Dilemma,C,5337,D
363,29,13,2,11,Prisoner's Dilemma,C,5358,D
363,29,14,4,5,Stag-Hunt,C,5377,C
363,29,15,2,9,Stag-Hunt,D,5402,D
363,29,16,4,11,Prisoner's Dilemma,C,5415,D
365,29,1,1,8,Stag-Hunt,D,5150,D
365,29,2,0,7,Stag-Hunt,D,5157,C
365,29,3,7,12,Snow Drift,D,5176,D
365,29,4,6,10,border Harmony/Snow Drift,D,5191,D
365,29,5,0,5,Stag-Hunt,D,5209,D
365,29,6,9,6,Harmony,C,5242,C
365,29,7,7,5,Harmony,C,5250,C
365,29,8,4,12,Prisoner's Dilemma,D,5261,D
365,29,9,6,7,Harmony,D,5282,D
365,29,10,0,13,Prisoner's Dilemma,D,5309,D
365,29,11,2,5,Stag-Hunt,D,5318,C
365,29,12,1,9,Stag-Hunt,D,5344,D
365,29,13,1,10,border Stag-Hunt/Prisoner's Dilemma,D,5361,D
365,29,14,5,5,border Harmony/Stag-Hunt,C,5382,C
365,29,15,2,15,Prisoner's Dilemma,D,5392,D
365,29,16,7,8,Harmony,D,5412,D
366,29,1,2,7,Stag-Hunt,C,5144,D
366,29,2,10,11,Snow Drift,D,5169,D
366,29,3,3,6,Stag-Hunt,D,5182,C
366,29,4,7,7,Harmony,C,5195,C
366,29,5,10,7,Harmony,D,5222,C
366,29,6,3,12,Prisoner's Dilemma,C,5227,D
366,29,7,8,10,border Harmony/Snow Drift,C,5258,C
366,29,8,1,10,border Stag-Hunt/Prisoner's Dilemma,D,5274,C
366,29,9,7,6,Harmony,D,5294,C
366,29,10,0,13,Prisoner's Dilemma,C,5303,D
366,29,11,4,14,Prisoner's Dilemma,C,5325,C
366,29,12,3,15,Prisoner's Dilemma,D,5350,C
366,29,13,6,11,Snow Drift,D,5354,C
366,29,14,3,15,Prisoner's Dilemma,C,5386,C
366,29,15,2,9,Stag-Hunt,D,5401,D
366,29,16,2,6,Stag-Hunt,C,5417,D
367,29,1,1,8,Stag-Hunt,D,5149,D
367,29,2,6,12,Snow Drift,D,5165,C
367,29,3,1,8,Stag-Hunt,C,5174,D
367,29,4,3,15,Prisoner's Dilemma,C,5204,D
367,29,5,6,11,Snow Drift,C,5214,D
367,29,6,0,6,Stag-Hunt,D,5226,D
367,29,7,6,11,Snow Drift,D,5259,D
367,29,8,0,8,Stag-Hunt,D,5276,D
367,29,9,0,15,Prisoner's Dilemma,D,5280,D
367,29,10,7,6,Harmony,C,5306,C
367,29,11,4,12,Prisoner's Dilemma,D,5329,D
367,29,12,6,5,Harmony,C,5333,C
367,29,13,3,14,Prisoner's Dilemma,D,5366,D
367,29,14,8,11,Snow Drift,D,5370,D
367,29,15,10,15,Snow Drift,D,5397,D
367,29,16,9,9,Harmony,C,5420,C
368,29,1,0,15,Prisoner's Dilemma,D,5137,D
368,29,2,4,11,Prisoner's Dilemma,D,5163,D
368,29,3,3,7,Stag-Hunt,C,5172,C
368,29,4,10,13,Snow Drift,D,5190,D
368,29,5,10,8,Harmony,D,5224,C
368,29,6,0,6,Stag-Hunt,D,5225,D
368,29,7,10,12,Snow Drift,D,5246,D
368,29,8,7,7,Harmony,C,5269,C
368,29,9,0,15,Prisoner's Dilemma,D,5279,D
368,29,10,7,15,Snow Drift,D,5298,D
368,29,11,9,11,Snow Drift,D,5316,D
368,29,12,3,14,Prisoner's Dilemma,D,5338,C
368,29,13,10,14,Snow Drift,D,5367,D
368,29,14,8,12,Snow Drift,D,5379,D
368,29,15,3,15,Prisoner's Dilemma,D,5404,D
368,29,16,10,6,Harmony,C,5405,C
369,29,1,3,5,Stag-Hunt,C,5142,D
369,29,2,8,9,Harmony,C,5155,D
369,29,3,2,14,Prisoner's Dilemma,D,5187,D
369,29,4,2,10,border Stag-Hunt/Prisoner's Dilemma,D,5202,C
369,29,5,10,8,Harmony,C,5223,D
369,29,6,3,8,Stag-Hunt,C,5239,C
369,29,7,10,5,Harmony,C,5256,C
369,29,8,4,12,Prisoner's Dilemma,D,5262,D
369,29,9,3,15,Prisoner's Dilemma,D,5289,D
369,29,10,10,5,Harmony,C,5302,C
369,29,11,7,5,Harmony,C,5320,D
369,29,12,2,6,Stag-Hunt,C,5348,D
369,29,13,1,10,border Stag-Hunt/Prisoner's Dilemma,D,5362,D
369,29,14,8,11,Snow Drift,D,5369,D
369,29,15,10,7,Harmony,C,5400,C
369,29,16,6,6,Harmony,C,5408,C
370,29,1,4,15,Prisoner's Dilemma,D,5136,D
370,29,2,6,12,Snow Drift,C,5166,D
370,29,3,3,7,Stag-Hunt,C,5171,C
370,29,4,4,7,Stag-Hunt,C,5198,D
370,29,5,5,15,border Snow Drift/Prisoner's Dilemma,D,5220,D
370,29,6,1,13,Prisoner's Dilemma,C,5233,D
370,29,7,8,10,border Harmony/Snow Drift,C,5257,C
370,29,8,1,10,border Stag-Hunt/Prisoner's Dilemma,C,5273,D
370,29,9,0,10,border Stag-Hunt/Prisoner's Dilemma,C,5285,C
370,29,10,7,9,Harmony,C,5314,D
370,29,11,9,14,Snow Drift,C,5322,D
370,29,12,10,5,Harmony,C,5345,C
370,29,13,6,11,Snow Drift,C,5353,D
370,29,14,3,15,Prisoner's Dilemma,C,5385,C
370,29,15,6,9,Harmony,C,5393,D
370,29,16,0,5,Stag-Hunt,C,5413,D
371,29,1,4,14,Prisoner's Dilemma,D,5147,D
371,29,2,2,14,Prisoner's Dilemma,D,5160,D
371,29,3,3,9,Stag-Hunt,D,5185,D
371,29,4,7,7,Harmony,C,5196,C
371,29,5,1,12,Prisoner's Dilemma,D,5207,C
371,29,6,9,6,Harmony,C,5241,C
371,29,7,5,7,border Harmony/Stag-Hunt,C,5247,D
371,29,8,5,7,border Harmony/Stag-Hunt,D,5266,D
371,29,9,1,10,border Stag-Hunt/Prisoner's Dilemma,D,5287,D
371,29,10,3,9,Stag-Hunt,D,5299,D
371,29,11,5,14,border Snow Drift/Prisoner's Dilemma,C,5324,D
371,29,12,2,6,Stag-Hunt,D,5347,C
371,29,13,2,6,Stag-Hunt,D,5360,D
371,29,14,4,5,Stag-Hunt,C,5378,C
371,29,15,6,9,Harmony,D,5394,C
371,29,16,6,6,Harmony,C,5407,C
372,29,1,3,5,Stag-Hunt,D,5141,C
372,29,2,3,10,border Stag-Hunt/Prisoner's Dilemma,D,5153,D
372,29,3,9,9,Harmony,C,5183,D
372,29,4,2,7,Stag-Hunt,D,5194,D
372,29,5,6,15,Snow Drift,D,5211,D
372,29,6,1,13,Prisoner's Dilemma,D,5234,C
372,29,7,1,14,Prisoner's Dilemma,D,5244,D
372,29,8,3,11,Prisoner's Dilemma,D,5272,D
372,29,9,1,6,Stag-Hunt,D,5295,D
372,29,10,7,15,Snow Drift,D,5297,D
372,29,11,5,14,border Snow Drift/Prisoner's Dilemma,D,5323,C
372,29,12,6,13,Snow Drift,D,5340,D
372,29,13,10,14,Snow Drift,D,5368,D
372,29,14,5,14,border Snow Drift/Prisoner's Dilemma,D,5371,D
372,29,15,2,15,Prisoner's Dilemma,D,5391,D
372,29,16,2,6,Stag-Hunt,D,5418,C
373,29,1,1,14,Prisoner's Dilemma,D,5139,D
373,29,2,2,14,Prisoner's Dilemma,D,5159,D
373,29,3,3,9,Stag-Hunt,D,5186,D
373,29,4,10,13,Snow Drift,D,5189,D
373,29,5,6,15,Snow Drift,D,5212,D
373,29,6,3,12,Prisoner's Dilemma,D,5228,C
373,29,7,10,12,Snow Drift,D,5245,D
373,29,8,3,11,Prisoner's Dilemma,D,5271,D
373,29,9,0,12,Prisoner's Dilemma,D,5292,D
373,29,10,5,7,border Harmony/Stag-Hunt,D,5312,D
373,29,11,9,14,Snow Drift,D,5321,C
373,29,12,6,13,Snow Drift,D,5339,D
373,29,13,8,10,border Harmony/Snow Drift,C,5355,D
373,29,14,5,14,border Snow Drift/Prisoner's Dilemma,D,5372,D
373,29,15,9,10,border Harmony/Snow Drift,C,5388,D
373,29,16,9,9,Harmony,C,5419,C
374,29,1,8,13,Snow Drift,C,5146,D
374,29,2,3,10,border Stag-Hunt/Prisoner's Dilemma,D,5168,D
374,29,3,8,8,Harmony,C,5177,C
374,29,4,0,9,Stag-Hunt,C,5199,D
374,29,5,9,13,Snow Drift,D,5215,D
374,29,6,1,7,Stag-Hunt,C,5231,D
374,29,7,3,7,Stag-Hunt,D,5253,D
374,29,8,7,7,Harmony,C,5270,C
374,29,9,4,11,Prisoner's Dilemma,D,5284,D
374,29,10,10,5,Harmony,C,5301,C
374,29,11,2,5,Stag-Hunt,C,5317,D
374,29,12,1,13,Prisoner's Dilemma,D,5342,D
374,29,13,3,14,Prisoner's Dilemma,D,5365,D
374,29,14,10,10,border Harmony/Snow Drift,D,5376,C
374,29,15,3,15,Prisoner's Dilemma,D,5403,D
374,29,16,2,10,border Stag-Hunt/Prisoner's Dilemma,D,5422,D
375,29,1,0,15,Prisoner's Dilemma,D,5138,D
375,29,2,3,10,border Stag-Hunt/Prisoner's Dilemma,D,5154,D
375,29,3,7,12,Snow Drift,D,5175,D
375,29,4,4,7,Stag-Hunt,D,5197,C
375,29,5,3,7,Stag-Hunt,D,5218,D
375,29,6,6,13,Snow Drift,D,5238,D
375,29,7,7,5,Harmony,C,5249,C
375,29,8,5,7,border Harmony/Stag-Hunt,D,5278,D
375,29,9,7,6,Harmony,C,5293,D
375,29,10,3,9,Stag-Hunt,D,5300,D
375,29,11,9,11,Snow Drift,D,5315,D
375,29,12,10,5,Harmony,C,5346,C
375,29,13,2,11,Prisoner's Dilemma,D,5357,C
375,29,14,5,5,border Harmony/Stag-Hunt,C,5381,C
375,29,15,5,9,border Harmony/Stag-Hunt,D,5396,C
375,29,16,8,12,Snow Drift,D,5410,D
376,29,1,8,13,Snow Drift,D,5145,C
376,29,2,0,7,Stag-Hunt,C,5158,D
376,29,3,9,9,Harmony,D,5184,C
376,29,4,3,15,Prisoner's Dilemma,D,5203,C
376,29,5,5,15,border Snow Drift/Prisoner's Dilemma,D,5219,D
376,29,6,3,8,Stag-Hunt,C,5240,C
376,29,7,10,5,Harmony,C,5255,C
376,29,8,5,7,border Harmony/Stag-Hunt,D,5265,D
376,29,9,1,6,Stag-Hunt,D,5296,D
376,29,10,7,6,Harmony,C,5305,C
376,29,11,10,15,Snow Drift,D,5331,D
376,29,12,7,5,Harmony,C,5336,C
376,29,13,10,14,Snow Drift,D,5351,D
376,29,14,8,13,Snow Drift,D,5383,D
376,29,15,10,7,Harmony,C,5399,C
376,29,16,0,5,Stag-Hunt,D,5414,C
377,29,1,4,14,Prisoner's Dilemma,D,5148,D
377,29,2,8,9,Harmony,D,5156,C
377,29,3,2,14,Prisoner's Dilemma,D,5188,D
377,29,4,7,10,border Harmony/Snow Drift,C,5206,C
377,29,5,9,13,Snow Drift,D,5216,D
377,29,6,1,9,Stag-Hunt,D,5229,D
377,29,7,5,7,border Harmony/Stag-Hunt,D,5248,C
377,29,8,3,13,Prisoner's Dilemma,D,5268,D
377,29,9,3,15,Prisoner's Dilemma,D,5290,D
377,29,10,4,6,Stag-Hunt,D,5308,D
377,29,11,7,5,Harmony,D,5319,C
377,29,12,1,9,Stag-Hunt,D,5343,D
377,29,13,8,10,border Harmony/Snow Drift,D,5356,C
377,29,14,8,13,Snow Drift,D,5384,D
377,29,15,8,12,Snow Drift,D,5389,D
377,29,16,10,6,Harmony,C,5406,C
378,29,1,1,14,Prisoner's Dilemma,D,5140,D
378,29,2,3,10,border Stag-Hunt/Prisoner's Dilemma,D,5167,D
378,29,3,8,8,Harmony,C,5178,C
378,29,4,0,9,Stag-Hunt,D,5200,C
378,29,5,10,7,Harmony,C,5221,D
378,29,6,1,5,Stag-Hunt,D,5235,C
378,29,7,1,9,Stag-Hunt,D,5251,D
378,29,8,0,5,Stag-Hunt,D,5264,D
378,29,9,4,11,Prisoner's Dilemma,D,5283,D
378,29,10,5,7,border Harmony/Stag-Hunt,D,5311,D
378,29,11,10,15,Snow Drift,D,5332,D
378,29,12,1,13,Prisoner's Dilemma,D,5341,D
378,29,13,7,11,Snow Drift,D,5363,C
378,29,14,7,13,Snow Drift,D,5373,D
378,29,15,9,10,border Harmony/Snow Drift,D,5387,C
378,29,16,8,12,Snow Drift,D,5409,D
379,30,1,8,7,Harmony,C,5437,C
379,30,2,0,12,Prisoner's Dilemma,C,5441,C
379,30,3,5,12,border Snow Drift/Prisoner's Dilemma,C,Dummy,C
379,30,4,10,8,Harmony,C,5478,C
379,30,5,6,14,Snow Drift,C,5493,D
379,30,6,3,8,Stag-Hunt,D,5511,C
379,30,7,6,13,Snow Drift,D,5536,D
379,30,8,9,10,border Harmony/Snow Drift,C,Dummy,D
379,30,9,8,5,Harmony,C,5569,C
379,30,10,2,9,Stag-Hunt,C,5588,D
379,30,11,2,11,Prisoner's Dilemma,D,Dummy,C
379,30,12,4,14,Prisoner's Dilemma,D,5616,C
379,30,13,1,9,Stag-Hunt,D,5628,D
379,30,14,2,11,Prisoner's Dilemma,C,5656,D
379,30,15,5,7,border Harmony/Stag-Hunt,D,Dummy,D
379,30,16,3,11,Prisoner's Dilemma,D,5690,D
379,30,17,8,15,Snow Drift,C,5708,D
379,30,18,4,12,Prisoner's Dilemma,D,Dummy,C
380,30,1,1,10,border Stag-Hunt/Prisoner's Dilemma,C,5427,D
380,30,2,0,12,Prisoner's Dilemma,C,5440,C
380,30,3,2,6,Stag-Hunt,C,5470,D
380,30,4,9,12,Snow Drift,C,5476,C
380,30,5,10,9,Harmony,C,5491,C
380,30,6,5,7,border Harmony/Stag-Hunt,C,5518,C
380,30,7,10,12,Snow Drift,D,Dummy,C
380,30,8,5,11,border Snow Drift/Prisoner's Dilemma,D,Dummy,D
380,30,9,8,5,Harmony,C,5568,C
380,30,10,8,5,Harmony,C,Dummy,D
380,30,11,2,6,Stag-Hunt,D,5602,C
380,30,12,0,15,Prisoner's Dilemma,D,5621,D
380,30,13,5,15,border Snow Drift/Prisoner's Dilemma,D,5631,D
380,30,14,2,11,Prisoner's Dilemma,D,5657,C
380,30,15,2,12,Prisoner's Dilemma,D,5668,D
380,30,16,9,14,Snow Drift,D,5693,D
380,30,17,1,11,Prisoner's Dilemma,D,Dummy,C
380,30,18,7,8,Harmony,D,5715,C
381,30,1,1,10,border Stag-Hunt/Prisoner's Dilemma,D,5428,C
381,30,2,6,5,Harmony,D,5444,C
381,30,3,3,10,border Stag-Hunt/Prisoner's Dilemma,D,5464,D
381,30,4,10,8,Harmony,D,Dummy,D
381,30,5,3,9,Stag-Hunt,C,5503,D
381,30,6,1,12,Prisoner's Dilemma,C,5522,D
381,30,7,6,13,Snow Drift,D,5535,D
381,30,8,5,15,border Snow Drift/Prisoner's Dilemma,D,5545,D
381,30,9,8,13,Snow Drift,D,5560,C
381,30,10,3,7,Stag-Hunt,D,5579,D
381,30,11,8,6,Harmony,C,5600,C
381,30,12,7,11,Snow Drift,C,5625,D
381,30,13,5,15,border Snow Drift/Prisoner's Dilemma,D,5632,D
381,30,14,10,11,Snow Drift,C,5655,D
381,30,15,2,12,Prisoner's Dilemma,D,5667,D
381,30,16,6,6,Harmony,C,5684,C
381,30,17,6,14,Snow Drift,D,Dummy,C
381,30,18,2,6,Stag-Hunt,D,5726,D
382,30,1,8,15,Snow Drift,D,Dummy,C
382,30,2,6,5,Harmony,C,5445,D
382,30,3,2,6,Stag-Hunt,D,5469,C
382,30,4,8,12,Snow Drift,D,5481,C
382,30,5,1,11,Prisoner's Dilemma,D,5501,D
382,30,6,1,14,Prisoner's Dilemma,D,Dummy,D
382,30,7,3,12,Prisoner's Dilemma,D,5533,D
382,30,8,7,6,Harmony,C,5552,C
382,30,9,9,8,Harmony,C,Dummy,D
382,30,10,2,9,Stag-Hunt,D,5589,C
382,30,11,8,6,Harmony,C,5599,C
382,30,12,7,14,Snow Drift,D,Dummy,C
382,30,13,2,13,Prisoner's Dilemma,D,5635,D
382,30,14,4,6,Stag-Hunt,D,5644,D
382,30,15,10,6,Harmony,C,5666,C
382,30,16,7,13,Snow Drift,D,5681,C
382,30,17,8,15,Snow Drift,D,5707,C
382,30,18,2,13,Prisoner's Dilemma,D,5723,D
383,30,1,7,7,Harmony,C,5435,C
383,30,2,0,6,Stag-Hunt,C,5446,C
383,30,3,6,15,Snow Drift,C,5472,D
383,30,4,5,7,border Harmony/Stag-Hunt,D,5484,D
383,30,5,10,9,Harmony,C,5492,C
383,30,6,1,12,Prisoner's Dilemma,D,5523,C
383,30,7,3,12,Prisoner's Dilemma,D,5534,D
383,30,8,4,8,Stag-Hunt,D,5554,D
383,30,9,5,12,border Snow Drift/Prisoner's Dilemma,D,5574,C
383,30,10,9,7,Harmony,C,5591,C
383,30,11,6,13,Snow Drift,C,Dummy,D
383,30,12,4,14,Prisoner's Dilemma,C,5617,D
383,30,13,7,15,Snow Drift,C,5642,C
383,30,14,0,10,border Stag-Hunt/Prisoner's Dilemma,C,5649,D
383,30,15,3,6,Stag-Hunt,C,5669,C
383,30,16,10,15,Snow Drift,C,5683,C
383,30,17,1,6,Stag-Hunt,C,5696,D
383,30,18,2,8,Stag-Hunt,D,5724,C
384,30,1,8,7,Harmony,C,5438,C
384,30,2,7,8,Harmony,C,5442,D
384,30,3,5,11,border Snow Drift/Prisoner's Dilemma,D,5460,C
384,30,4,8,12,Snow Drift,C,5480,D
384,30,5,6,5,Harmony,D,5497,C
384,30,6,7,9,Harmony,C,5508,C
384,30,7,7,15,Snow Drift,C,Dummy,D
384,30,8,7,6,Harmony,C,5553,C
384,30,9,8,5,Harmony,C,5567,C
384,30,10,3,11,Prisoner's Dilemma,C,5583,D
384,30,11,4,7,Stag-Hunt,C,5593,D
384,30,12,10,10,border Harmony/Snow Drift,C,5612,C
384,30,13,7,9,Harmony,D,Dummy,C
384,30,14,6,6,Harmony,C,5651,C
384,30,15,0,11,Prisoner's Dilemma,C,5672,D
384,30,16,7,13,Snow Drift,C,5680,D
384,30,17,5,12,border Snow Drift/Prisoner's Dilemma,C,5698,C
384,30,18,8,14,Snow Drift,D,5719,D
385,30,1,2,9,Stag-Hunt,C,5432,C
385,30,2,5,12,border Snow Drift/Prisoner's Dilemma,C,5455,D
385,30,3,1,11,Prisoner's Dilemma,D,5468,C
385,30,4,3,10,border Stag-Hunt/Prisoner's Dilemma,D,5487,C
385,30,5,1,11,Prisoner's Dilemma,D,5502,D
385,30,6,5,7,border Harmony/Stag-Hunt,C,5519,C
385,30,7,10,11,Snow Drift,C,5525,D
385,30,8,5,11,border Snow Drift/Prisoner's Dilemma,C,5543,D
385,30,9,7,8,Harmony,C,5562,C
385,30,10,9,7,Harmony,C,5590,C
385,30,11,9,12,Snow Drift,C,5607,D
385,30,12,4,5,Stag-Hunt,C,5610,C
385,30,13,10,6,Harmony,C,Dummy,C
385,30,14,2,5,Stag-Hunt,D,5658,C
385,30,15,10,12,Snow Drift,D,Dummy,D
385,30,16,3,11,Prisoner's Dilemma,D,5691,D
385,30,17,1,6,Stag-Hunt,D,5695,C
385,30,18,8,14,Snow Drift,D,5718,D
387,30,1,3,10,border Stag-Hunt/Prisoner's Dilemma,C,5429,D
387,30,2,9,13,Snow Drift,D,5451,C
387,30,3,1,11,Prisoner's Dilemma,C,5467,D
387,30,4,8,12,Snow Drift,D,5482,D
387,30,5,3,12,Prisoner's Dilemma,C,5506,C
387,30,6,5,11,border Snow Drift/Prisoner's Dilemma,C,5512,D
387,30,7,7,9,Harmony,D,5530,C
387,30,8,6,13,Snow Drift,D,Dummy,C
387,30,9,0,14,Prisoner's Dilemma,D,5572,D
387,30,10,3,11,Prisoner's Dilemma,D,5582,C
387,30,11,7,9,Harmony,C,5604,D
387,30,12,5,15,border Snow Drift/Prisoner's Dilemma,D,5614,C
387,30,13,2,13,Prisoner's Dilemma,D,5636,D
387,30,14,10,11,Snow Drift,D,Dummy,C
387,30,15,10,14,Snow Drift,D,5663,D
387,30,16,6,6,Harmony,C,5685,C
387,30,17,9,15,Snow Drift,D,5700,D
387,30,18,7,14,Snow Drift,D,Dummy,D
388,30,1,6,5,Harmony,C,5433,D
388,30,2,7,12,Snow Drift,C,Dummy,C
388,30,3,3,5,Stag-Hunt,C,5465,D
388,30,4,9,12,Snow Drift,C,5477,C
388,30,5,9,13,Snow Drift,C,Dummy,C
388,30,6,7,9,Harmony,C,5509,C
388,30,7,7,9,Harmony,C,5529,D
388,30,8,1,6,Stag-Hunt,C,5547,D
388,30,9,0,14,Prisoner's Dilemma,D,5571,D
388,30,10,5,15,border Snow Drift/Prisoner's Dilemma,C,5587,D
388,30,11,1,7,Stag-Hunt,C,5606,C
388,30,12,5,15,border Snow Drift/Prisoner's Dilemma,C,5615,D
388,30,13,7,15,Snow Drift,C,5641,C
388,30,14,6,6,Harmony,C,5650,C
388,30,15,0,12,Prisoner's Dilemma,C,5673,D
388,30,16,10,15,Snow Drift,C,5682,C
388,30,17,5,12,border Snow Drift/Prisoner's Dilemma,C,5697,C
388,30,18,1,6,Stag-Hunt,C,5712,C
389,30,1,0,13,Prisoner's Dilemma,C,Dummy,D
389,30,2,0,6,Stag-Hunt,C,5447,C
389,30,3,5,11,border Snow Drift/Prisoner's Dilemma,C,5459,D
389,30,4,6,12,Snow Drift,D,Dummy,D
389,30,5,6,5,Harmony,C,5498,D
389,30,6,5,11,border Snow Drift/Prisoner's Dilemma,D,5513,C
389,30,7,5,6,border Harmony/Stag-Hunt,C,5531,C
389,30,8,1,9,Stag-Hunt,C,Dummy,D
389,30,9,1,10,border Stag-Hunt/Prisoner's Dilemma,C,Dummy,D
389,30,10,8,12,Snow Drift,D,5581,D
389,30,11,1,7,Stag-Hunt,C,5605,C
389,30,12,10,10,border Harmony/Snow Drift,C,5613,C
389,30,13,5,12,border Snow Drift/Prisoner's Dilemma,C,5629,D
389,30,14,2,5,Stag-Hunt,C,5659,D
389,30,15,0,12,Prisoner's Dilemma,D,5674,C
389,30,16,1,12,Prisoner's Dilemma,C,Dummy,D
389,30,17,8,14,Snow Drift,C,5704,C
389,30,18,7,8,Harmony,C,5714,D
390,30,1,6,5,Harmony,D,5434,C
390,30,2,7,8,Harmony,D,5443,C
390,30,3,10,10,border Harmony/Snow Drift,C,Dummy,C
390,30,4,10,8,Harmony,C,5479,C
390,30,5,6,14,Snow Drift,D,5494,C
390,30,6,6,11,Snow Drift,D,5520,C
390,30,7,5,6,border Harmony/Stag-Hunt,C,5532,C
390,30,8,1,6,Stag-Hunt,D,5546,C
390,30,9,7,8,Harmony,C,5561,C
390,30,10,8,6,Harmony,C,5585,C
390,30,11,4,5,Stag-Hunt,C,5598,C
390,30,12,4,5,Stag-Hunt,C,5611,C
390,30,13,9,6,Harmony,C,5634,C
390,30,14,4,6,Stag-Hunt,D,5645,D
390,30,15,0,11,Prisoner's Dilemma,D,5671,C
390,30,16,4,13,Prisoner's Dilemma,D,5678,D
390,30,17,5,7,border Harmony/Stag-Hunt,D,5701,D
390,30,18,2,13,Prisoner's Dilemma,D,5722,D
391,30,1,3,10,border Stag-Hunt/Prisoner's Dilemma,D,5430,C
391,30,2,1,6,Stag-Hunt,C,5449,C
391,30,3,6,9,Harmony,C,5458,C
391,30,4,8,12,Snow Drift,D,5483,D
391,30,5,10,13,Snow Drift,C,Dummy,C
391,30,6,3,11,Prisoner's Dilemma,D,Dummy,C
391,30,7,6,8,Harmony,C,5538,C
391,30,8,7,7,Harmony,C,Dummy,D
391,30,9,5,12,border Snow Drift/Prisoner's Dilemma,C,5573,D
391,30,10,8,6,Harmony,C,5584,C
391,30,11,4,7,Stag-Hunt,D,5594,C
391,30,12,0,13,Prisoner's Dilemma,D,Dummy,C
391,30,13,1,9,Stag-Hunt,D,5627,D
391,30,14,0,10,border Stag-Hunt/Prisoner's Dilemma,D,5648,C
391,30,15,3,6,Stag-Hunt,C,5670,C
391,30,16,4,13,Prisoner's Dilemma,D,5679,D
391,30,17,8,14,Snow Drift,C,5703,C
391,30,18,1,6,Stag-Hunt,C,5713,C
392,30,1,1,12,Prisoner's Dilemma,C,5425,C
392,30,2,9,13,Snow Drift,C,5450,D
392,30,3,3,10,border Stag-Hunt/Prisoner's Dilemma,D,5463,D
392,30,4,10,6,Harmony,C,5489,C
392,30,5,9,13,Snow Drift,D,5500,D
392,30,6,6,11,Snow Drift,C,5521,D
392,30,7,6,8,Harmony,C,5537,C
392,30,8,5,15,border Snow Drift/Prisoner's Dilemma,D,5544,D
392,30,9,8,13,Snow Drift,C,Dummy,D
392,30,10,8,12,Snow Drift,D,5580,D
392,30,11,4,5,Stag-Hunt,C,5597,C
392,30,12,7,11,Snow Drift,D,Dummy,D
392,30,13,1,8,Stag-Hunt,C,5639,C
392,30,14,0,8,Stag-Hunt,C,5652,D
392,30,15,10,6,Harmony,C,5665,C
392,30,16,1,12,Prisoner's Dilemma,D,Dummy,D
392,30,17,3,13,Prisoner's Dilemma,D,5706,D
392,30,18,2,8,Stag-Hunt,C,5725,D
393,30,1,2,9,Stag-Hunt,C,5431,C
393,30,2,3,11,Prisoner's Dilemma,D,Dummy,C
393,30,3,3,5,Stag-Hunt,D,5466,C
393,30,4,10,6,Harmony,C,5488,C
393,30,5,3,12,Prisoner's Dilemma,C,5505,C
393,30,6,7,15,Snow Drift,C,5517,D
393,30,7,1,14,Prisoner's Dilemma,D,Dummy,C
393,30,8,4,8,Stag-Hunt,D,5555,D
393,30,9,8,5,Harmony,C,5570,C
393,30,10,5,15,border Snow Drift/Prisoner's Dilemma,D,5586,C
393,30,11,9,12,Snow Drift,D,5608,C
393,30,12,0,15,Prisoner's Dilemma,D,5620,D
393,30,13,5,12,border Snow Drift/Prisoner's Dilemma,D,5630,C
393,30,14,7,15,Snow Drift,D,Dummy,C
393,30,15,10,14,Snow Drift,D,5664,D
393,30,16,9,14,Snow Drift,D,5692,D
393,30,17,9,15,Snow Drift,D,5699,D
393,30,18,2,6,Stag-Hunt,D,5727,D
394,30,1,7,7,Harmony,C,5436,C
394,30,2,5,12,border Snow Drift/Prisoner's Dilemma,D,5454,C
394,30,3,6,15,Snow Drift,D,5471,C
394,30,4,5,7,border Harmony/Stag-Hunt,D,5485,D
394,30,5,3,9,Stag-Hunt,D,Dummy,C
394,30,6,7,15,Snow Drift,D,5516,C
394,30,7,10,11,Snow Drift,D,5526,C
394,30,8,1,9,Stag-Hunt,C,5548,C
394,30,9,9,8,Harmony,,5564,C
394,30,10,10,11,Snow Drift,D,Dummy,D
394,30,11,7,9,Harmony,D,5603,C
394,30,12,1,5,Stag-Hunt,C,5619,C
394,30,13,9,6,Harmony,C,5633,C
394,30,14,4,10,border Stag-Hunt/Prisoner's Dilemma,D,Dummy,D
394,30,15,4,5,Stag-Hunt,C,5662,C
394,30,16,7,13,Snow Drift,D,5688,D
394,30,17,5,7,border Harmony/Stag-Hunt,D,5702,D
394,30,18,2,15,Prisoner's Dilemma,D,5717,C
395,30,1,1,12,Prisoner's Dilemma,C,5426,C
395,30,2,1,6,Stag-Hunt,C,5448,C
395,30,3,6,9,Harmony,C,5457,C
395,30,4,3,10,border Stag-Hunt/Prisoner's Dilemma,C,5486,D
395,30,5,9,13,Snow Drift,D,5499,D
395,30,6,3,8,Stag-Hunt,C,5510,D
395,30,7,7,15,Snow Drift,D,5540,C
395,30,8,9,10,border Harmony/Snow Drift,C,5550,C
395,30,9,6,11,Snow Drift,D,Dummy,C
395,30,10,3,7,Stag-Hunt,D,5578,D
395,30,11,2,6,Stag-Hunt,C,5601,D
395,30,12,1,5,Stag-Hunt,C,5618,C
395,30,13,1,8,Stag-Hunt,C,5640,C
395,30,14,0,8,Stag-Hunt,D,5653,C
395,30,15,4,5,Stag-Hunt,C,5661,C
395,30,16,7,13,Snow Drift,D,5689,D
395,30,17,3,13,Prisoner's Dilemma,D,5705,D
395,30,18,2,15,Prisoner's Dilemma,C,5716,D
396,31,1,10,12,Snow Drift,D,5739,C
396,31,2,10,6,Harmony,C,5756,C
396,31,3,9,12,Snow Drift,D,5765,C
396,31,4,4,5,Stag-Hunt,C,5777,D
396,31,5,7,9,Harmony,C,5802,C
396,31,6,8,9,Harmony,D,5820,C
396,31,7,7,5,Harmony,C,5831,C
396,31,8,6,8,Harmony,D,5856,C
396,31,9,9,13,Snow Drift,D,5857,C
396,31,10,4,9,Stag-Hunt,D,5883,D
396,31,11,3,13,Prisoner's Dilemma,D,5904,D
396,31,12,8,7,Harmony,D,5920,C
396,31,13,10,13,Snow Drift,D,5921,C
396,31,14,2,9,Stag-Hunt,D,5939,D
396,31,15,3,5,Stag-Hunt,D,5957,C
397,31,1,9,7,Harmony,C,5734,D
397,31,2,5,12,border Snow Drift/Prisoner's Dilemma,C,5746,D
397,31,3,6,13,Snow Drift,D,5773,D
397,31,4,2,6,Stag-Hunt,D,5786,C
397,31,5,1,6,Stag-Hunt,D,5793,C
397,31,6,0,5,Stag-Hunt,C,5809,C
397,31,7,7,5,Harmony,C,5832,C
397,31,8,6,8,Harmony,C,5855,D
397,31,9,8,12,Snow Drift,C,5860,D
397,31,10,9,15,Snow Drift,C,5879,D
397,31,11,3,12,Prisoner's Dilemma,D,5893,D
397,31,12,3,10,border Stag-Hunt/Prisoner's Dilemma,C,5916,D
397,31,13,6,11,Snow Drift,C,5924,D
397,31,14,3,13,Prisoner's Dilemma,D,5952,D
397,31,15,2,9,Stag-Hunt,D,5955,D
398,31,1,10,12,Snow Drift,C,5740,D
398,31,2,5,12,border Snow Drift/Prisoner's Dilemma,D,5749,C
398,31,3,9,12,Snow Drift,C,5766,D
398,31,4,2,6,Stag-Hunt,C,5785,D
398,31,5,7,9,Harmony,C,5801,C
398,31,6,10,12,Snow Drift,D,5813,C
398,31,7,6,13,Snow Drift,C,5837,D
398,31,8,2,10,border Stag-Hunt/Prisoner's Dilemma,D,5852,D
398,31,9,10,6,Harmony,C,5862,C
398,31,10,1,7,Stag-Hunt,D,5887,C
398,31,11,4,10,border Stag-Hunt/Prisoner's Dilemma,C,5899,D
398,31,12,6,9,Harmony,C,5917,D
398,31,13,6,15,Snow Drift,D,5929,D
398,31,14,2,10,border Stag-Hunt/Prisoner's Dilemma,D,5950,C
398,31,15,3,11,Prisoner's Dilemma,D,5964,C
399,31,1,6,15,Snow Drift,C,5741,C
399,31,2,6,8,Harmony,D,5747,D
399,31,3,3,9,Stag-Hunt,D,5776,C
399,31,4,10,9,Harmony,D,5781,C
399,31,5,10,15,Snow Drift,C,Dummy,C
399,31,6,7,15,Snow Drift,D,5822,D
399,31,7,6,15,Snow Drift,D,5830,D
399,31,8,0,9,Stag-Hunt,D,5847,C
399,31,9,10,15,Snow Drift,D,5865,D
399,31,10,10,11,Snow Drift,C,5885,D
399,31,11,4,10,border Stag-Hunt/Prisoner's Dilemma,D,5900,C
399,31,12,6,9,Harmony,D,5918,C
399,31,13,2,7,Stag-Hunt,D,5932,D
399,31,14,4,7,Stag-Hunt,D,5938,D
399,31,15,5,10,center of the TS plane,D,5965,D
400,31,1,10,7,Harmony,C,5738,C
400,31,2,5,12,border Snow Drift/Prisoner's Dilemma,D,5745,C
400,31,3,1,8,Stag-Hunt,D,5772,C
400,31,4,9,12,Snow Drift,D,5783,C
400,31,5,5,10,center of the TS plane,C,5795,D
400,31,6,5,15,border Snow Drift/Prisoner's Dilemma,D,5818,D
400,31,7,7,9,Harmony,D,5840,C
400,31,8,2,10,border Stag-Hunt/Prisoner's Dilemma,D,5851,D
400,31,9,10,9,Harmony,C,5870,D
400,31,10,4,9,Stag-Hunt,D,5884,D
400,31,11,10,13,Snow Drift,D,5895,C
400,31,12,7,5,Harmony,C,5911,C
400,31,13,6,15,Snow Drift,D,5930,D
400,31,14,3,13,Prisoner's Dilemma,D,5951,D
400,31,15,10,10,border Harmony/Snow Drift,C,5961,C
401,31,1,6,15,Snow Drift,C,5742,C
401,31,2,3,10,border Stag-Hunt/Prisoner's Dilemma,C,5759,D
401,31,3,3,9,Stag-Hunt,C,5775,D
401,31,4,1,6,Stag-Hunt,C,5779,D
401,31,5,2,12,Prisoner's Dilemma,D,5804,C
401,31,6,7,15,Snow Drift,D,5821,D
401,31,7,1,7,Stag-Hunt,D,5836,C
401,31,8,8,5,Harmony,C,5845,C
401,31,9,8,12,Snow Drift,D,5859,C
401,31,10,5,5,border Harmony/Stag-Hunt,C,5878,C
401,31,11,3,12,Prisoner's Dilemma,D,5894,D
401,31,12,1,9,Stag-Hunt,D,5905,C
401,31,13,4,9,Stag-Hunt,D,5933,D
401,31,14,4,7,Stag-Hunt,C,5947,C
401,31,15,5,10,center of the TS plane,D,5966,D
402,31,1,9,7,Harmony,D,5733,C
402,31,2,10,6,Harmony,C,5755,C
402,31,3,1,12,Prisoner's Dilemma,D,5761,D
402,31,4,9,12,Snow Drift,C,5784,D
402,31,5,5,10,center of the TS plane,D,5796,C
402,31,6,0,5,Stag-Hunt,C,5810,C
402,31,7,9,8,Harmony,D,5828,D
402,31,8,0,9,Stag-Hunt,C,5848,D
402,31,9,10,15,Snow Drift,D,5866,D
402,31,10,9,15,Snow Drift,D,5880,C
402,31,11,6,11,Snow Drift,D,5889,D
402,31,12,9,13,Snow Drift,D,5907,D
402,31,13,4,11,Prisoner's Dilemma,D,5928,D
402,31,14,3,13,Prisoner's Dilemma,D,5941,D
402,31,15,8,10,border Harmony/Snow Drift,D,5960,D
403,31,1,10,10,border Harmony/Snow Drift,C,5744,D
403,31,2,9,11,Snow Drift,D,5754,C
403,31,3,8,13,Snow Drift,C,5769,C
403,31,4,4,14,Prisoner's Dilemma,C,5789,C
403,31,5,10,15,Snow Drift,D,5807,C
403,31,6,4,5,Stag-Hunt,C,5811,D
403,31,7,9,8,Harmony,D,5827,D
403,31,8,6,8,Harmony,D,5850,C
403,31,9,9,13,Snow Drift,C,5858,D
403,31,10,5,10,center of the TS plane,D,5881,D
403,31,11,0,5,Stag-Hunt,D,5891,D
403,31,12,3,10,border Stag-Hunt/Prisoner's Dilemma,D,5915,C
403,31,13,6,13,Snow Drift,D,5926,D
403,31,14,7,7,Harmony,C,5946,C
403,31,15,3,11,Prisoner's Dilemma,C,5963,D
404,31,1,10,7,Harmony,C,5737,C
404,31,2,3,10,border Stag-Hunt/Prisoner's Dilemma,D,5760,C
404,31,3,8,13,Snow Drift,C,5770,C
404,31,4,1,6,Stag-Hunt,D,5780,C
404,31,5,2,12,Prisoner's Dilemma,C,5803,D
404,31,6,10,12,Snow Drift,C,5814,D
404,31,7,1,7,Stag-Hunt,C,5835,D
404,31,8,7,12,Snow Drift,D,5842,D
404,31,9,5,14,border Snow Drift/Prisoner's Dilemma,C,5872,C
404,31,10,5,10,center of the TS plane,D,5882,D
404,31,11,10,13,Snow Drift,C,5896,D
404,31,12,6,12,Snow Drift,C,5910,D
404,31,13,3,12,Prisoner's Dilemma,C,5936,D
404,31,14,4,7,Stag-Hunt,D,5937,D
404,31,15,8,10,border Harmony/Snow Drift,D,5959,D
405,31,1,10,9,Harmony,C,5731,C
405,31,2,6,8,Harmony,D,5748,D
405,31,3,1,12,Prisoner's Dilemma,D,5762,D
405,31,4,0,9,Stag-Hunt,D,5792,C
405,31,5,5,7,border Harmony/Stag-Hunt,C,5805,C
405,31,6,5,15,border Snow Drift/Prisoner's Dilemma,D,5817,D
405,31,7,7,9,Harmony,C,5839,D
405,31,8,8,5,Harmony,C,5846,C
405,31,9,5,6,border Harmony/Stag-Hunt,C,5868,C
405,31,10,5,5,border Harmony/Stag-Hunt,C,5877,C
405,31,11,0,6,Stag-Hunt,D,5902,C
405,31,12,6,12,Snow Drift,D,5909,C
405,31,13,2,7,Stag-Hunt,D,5931,D
405,31,14,4,7,Stag-Hunt,C,5948,C
405,31,15,3,5,Stag-Hunt,C,5958,D
406,31,1,10,9,Harmony,C,5732,C
406,31,2,10,11,Snow Drift,D,5752,D
406,31,3,10,13,Snow Drift,D,5764,D
406,31,4,0,9,Stag-Hunt,C,5791,D
406,31,5,5,7,border Harmony/Stag-Hunt,C,5806,C
406,31,6,4,5,Stag-Hunt,D,5812,C
406,31,7,6,15,Snow Drift,D,5829,D
406,31,8,0,11,Prisoner's Dilemma,D,5843,D
406,31,9,5,6,border Harmony/Stag-Hunt,C,5867,C
406,31,10,0,14,Prisoner's Dilemma,D,5875,D
406,31,11,6,11,Snow Drift,D,5890,D
406,31,12,9,13,Snow Drift,D,5908,D
406,31,13,4,11,Prisoner's Dilemma,D,5927,D
406,31,14,7,7,Harmony,C,5945,C
406,31,15,8,5,Harmony,C,5953,C
407,31,1,10,10,border Harmony/Snow Drift,D,5743,C
407,31,2,0,10,border Stag-Hunt/Prisoner's Dilemma,D,5757,C
407,31,3,3,15,Prisoner's Dilemma,C,5767,C
407,31,4,4,14,Prisoner's Dilemma,C,Dummy,D
407,31,5,1,5,Stag-Hunt,D,5797,C
407,31,6,8,9,Harmony,C,5819,D
407,31,7,6,13,Snow Drift,D,5838,C
407,31,8,7,12,Snow Drift,D,5841,D
407,31,9,10,9,Harmony,D,5869,C
407,31,10,2,12,Prisoner's Dilemma,D,5873,C
407,31,11,3,13,Prisoner's Dilemma,D,5903,D
407,31,12,8,7,Harmony,C,5919,D
407,31,13,3,12,Prisoner's Dilemma,D,5935,C
407,31,14,2,10,border Stag-Hunt/Prisoner's Dilemma,C,5949,D
407,31,15,10,10,border Harmony/Snow Drift,C,5962,C
408,31,1,0,5,Stag-Hunt,D,5729,C
408,31,2,0,10,border Stag-Hunt/Prisoner's Dilemma,C,5758,D
408,31,3,3,15,Prisoner's Dilemma,C,5768,C
408,31,4,10,14,Snow Drift,C,5787,C
408,31,5,3,7,Stag-Hunt,C,5799,D
408,31,6,7,12,Snow Drift,D,5823,D
408,31,7,5,10,center of the TS plane,C,5826,C
408,31,8,10,10,border Harmony/Snow Drift,C,5854,C
408,31,9,5,14,border Snow Drift/Prisoner's Dilemma,C,5871,C
408,31,10,2,12,Prisoner's Dilemma,C,5874,D
408,31,11,0,5,Stag-Hunt,D,5892,D
408,31,12,1,8,Stag-Hunt,C,5913,D
408,31,13,10,13,Snow Drift,C,5922,D
408,31,14,3,13,Prisoner's Dilemma,D,5942,D
408,31,15,5,5,border Harmony/Stag-Hunt,C,5968,C
409,31,1,0,5,Stag-Hunt,C,5730,D
409,31,2,10,11,Snow Drift,D,5751,D
409,31,3,10,13,Snow Drift,D,5763,D
409,31,4,10,9,Harmony,C,5782,D
409,31,5,1,5,Stag-Hunt,C,5798,D
409,31,6,2,6,Stag-Hunt,C,5815,D
409,31,7,10,6,Harmony,C,5833,C
409,31,8,0,11,Prisoner's Dilemma,D,5844,D
409,31,9,4,13,Prisoner's Dilemma,C,5863,D
409,31,10,1,7,Stag-Hunt,C,5888,D
409,31,11,0,6,Stag-Hunt,C,5901,D
409,31,12,1,9,Stag-Hunt,C,5906,D
409,31,13,6,13,Snow Drift,D,5925,D
409,31,14,2,9,Stag-Hunt,D,5940,D
409,31,15,8,5,Harmony,C,5954,C
410,31,1,7,5,Harmony,D,5736,C
410,31,2,5,12,border Snow Drift/Prisoner's Dilemma,C,5750,D
410,31,3,1,8,Stag-Hunt,C,5771,D
410,31,4,4,5,Stag-Hunt,D,5778,C
410,31,5,1,6,Stag-Hunt,C,5794,D
410,31,6,2,6,Stag-Hunt,D,5816,C
410,31,7,10,6,Harmony,C,5834,C
410,31,8,10,10,border Harmony/Snow Drift,C,5853,C
410,31,9,10,6,Harmony,C,5861,C
410,31,10,0,14,Prisoner's Dilemma,D,5876,D
410,31,11,1,9,Stag-Hunt,D,Dummy,C
410,31,12,7,5,Harmony,C,5912,C
410,31,13,4,9,Stag-Hunt,D,5934,D
410,31,14,4,9,Stag-Hunt,D,5943,D
410,31,15,5,5,border Harmony/Stag-Hunt,C,5967,C
411,31,1,7,5,Harmony,C,5735,D
411,31,2,9,11,Snow Drift,C,5753,D
411,31,3,6,13,Snow Drift,D,5774,D
411,31,4,10,14,Snow Drift,C,5788,C
411,31,5,3,7,Stag-Hunt,D,5800,C
411,31,6,7,12,Snow Drift,D,5824,D
411,31,7,5,10,center of the TS plane,C,5825,C
411,31,8,6,8,Harmony,C,5849,D
411,31,9,4,13,Prisoner's Dilemma,D,5864,C
411,31,10,10,11,Snow Drift,D,5886,C
411,31,11,1,9,Stag-Hunt,,5897,D
411,31,12,1,8,Stag-Hunt,D,5914,C
411,31,13,6,11,Snow Drift,D,5923,C
411,31,14,4,9,Stag-Hunt,D,5944,D
411,31,15,2,9,Stag-Hunt,D,5956,D
412,32,1,9,9,Harmony,C,5982,C
412,32,2,5,6,border Harmony/Stag-Hunt,D,5985,D
412,32,3,2,9,Stag-Hunt,D,5997,C
412,32,4,4,8,Stag-Hunt,D,6018,D
412,32,5,5,15,border Snow Drift/Prisoner's Dilemma,C,6025,D
412,32,6,6,11,Snow Drift,D,6043,C
412,32,7,0,6,Stag-Hunt,C,6059,D
412,32,8,1,8,Stag-Hunt,D,6073,D
412,32,9,2,11,Prisoner's Dilemma,C,6094,C
412,32,10,3,5,Stag-Hunt,C,6107,C
412,32,11,5,9,border Harmony/Stag-Hunt,C,6118,D
412,32,12,0,10,border Stag-Hunt/Prisoner's Dilemma,C,6135,D
412,32,13,3,6,Stag-Hunt,D,6150,C
412,32,14,9,15,Snow Drift,D,6163,D
412,32,15,9,14,Snow Drift,D,6176,D
412,32,16,2,13,Prisoner's Dilemma,D,6182,D
413,32,1,1,6,Stag-Hunt,D,5975,D
413,32,2,4,12,Prisoner's Dilemma,C,5990,D
413,32,3,5,5,border Harmony/Stag-Hunt,C,6004,C
413,32,4,4,8,Stag-Hunt,D,6013,C
413,32,5,8,9,Harmony,D,6027,C
413,32,6,8,10,border Harmony/Snow Drift,C,6049,C
413,32,7,7,7,Harmony,C,6065,C
413,32,8,8,12,Snow Drift,C,6067,D
413,32,9,7,15,Snow Drift,D,6082,C
413,32,10,2,6,Stag-Hunt,C,6099,D
413,32,11,9,14,Snow Drift,D,6115,C
413,32,12,10,12,Snow Drift,C,6125,C
413,32,13,8,8,Harmony,C,Dummy,D
413,32,14,1,5,Stag-Hunt,D,6152,D
413,32,15,5,10,center of the TS plane,C,6165,D
413,32,16,4,7,Stag-Hunt,C,6190,D
414,32,1,7,5,Harmony,C,5978,D
414,32,2,6,9,Harmony,C,5993,C
414,32,3,2,12,Prisoner's Dilemma,D,6008,D
414,32,4,10,5,Harmony,C,6016,C
414,32,5,2,15,Prisoner's Dilemma,D,6034,D
414,32,6,10,5,Harmony,C,6047,C
414,32,7,8,12,Snow Drift,D,6061,D
414,32,8,6,11,Snow Drift,D,6080,D
414,32,9,2,11,Prisoner's Dilemma,C,6093,C
414,32,10,5,14,border Snow Drift/Prisoner's Dilemma,C,6102,D
414,32,11,9,12,Snow Drift,D,6119,D
414,32,12,8,9,Harmony,D,Dummy,D
414,32,13,1,9,Stag-Hunt,D,6139,C
414,32,14,7,6,Harmony,C,6155,C
414,32,15,7,9,Harmony,C,6170,C
414,32,16,7,6,Harmony,C,6179,C
415,32,1,1,6,Stag-Hunt,D,5976,D
415,32,2,10,13,Snow Drift,C,5987,D
415,32,3,5,5,border Harmony/Stag-Hunt,C,6003,C
415,32,4,10,5,Harmony,C,6015,C
415,32,5,6,14,Snow Drift,D,6037,C
415,32,6,1,7,Stag-Hunt,D,6045,D
415,32,7,6,8,Harmony,D,6055,D
415,32,8,6,10,border Harmony/Snow Drift,C,6077,D
415,32,9,7,15,Snow Drift,C,6081,D
415,32,10,1,15,Prisoner's Dilemma,C,6096,D
415,32,11,8,12,Snow Drift,D,6114,D
415,32,12,10,12,Snow Drift,C,6126,C
415,32,13,10,6,Harmony,C,6144,C
415,32,14,8,6,Harmony,C,6160,C
415,32,15,10,12,Snow Drift,D,6167,C
415,32,16,4,13,Prisoner's Dilemma,D,6185,C
416,32,1,8,8,Harmony,C,5970,D
416,32,2,3,15,Prisoner's Dilemma,C,5995,D
416,32,3,9,13,Snow Drift,D,6002,C
416,32,4,1,14,Prisoner's Dilemma,D,6020,D
416,32,5,4,5,Stag-Hunt,D,6031,C
416,32,6,1,7,Stag-Hunt,D,6046,D
416,32,7,1,8,Stag-Hunt,D,Dummy,D
416,32,8,8,15,Snow Drift,D,6071,D
416,32,9,0,12,Prisoner's Dilemma,C,6084,D
416,32,10,3,5,Stag-Hunt,C,6108,C
416,32,11,2,9,Stag-Hunt,D,6109,D
416,32,12,6,5,Harmony,C,6128,C
416,32,13,8,9,Harmony,C,6148,C
416,32,14,10,5,Harmony,C,6157,C
416,32,15,9,14,Snow Drift,D,6175,D
416,32,16,4,13,Prisoner's Dilemma,C,6186,D
417,32,1,10,10,border Harmony/Snow Drift,C,5973,C
417,32,2,6,9,Harmony,C,5994,C
417,32,3,2,9,Stag-Hunt,C,5998,D
417,32,4,0,12,Prisoner's Dilemma,D,6021,D
417,32,5,6,14,Snow Drift,C,6038,D
417,32,6,4,5,Stag-Hunt,C,6052,D
417,32,7,1,8,Stag-Hunt,,6057,D
417,32,8,1,8,Stag-Hunt,D,6074,D
417,32,9,7,7,Harmony,C,6091,C
417,32,10,3,7,Stag-Hunt,C,6097,C
417,32,11,6,7,Harmony,D,6122,D
417,32,12,8,9,Harmony,,6132,D
417,32,13,8,8,Harmony,,6146,C
417,32,14,2,13,Prisoner's Dilemma,D,6154,D
417,32,15,9,8,Harmony,C,6174,C
417,32,16,3,5,Stag-Hunt,D,6191,C
418,32,1,6,8,Harmony,D,5979,C
418,32,2,4,12,Prisoner's Dilemma,D,5989,C
418,32,3,0,14,Prisoner's Dilemma,D,5999,D
418,32,4,4,8,Stag-Hunt,C,6014,D
418,32,5,6,15,Snow Drift,C,6030,C
418,32,6,7,11,Snow Drift,D,6040,D
418,32,7,4,6,Stag-Hunt,C,6064,D
418,32,8,6,10,border Harmony/Snow Drift,D,6078,C
418,32,9,7,7,Harmony,C,6092,C
418,32,10,4,12,Prisoner's Dilemma,D,6105,D
418,32,11,6,7,Harmony,D,6121,D
418,32,12,10,14,Snow Drift,C,6130,D
418,32,13,10,6,Harmony,C,6143,C
418,32,14,2,8,Stag-Hunt,C,6162,C
418,32,15,6,12,Snow Drift,C,6171,C
418,32,16,3,5,Stag-Hunt,C,6183,D
419,32,1,9,9,Harmony,C,5981,C
419,32,2,10,13,Snow Drift,D,5988,C
419,32,3,6,8,Harmony,C,6005,C
419,32,4,8,12,Snow Drift,D,6024,C
419,32,5,8,9,Harmony,C,6028,D
419,32,6,6,11,Snow Drift,C,6044,D
419,32,7,0,6,Stag-Hunt,D,6060,C
419,32,8,8,10,border Harmony/Snow Drift,C,6070,C
419,32,9,6,7,Harmony,C,6089,C
419,32,10,4,6,Stag-Hunt,C,6103,C
419,32,11,9,14,Snow Drift,C,6116,D
419,32,12,5,13,border Snow Drift/Prisoner's Dilemma,D,6123,D
419,32,13,9,11,Snow Drift,C,6138,C
419,32,14,10,5,Harmony,C,6158,C
419,32,15,10,12,Snow Drift,C,6168,D
419,32,16,7,6,Harmony,C,6180,C
420,32,1,8,8,Harmony,D,5969,C
420,32,2,8,12,Snow Drift,D,5991,D
420,32,3,0,14,Prisoner's Dilemma,D,6000,D
420,32,4,8,8,Harmony,D,6011,C
420,32,5,9,15,Snow Drift,D,6036,D
420,32,6,8,10,border Harmony/Snow Drift,C,6050,C
420,32,7,4,6,Stag-Hunt,D,6063,C
420,32,8,0,12,Prisoner's Dilemma,C,6076,D
420,32,9,8,6,Harmony,C,6086,C
420,32,10,2,6,Stag-Hunt,D,6100,C
420,32,11,8,12,Snow Drift,D,6113,D
420,32,12,5,13,border Snow Drift/Prisoner's Dilemma,D,6124,D
420,32,13,3,6,Stag-Hunt,C,6149,D
420,32,14,9,15,Snow Drift,D,6164,D
420,32,15,10,11,Snow Drift,D,6178,D
420,32,16,3,5,Stag-Hunt,C,6192,D
421,32,1,2,9,Stag-Hunt,D,5972,C
421,32,2,5,6,border Harmony/Stag-Hunt,D,5986,D
421,32,3,9,13,Snow Drift,C,6001,D
421,32,4,4,8,Stag-Hunt,D,6017,D
421,32,5,9,15,Snow Drift,D,6035,D
421,32,6,10,5,Harmony,C,6041,C
421,32,7,8,12,Snow Drift,D,6062,D
421,32,8,0,12,Prisoner's Dilemma,D,6075,C
421,32,9,0,12,Prisoner's Dilemma,D,6083,C
421,32,10,5,14,border Snow Drift/Prisoner's Dilemma,D,6101,C
421,32,11,8,7,Harmony,C,6112,C
421,32,12,0,10,border Stag-Hunt/Prisoner's Dilemma,D,6136,C
421,32,13,3,8,Stag-Hunt,D,6142,D
421,32,14,2,13,Prisoner's Dilemma,D,6153,D
421,32,15,9,8,Harmony,C,6173,C
421,32,16,3,5,Stag-Hunt,D,6184,C
422,32,1,6,8,Harmony,C,5980,D
422,32,2,6,9,Harmony,C,5983,C
422,32,3,6,8,Harmony,C,6006,C
422,32,4,8,12,Snow Drift,C,6023,D
422,32,5,6,15,Snow Drift,C,6029,C
422,32,6,7,11,Snow Drift,D,6039,D
422,32,7,7,7,Harmony,C,6066,C
422,32,8,6,11,Snow Drift,D,6079,D
422,32,9,1,10,border Stag-Hunt/Prisoner's Dilemma,C,6088,D
422,32,10,4,12,Prisoner's Dilemma,D,6106,D
422,32,11,8,7,Harmony,C,6111,C
422,32,12,8,8,Harmony,C,6133,C
422,32,13,9,11,Snow Drift,C,6137,C
422,32,14,7,6,Harmony,C,6156,C
422,32,15,6,12,Snow Drift,C,6172,C
422,32,16,9,13,Snow Drift,C,6187,D
423,32,1,10,10,border Harmony/Snow Drift,C,5974,C
423,32,2,3,15,Prisoner's Dilemma,D,5996,C
423,32,3,2,12,Prisoner's Dilemma,D,6007,D
423,32,4,8,8,Harmony,C,6012,D
423,32,5,2,15,Prisoner's Dilemma,D,6033,D
423,32,6,10,5,Harmony,C,6042,C
423,32,7,6,8,Harmony,D,6056,D
423,32,8,8,12,Snow Drift,D,6068,C
423,32,9,1,10,border Stag-Hunt/Prisoner's Dilemma,D,6087,C
423,32,10,1,15,Prisoner's Dilemma,D,6095,C
423,32,11,5,9,border Harmony/Stag-Hunt,D,6117,C
423,32,12,6,5,Harmony,C,6127,C
423,32,13,3,8,Stag-Hunt,D,6141,D
423,32,14,1,5,Stag-Hunt,D,6151,D
423,32,15,10,11,Snow Drift,D,6177,D
423,32,16,2,13,Prisoner's Dilemma,D,6181,D
424,32,1,2,9,Stag-Hunt,C,5971,D
424,32,2,8,12,Snow Drift,D,5992,D
424,32,3,8,6,Harmony,C,6010,C
424,32,4,1,14,Prisoner's Dilemma,D,6019,D
424,32,5,5,15,border Snow Drift/Prisoner's Dilemma,D,6026,C
424,32,6,10,5,Harmony,C,6048,C
424,32,7,1,10,border Stag-Hunt/Prisoner's Dilemma,D,6053,D
424,32,8,8,10,border Harmony/Snow Drift,C,6069,C
424,32,9,6,7,Harmony,C,6090,C
424,32,10,3,7,Stag-Hunt,C,6098,C
424,32,11,9,12,Snow Drift,D,6120,D
424,32,12,10,14,Snow Drift,D,6129,C
424,32,13,1,9,Stag-Hunt,C,6140,D
424,32,14,2,8,Stag-Hunt,C,6161,C
424,32,15,7,9,Harmony,C,6169,C
424,32,16,9,13,Snow Drift,D,6188,C
425,32,1,7,5,Harmony,D,5977,C
425,32,2,6,9,Harmony,C,5984,C
425,32,3,8,6,Harmony,C,6009,C
425,32,4,0,12,Prisoner's Dilemma,D,6022,D
425,32,5,4,5,Stag-Hunt,C,6032,D
425,32,6,4,5,Stag-Hunt,D,6051,C
425,32,7,1,10,border Stag-Hunt/Prisoner's Dilemma,D,6054,D
425,32,8,8,15,Snow Drift,D,6072,D
425,32,9,8,6,Harmony,C,6085,C
425,32,10,4,6,Stag-Hunt,C,6104,C
425,32,11,2,9,Stag-Hunt,D,6110,D
425,32,12,8,8,Harmony,C,6134,C
425,32,13,8,9,Harmony,C,6147,C
425,32,14,8,6,Harmony,C,6159,C
425,32,15,5,10,center of the TS plane,D,6166,C
425,32,16,4,7,Stag-Hunt,D,6189,C
426,33,1,2,10,border Stag-Hunt/Prisoner's Dilemma,D,6198,D
426,33,2,6,8,Harmony,D,6201,C
426,33,3,7,14,Snow Drift,D,6211,D
426,33,4,3,8,Stag-Hunt,D,6219,D
426,33,5,4,5,Stag-Hunt,C,6223,C
426,33,6,5,12,border Snow Drift/Prisoner's Dilemma,D,Dummy,C
426,33,7,6,15,Snow Drift,C,6235,C
426,33,8,5,15,border Snow Drift/Prisoner's Dilemma,D,6247,D
426,33,9,4,7,Stag-Hunt,D,Dummy,C
426,33,10,2,14,Prisoner's Dilemma,C,6260,C
426,33,11,3,5,Stag-Hunt,D,Dummy,D
426,33,12,2,8,Stag-Hunt,D,6275,D
426,33,13,8,13,Snow Drift,D,Dummy,C
426,33,14,4,14,Prisoner's Dilemma,D,6285,D
426,33,15,8,14,Snow Drift,C,6294,C
426,33,16,3,15,Prisoner's Dilemma,C,6299,C
426,33,17,10,13,Snow Drift,D,Dummy,C
426,33,18,9,9,Harmony,C,6315,C
427,33,1,4,7,Stag-Hunt,C,Dummy,C
427,33,2,6,8,Harmony,C,6200,D
427,33,3,9,11,Snow Drift,C,6208,C
427,33,4,3,8,Stag-Hunt,D,6218,D
427,33,5,3,12,Prisoner's Dilemma,D,Dummy,C
427,33,6,7,12,Snow Drift,C,6229,C
427,33,7,4,7,Stag-Hunt,D,6238,D
427,33,8,0,5,Stag-Hunt,C,6244,C
427,33,9,1,11,Prisoner's Dilemma,D,6250,D
427,33,10,3,11,Prisoner's Dilemma,D,6258,D
427,33,11,1,13,Prisoner's Dilemma,D,6263,D
427,33,12,8,9,Harmony,C,Dummy,D
427,33,13,0,10,border Stag-Hunt/Prisoner's Dilemma,D,6278,D
427,33,14,4,14,Prisoner's Dilemma,D,6284,D
427,33,15,2,15,Prisoner's Dilemma,D,Dummy,D
427,33,16,7,14,Snow Drift,C,6300,C
427,33,17,8,7,Harmony,C,6306,C
427,33,18,9,9,Harmony,C,6314,C
428,33,1,1,14,Prisoner's Dilemma,C,Dummy,C
428,33,2,4,12,Prisoner's Dilemma,C,6205,D
428,33,3,3,9,Stag-Hunt,C,Dummy,D
428,33,4,0,6,Stag-Hunt,D,6214,C
428,33,5,4,5,Stag-Hunt,C,6224,C
428,33,6,6,8,Harmony,C,6231,D
428,33,7,6,7,Harmony,C,Dummy,D
428,33,8,5,15,border Snow Drift/Prisoner's Dilemma,D,6246,D
428,33,9,1,11,Prisoner's Dilemma,D,6249,D
428,33,10,2,14,Prisoner's Dilemma,C,6261,C
428,33,11,1,13,Prisoner's Dilemma,D,6264,D
428,33,12,2,12,Prisoner's Dilemma,D,Dummy,D
428,33,13,0,10,border Stag-Hunt/Prisoner's Dilemma,D,6277,D
428,33,14,0,7,Stag-Hunt,C,6289,C
428,33,15,8,14,Snow Drift,C,6293,C
428,33,16,7,14,Snow Drift,C,6301,C
428,33,17,2,11,Prisoner's Dilemma,D,6309,C
428,33,18,9,12,Snow Drift,C,Dummy,C
429,33,1,2,7,Stag-Hunt,C,6195,D
429,33,2,6,10,border Harmony/Snow Drift,C,Dummy,C
429,33,3,8,12,Snow Drift,C,Dummy,C
429,33,4,0,6,Stag-Hunt,C,6215,D
429,33,5,10,6,Harmony,C,Dummy,D
429,33,6,6,6,Harmony,C,Dummy,C
429,33,7,5,10,center of the TS plane,C,Dummy,C
429,33,8,7,12,Snow Drift,D,6242,C
429,33,9,0,14,Prisoner's Dilemma,D,6251,C
429,33,10,3,11,Prisoner's Dilemma,D,6259,D
429,33,11,2,15,Prisoner's Dilemma,D,6268,C
429,33,12,1,10,border Stag-Hunt/Prisoner's Dilemma,C,6272,C
429,33,13,2,10,border Stag-Hunt/Prisoner's Dilemma,C,Dummy,C
429,33,14,5,5,border Harmony/Stag-Hunt,C,6286,C
429,33,15,2,15,Prisoner's Dilemma,D,6296,D
429,33,16,1,8,Stag-Hunt,C,6302,C
429,33,17,2,11,Prisoner's Dilemma,C,6310,D
429,33,18,6,8,Harmony,C,Dummy,D
431,33,1,2,10,border Stag-Hunt/Prisoner's Dilemma,D,6197,D
431,33,2,4,12,Prisoner's Dilemma,D,6204,C
431,33,3,7,14,Snow Drift,D,6212,D
431,33,4,9,6,Harmony,C,6216,C
431,33,5,3,14,Prisoner's Dilemma,C,6225,C
431,33,6,6,8,Harmony,D,6230,C
431,33,7,4,7,Stag-Hunt,D,6237,D
431,33,8,7,12,Snow Drift,C,6243,D
431,33,9,1,12,Prisoner's Dilemma,D,Dummy,D
431,33,10,3,13,Prisoner's Dilemma,D,Dummy,C
431,33,11,3,10,border Stag-Hunt/Prisoner's Dilemma,D,Dummy,D
431,33,12,2,8,Stag-Hunt,D,6274,D
431,33,13,5,13,border Snow Drift/Prisoner's Dilemma,D,6279,C
431,33,14,5,5,border Harmony/Stag-Hunt,C,6287,C
431,33,15,1,10,border Stag-Hunt/Prisoner's Dilemma,C,Dummy,C
431,33,16,1,8,Stag-Hunt,C,6303,C
431,33,17,10,11,Snow Drift,C,Dummy,D
431,33,18,8,7,Harmony,C,6316,D
432,33,1,2,7,Stag-Hunt,D,6196,C
432,33,2,4,11,Prisoner's Dilemma,D,Dummy,D
432,33,3,9,11,Snow Drift,C,6207,C
432,33,4,9,6,Harmony,C,6217,C
432,33,5,3,14,Prisoner's Dilemma,C,6226,C
432,33,6,7,12,Snow Drift,C,6228,C
432,33,7,6,15,Snow Drift,C,6236,C
432,33,8,0,5,Stag-Hunt,C,6245,C
432,33,9,0,14,Prisoner's Dilemma,C,6252,D
432,33,10,7,7,Harmony,C,Dummy,C
432,33,11,2,15,Prisoner's Dilemma,C,6267,D
432,33,12,1,10,border Stag-Hunt/Prisoner's Dilemma,C,6273,C
432,33,13,5,13,border Snow Drift/Prisoner's Dilemma,C,6280,D
432,33,14,0,7,Stag-Hunt,C,6288,C
432,33,15,1,8,Stag-Hunt,C,Dummy,D
432,33,16,3,15,Prisoner's Dilemma,C,6298,C
432,33,17,8,7,Harmony,C,6305,C
432,33,18,8,7,Harmony,D,6317,C
434,34,1,0,14,Prisoner's Dilemma,C,Dummy,C
434,34,2,3,13,Prisoner's Dilemma,D,Dummy,C
434,34,3,5,5,border Harmony/Stag-Hunt,C,6332,C
434,34,4,3,13,Prisoner's Dilemma,D,6336,D
434,34,5,2,9,Stag-Hunt,D,Dummy,D
434,34,6,6,6,Harmony,C,6344,D
434,34,7,9,8,Harmony,C,6351,C
434,34,8,6,12,Snow Drift,C,6355,D
434,34,9,9,11,Snow Drift,C,6361,D
434,34,10,4,13,Prisoner's Dilemma,D,6367,C
434,34,11,5,12,border Snow Drift/Prisoner's Dilemma,D,6369,D
434,34,12,10,9,Harmony,C,Dummy,D
434,34,13,10,6,Harmony,D,6380,C
434,34,14,2,5,Stag-Hunt,C,6387,C
434,34,15,10,13,Snow Drift,C,6392,D
434,34,16,9,8,Harmony,C,6395,C
435,34,1,3,15,Prisoner's Dilemma,D,6321,C
435,34,2,8,10,border Harmony/Snow Drift,C,6324,D
435,34,3,0,11,Prisoner's Dilemma,D,Dummy,C
435,34,4,3,13,Prisoner's Dilemma,D,6337,D
435,34,5,5,13,border Snow Drift/Prisoner's Dilemma,D,6341,C
435,34,6,5,5,border Harmony/Stag-Hunt,C,Dummy,D
435,34,7,9,10,border Harmony/Snow Drift,D,6350,C
435,34,8,6,12,Snow Drift,D,6356,C
435,34,9,9,11,Snow Drift,D,6362,C
435,34,10,6,13,Snow Drift,D,Dummy,C
435,34,11,5,12,border Snow Drift/Prisoner's Dilemma,D,6370,D
435,34,12,10,6,Harmony,C,6377,C
435,34,13,9,6,Harmony,C,Dummy,D
435,34,14,4,11,Prisoner's Dilemma,D,6385,C
435,34,15,10,13,Snow Drift,D,6391,C
435,34,16,9,8,Harmony,C,6394,C
436,34,1,3,15,Prisoner's Dilemma,C,6322,D
436,34,2,5,8,border Harmony/Stag-Hunt,C,6326,C
436,34,3,9,12,Snow Drift,D,6329,D
436,34,4,10,13,Snow Drift,C,6335,D
436,34,5,5,13,border Snow Drift/Prisoner's Dilemma,C,6342,D
436,34,6,2,11,Prisoner's Dilemma,C,6347,D
436,34,7,4,6,Stag-Hunt,D,Dummy,C
436,34,8,9,13,Snow Drift,D,Dummy,D
436,34,9,5,15,border Snow Drift/Prisoner's Dilemma,C,6360,D
436,34,10,8,7,Harmony,C,6365,D
436,34,11,1,8,Stag-Hunt,C,6372,C
436,34,12,10,6,Harmony,C,6376,C
436,34,13,10,6,Harmony,C,6379,D
436,34,14,4,11,Prisoner's Dilemma,C,6384,D
436,34,15,0,6,Stag-Hunt,C,6389,D
436,34,16,2,9,Stag-Hunt,C,6397,C
437,34,1,9,6,Harmony,C,6320,C
437,34,2,5,8,border Harmony/Stag-Hunt,C,6327,C
437,34,3,9,12,Snow Drift,D,6330,D
437,34,4,6,9,Harmony,C,Dummy,C
437,34,5,7,9,Harmony,C,6340,D
437,34,6,2,11,Prisoner's Dilemma,D,6346,C
437,34,7,9,8,Harmony,C,6352,C
437,34,8,6,12,Snow Drift,D,6354,C
437,34,9,8,8,Harmony,C,Dummy,C
437,34,10,4,13,Prisoner's Dilemma,C,6366,D
437,34,11,1,8,Stag-Hunt,C,6371,C
437,34,12,6,11,Snow Drift,C,6374,D
437,34,13,6,5,Harmony,C,6382,D
437,34,14,2,5,Stag-Hunt,C,6386,C
437,34,15,3,12,Prisoner's Dilemma,C,Dummy,C
437,34,16,2,9,Stag-Hunt,C,6396,C
438,34,1,9,6,Harmony,C,6319,C
438,34,2,8,10,border Harmony/Snow Drift,D,6325,C
438,34,3,5,5,border Harmony/Stag-Hunt,C,6331,C
438,34,4,10,13,Snow Drift,D,6334,C
438,34,5,7,9,Harmony,D,6339,C
438,34,6,6,6,Harmony,D,6345,C
438,34,7,9,10,border Harmony/Snow Drift,C,6349,D
438,34,8,6,12,Snow Drift,C,6357,D
438,34,9,5,15,border Snow Drift/Prisoner's Dilemma,D,6359,C
438,34,10,8,7,Harmony,D,6364,C
438,34,11,3,5,Stag-Hunt,D,Dummy,D
438,34,12,6,11,Snow Drift,D,6375,C
438,34,13,6,5,Harmony,D,6381,C
438,34,14,6,6,Harmony,C,Dummy,C
438,34,15,0,6,Stag-Hunt,D,6390,C
438,34,16,0,5,Stag-Hunt,C,Dummy,C
439,35,1,6,12,Snow Drift,C,6408,D
439,35,2,2,6,Stag-Hunt,C,6421,C
439,35,3,10,8,Harmony,C,6433,C
439,35,4,10,13,Snow Drift,C,6444,C
439,35,5,4,9,Stag-Hunt,C,6453,D
439,35,6,10,9,Harmony,C,6470,C
439,35,7,0,15,Prisoner's Dilemma,C,6482,D
439,35,8,8,13,Snow Drift,C,6489,C
439,35,9,4,7,Stag-Hunt,C,6495,C
439,35,10,10,15,Snow Drift,C,6514,C
439,35,11,3,6,Stag-Hunt,C,6526,D
439,35,12,10,15,Snow Drift,C,6541,C
439,35,13,4,8,Stag-Hunt,C,6552,C
439,35,14,4,8,Stag-Hunt,C,6555,C
439,35,15,0,5,Stag-Hunt,C,6574,D
440,35,1,2,10,border Stag-Hunt/Prisoner's Dilemma,D,6405,C
440,35,2,2,9,Stag-Hunt,D,6420,D
440,35,3,0,8,Stag-Hunt,D,6426,C
440,35,4,0,14,Prisoner's Dilemma,C,6441,D
440,35,5,8,5,Harmony,C,6457,C
440,35,6,6,14,Snow Drift,C,6462,C
440,35,7,2,15,Prisoner's Dilemma,C,6471,C
440,35,8,6,15,Snow Drift,D,6484,D
440,35,9,0,6,Stag-Hunt,C,6504,C
440,35,10,10,15,Snow Drift,C,6513,C
440,35,11,9,10,border Harmony/Snow Drift,C,6529,C
440,35,12,5,5,border Harmony/Stag-Hunt,C,6538,C
440,35,13,1,5,Stag-Hunt,C,6553,C
440,35,14,2,8,Stag-Hunt,D,6564,C
440,35,15,0,11,Prisoner's Dilemma,D,6568,D
441,35,1,10,15,Snow Drift,C,6400,D
441,35,2,6,10,border Harmony/Snow Drift,D,6412,C
441,35,3,4,8,Stag-Hunt,D,6432,D
441,35,4,6,15,Snow Drift,D,6440,D
441,35,5,8,5,Harmony,D,6451,C
441,35,6,9,12,Snow Drift,D,6459,D
441,35,7,8,10,border Harmony/Snow Drift,C,6476,C
441,35,8,8,13,Snow Drift,C,6490,C
441,35,9,9,5,Harmony,C,6502,C
441,35,10,7,7,Harmony,C,6509,C
441,35,11,1,11,Prisoner's Dilemma,C,6528,D
441,35,12,9,9,Harmony,C,6540,C
441,35,13,7,9,Harmony,C,6548,D
441,35,14,4,6,Stag-Hunt,C,6558,D
441,35,15,9,13,Snow Drift,D,6571,D
442,35,1,10,15,Snow Drift,D,6399,C
442,35,2,2,9,Stag-Hunt,D,6419,D
442,35,3,10,14,Snow Drift,D,6423,C
442,35,4,6,10,border Harmony/Snow Drift,D,6445,D
442,35,5,8,5,Harmony,C,6452,D
442,35,6,8,14,Snow Drift,C,6463,C
442,35,7,3,8,Stag-Hunt,D,6477,D
442,35,8,7,6,Harmony,C,6486,C
442,35,9,1,15,Prisoner's Dilemma,D,6500,D
442,35,10,8,10,border Harmony/Snow Drift,C,6517,D
442,35,11,9,10,border Harmony/Snow Drift,C,6530,C
442,35,12,3,13,Prisoner's Dilemma,D,6534,C
442,35,13,2,9,Stag-Hunt,D,6543,D
442,35,14,6,12,Snow Drift,D,6562,C
442,35,15,10,5,Harmony,C,6575,C
443,35,1,5,8,border Harmony/Stag-Hunt,D,6402,C
443,35,2,7,10,border Harmony/Snow Drift,D,6415,C
443,35,3,4,8,Stag-Hunt,D,6431,D
443,35,4,0,14,Prisoner's Dilemma,D,6442,C
443,35,5,9,5,Harmony,C,6456,C
443,35,6,6,5,Harmony,C,6467,D
443,35,7,3,8,Stag-Hunt,D,6478,D
443,35,8,6,15,Snow Drift,D,6483,D
443,35,9,1,15,Prisoner's Dilemma,D,6499,D
443,35,10,8,10,border Harmony/Snow Drift,D,6518,C
443,35,11,8,9,Harmony,D,6522,C
443,35,12,5,5,border Harmony/Stag-Hunt,C,6537,C
443,35,13,2,9,Stag-Hunt,D,6544,D
443,35,14,7,5,Harmony,C,6560,C
443,35,15,9,13,Snow Drift,D,6572,D
444,35,1,5,8,border Harmony/Stag-Hunt,C,6401,D
444,35,2,2,6,Stag-Hunt,C,6422,C
444,35,3,0,8,Stag-Hunt,C,6425,D
444,35,4,4,6,Stag-Hunt,C,6437,C
444,35,5,3,7,Stag-Hunt,C,6448,D
444,35,6,2,15,Prisoner's Dilemma,D,6465,D
444,35,7,3,12,Prisoner's Dilemma,C,6480,C
444,35,8,9,11,Snow Drift,C,6494,C
444,35,9,6,8,Harmony,C,6498,D
444,35,10,4,13,Prisoner's Dilemma,C,6516,C
444,35,11,8,9,Harmony,C,6521,D
444,35,12,4,12,Prisoner's Dilemma,C,6535,C
444,35,13,1,5,Stag-Hunt,C,6554,C
444,35,14,6,12,Snow Drift,C,6561,D
444,35,15,8,14,Snow Drift,C,6570,D
445,35,1,0,12,Prisoner's Dilemma,D,6410,C
445,35,2,7,10,border Harmony/Snow Drift,C,6416,D
445,35,3,4,6,Stag-Hunt,C,6427,C
445,35,4,10,9,Harmony,C,6435,C
445,35,5,7,12,Snow Drift,D,6450,D
445,35,6,2,15,Prisoner's Dilemma,D,6466,D
445,35,7,8,10,border Harmony/Snow Drift,C,6475,C
445,35,8,3,9,Stag-Hunt,C,6491,C
445,35,9,7,14,Snow Drift,D,6506,D
445,35,10,4,13,Prisoner's Dilemma,C,6515,C
445,35,11,6,6,Harmony,C,6524,D
445,35,12,3,13,Prisoner's Dilemma,C,6533,D
445,35,13,2,11,Prisoner's Dilemma,D,6549,D
445,35,14,4,8,Stag-Hunt,C,6556,C
445,35,15,10,5,Harmony,C,6576,C
446,35,1,6,12,Snow Drift,D,6407,C
446,35,2,5,14,border Snow Drift/Prisoner's Dilemma,C,6417,C
446,35,3,4,6,Stag-Hunt,C,6428,C
446,35,4,10,13,Snow Drift,C,6443,C
446,35,5,4,9,Stag-Hunt,D,6454,C
446,35,6,6,5,Harmony,D,6468,C
446,35,7,3,12,Prisoner's Dilemma,C,6479,C
446,35,8,9,11,Snow Drift,C,6493,C
446,35,9,6,8,Harmony,D,6497,C
446,35,10,4,12,Prisoner's Dilemma,C,6507,D
446,35,11,1,14,Prisoner's Dilemma,D,6519,D
446,35,12,4,12,Prisoner's Dilemma,C,6536,C
446,35,13,8,5,Harmony,C,6546,C
446,35,14,4,6,Stag-Hunt,D,6557,C
446,35,15,0,11,Prisoner's Dilemma,D,6567,D
447,35,1,0,12,Prisoner's Dilemma,C,6409,D
447,35,2,5,14,border Snow Drift/Prisoner's Dilemma,C,6418,C
447,35,3,5,15,border Snow Drift/Prisoner's Dilemma,C,6430,D
447,35,4,4,6,Stag-Hunt,C,6438,C
447,35,5,9,5,Harmony,C,6455,C
447,35,6,6,14,Snow Drift,C,6461,C
447,35,7,2,15,Prisoner's Dilemma,C,6472,C
447,35,8,3,9,Stag-Hunt,C,6492,C
447,35,9,4,7,Stag-Hunt,C,6496,C
447,35,10,7,7,Harmony,C,6510,C
447,35,11,1,11,Prisoner's Dilemma,D,6527,C
447,35,12,10,15,Snow Drift,C,6542,C
447,35,13,4,8,Stag-Hunt,C,6551,C
447,35,14,2,8,Stag-Hunt,C,6563,D
447,35,15,7,13,Snow Drift,D,6577,D
448,35,1,7,5,Harmony,C,6404,C
448,35,2,1,8,Stag-Hunt,C,6414,D
448,35,3,5,15,border Snow Drift/Prisoner's Dilemma,D,6429,C
448,35,4,6,15,Snow Drift,D,6439,D
448,35,5,8,5,Harmony,C,6458,C
448,35,6,8,14,Snow Drift,C,6464,C
448,35,7,0,15,Prisoner's Dilemma,D,6481,C
448,35,8,7,6,Harmony,C,6485,C
448,35,9,0,6,Stag-Hunt,C,6503,C
448,35,10,10,10,border Harmony/Snow Drift,C,6511,C
448,35,11,1,14,Prisoner's Dilemma,D,6520,D
448,35,12,5,14,border Snow Drift/Prisoner's Dilemma,D,6532,D
448,35,13,8,5,Harmony,C,6545,C
448,35,14,3,10,border Stag-Hunt/Prisoner's Dilemma,C,6565,D
448,35,15,7,13,Snow Drift,D,6578,D
449,35,1,2,10,border Stag-Hunt/Prisoner's Dilemma,C,6406,D
449,35,2,1,8,Stag-Hunt,D,6413,C
449,35,3,10,14,Snow Drift,C,6424,D
449,35,4,6,10,border Harmony/Snow Drift,D,6446,D
449,35,5,7,12,Snow Drift,D,6449,D
449,35,6,9,12,Snow Drift,D,6460,D
449,35,7,0,10,border Stag-Hunt/Prisoner's Dilemma,D,6474,D
449,35,8,9,7,Harmony,C,6488,C
449,35,9,9,5,Harmony,C,6501,C
449,35,10,10,10,border Harmony/Snow Drift,C,6512,C
449,35,11,3,6,Stag-Hunt,D,6525,C
449,35,12,9,9,Harmony,C,6539,C
449,35,13,2,11,Prisoner's Dilemma,D,6550,D
449,35,14,3,10,border Stag-Hunt/Prisoner's Dilemma,D,6566,C
449,35,15,0,5,Stag-Hunt,D,6573,C
450,35,1,7,5,Harmony,C,6403,C
450,35,2,6,10,border Harmony/Snow Drift,C,6411,D
450,35,3,10,8,Harmony,C,6434,C
450,35,4,10,9,Harmony,C,6436,C
450,35,5,3,7,Stag-Hunt,D,6447,C
450,35,6,10,9,Harmony,C,6469,C
450,35,7,0,10,border Stag-Hunt/Prisoner's Dilemma,D,6473,D
450,35,8,9,7,Harmony,C,6487,C
450,35,9,7,14,Snow Drift,D,6505,D
450,35,10,4,12,Prisoner's Dilemma,D,6508,C
450,35,11,6,6,Harmony,D,6523,C
450,35,12,5,14,border Snow Drift/Prisoner's Dilemma,D,6531,D
450,35,13,7,9,Harmony,D,6547,C
450,35,14,7,5,Harmony,C,6559,C
450,35,15,8,14,Snow Drift,D,6569,C
452,36,1,5,8,border Harmony/Stag-Hunt,C,6590,D
452,36,2,3,9,Stag-Hunt,D,6597,C
452,36,3,7,12,Snow Drift,D,6611,D
452,36,4,10,10,border Harmony/Snow Drift,C,6637,D
452,36,5,1,10,border Stag-Hunt/Prisoner's Dilemma,D,6653,D
452,36,6,2,5,Stag-Hunt,C,6664,D
452,36,7,1,12,Prisoner's Dilemma,D,6684,D
452,36,8,5,7,border Harmony/Stag-Hunt,C,6693,D
452,36,9,0,13,Prisoner's Dilemma,D,6707,D
452,36,10,6,11,Snow Drift,C,6727,D
452,36,11,4,14,Prisoner's Dilemma,D,6748,C
452,36,12,5,12,border Snow Drift/Prisoner's Dilemma,D,6757,D
452,36,13,7,8,Harmony,C,6775,D
452,36,14,8,8,Harmony,C,6800,C
452,36,15,0,7,Stag-Hunt,D,6814,C
453,36,1,6,13,Snow Drift,C,6585,C
453,36,2,5,5,border Harmony/Stag-Hunt,C,6606,C
453,36,3,5,12,border Snow Drift/Prisoner's Dilemma,C,6615,C
453,36,4,1,6,Stag-Hunt,C,6630,C
453,36,5,9,5,Harmony,C,6643,C
453,36,6,10,12,Snow Drift,C,6661,C
453,36,7,6,14,Snow Drift,C,6679,C
453,36,8,9,9,Harmony,C,6706,D
453,36,9,9,15,Snow Drift,C,6719,D
453,36,10,7,14,Snow Drift,D,6731,D
453,36,11,6,6,Harmony,C,6753,C
453,36,12,3,8,Stag-Hunt,C,6760,D
453,36,13,6,15,Snow Drift,D,6777,C
453,36,14,7,7,Harmony,C,6794,C
453,36,15,10,7,Harmony,C,6817,C
454,36,1,6,13,Snow Drift,D,6592,C
454,36,2,10,6,Harmony,D,6609,C
454,36,3,0,14,Prisoner's Dilemma,C,6623,D
454,36,4,8,13,Snow Drift,C,6642,C
454,36,5,4,7,Stag-Hunt,D,Dummy,D
454,36,6,5,14,border Snow Drift/Prisoner's Dilemma,D,6674,C
454,36,7,7,5,Harmony,C,6686,C
454,36,8,3,5,Stag-Hunt,C,6692,C
454,36,9,8,8,Harmony,C,6710,C
454,36,10,2,5,Stag-Hunt,D,6723,C
454,36,11,1,8,Stag-Hunt,D,6749,C
454,36,12,1,6,Stag-Hunt,C,6755,D
454,36,13,10,9,Harmony,C,Dummy,C
454,36,14,3,6,Stag-Hunt,D,6791,C
454,36,15,1,10,border Stag-Hunt/Prisoner's Dilemma,D,Dummy,D
455,36,1,6,13,Snow Drift,C,6586,C
455,36,2,9,11,Snow Drift,C,6600,C
455,36,3,10,10,border Harmony/Snow Drift,C,6626,C
455,36,4,9,14,Snow Drift,D,6634,D
455,36,5,7,5,Harmony,C,6651,D
455,36,6,7,10,border Harmony/Snow Drift,C,6665,C
455,36,7,0,6,Stag-Hunt,D,6682,C
455,36,8,3,5,Stag-Hunt,C,6691,C
455,36,9,7,8,Harmony,D,6716,C
455,36,10,10,9,Harmony,C,6725,D
455,36,11,8,13,Snow Drift,D,6746,D
455,36,12,10,8,Harmony,C,6769,C
455,36,13,1,6,Stag-Hunt,D,6781,C
455,36,14,4,11,Prisoner's Dilemma,D,6796,D
455,36,15,3,14,Prisoner's Dilemma,D,6810,C
456,36,1,10,5,Harmony,D,6593,C
456,36,2,9,11,Snow Drift,C,6599,C
456,36,3,9,6,Harmony,C,6619,D
456,36,4,3,11,Prisoner's Dilemma,D,6639,D
456,36,5,2,8,Stag-Hunt,C,6645,C
456,36,6,5,14,border Snow Drift/Prisoner's Dilemma,C,6673,D
456,36,7,6,12,Snow Drift,D,6675,D
456,36,8,3,10,border Stag-Hunt/Prisoner's Dilemma,C,6695,D
456,36,9,0,7,Stag-Hunt,D,Dummy,C
456,36,10,8,14,Snow Drift,C,6738,D
456,36,11,0,8,Stag-Hunt,C,6744,C
456,36,12,4,13,Prisoner's Dilemma,C,6762,C
456,36,13,8,14,Snow Drift,C,6773,C
456,36,14,1,8,Stag-Hunt,C,Dummy,C
456,36,15,2,6,Stag-Hunt,C,6815,C
457,36,1,10,8,Harmony,C,6579,C
457,36,2,2,13,Prisoner's Dilemma,D,6607,D
457,36,3,7,12,Snow Drift,D,6612,D
457,36,4,0,11,Prisoner's Dilemma,C,6627,C
457,36,5,9,5,Harmony,C,6644,C
457,36,6,1,13,Prisoner's Dilemma,D,6667,D
457,36,7,7,5,Harmony,C,6685,C
457,36,8,3,10,border Stag-Hunt/Prisoner's Dilemma,D,6696,C
457,36,9,7,8,Harmony,C,6715,D
457,36,10,6,11,Snow Drift,D,6728,C
457,36,11,10,11,Snow Drift,C,Dummy,C
457,36,12,7,13,Snow Drift,D,6768,C
457,36,13,1,6,Stag-Hunt,C,6782,D
457,36,14,4,11,Prisoner's Dilemma,D,6795,D
457,36,15,10,5,Harmony,C,6806,C
458,36,1,6,13,Snow Drift,C,6591,D
458,36,2,3,13,Prisoner's Dilemma,D,Dummy,D
458,36,3,8,11,Snow Drift,C,6617,D
458,36,4,10,10,border Harmony/Snow Drift,D,6638,C
458,36,5,2,8,Stag-Hunt,C,6646,C
458,36,6,2,5,Stag-Hunt,D,6663,C
458,36,7,9,15,Snow Drift,D,6688,D
458,36,8,9,9,Harmony,D,6705,C
458,36,9,5,8,border Harmony/Stag-Hunt,D,6712,C
458,36,10,10,9,Harmony,D,6726,C
458,36,11,1,7,Stag-Hunt,D,6751,D
458,36,12,4,13,Prisoner's Dilemma,C,6761,C
458,36,13,7,8,Harmony,D,6776,C
458,36,14,6,7,Harmony,C,6797,C
458,36,15,8,5,Harmony,D,6807,C
459,36,1,8,10,border Harmony/Snow Drift,C,6582,D
459,36,2,10,6,Harmony,C,6610,D
459,36,3,4,9,Stag-Hunt,D,Dummy,D
459,36,4,6,8,Harmony,C,6632,C
459,36,5,1,10,border Stag-Hunt/Prisoner's Dilemma,D,6654,D
459,36,6,10,12,Snow Drift,C,6662,C
459,36,7,7,14,Snow Drift,D,6677,C
459,36,8,1,9,Stag-Hunt,C,6703,D
459,36,9,8,8,Harmony,C,6709,C
459,36,10,2,5,Stag-Hunt,C,6724,D
459,36,11,3,8,Stag-Hunt,D,6740,D
459,36,12,3,8,Stag-Hunt,D,6759,C
459,36,13,9,11,Snow Drift,C,6771,D
459,36,14,7,7,Harmony,C,6793,C
459,36,15,8,5,Harmony,C,6808,D
460,36,1,5,10,center of the TS plane,C,6587,C
460,36,2,9,14,Snow Drift,C,6602,C
460,36,3,5,12,border Snow Drift/Prisoner's Dilemma,C,6616,C
460,36,4,6,8,Harmony,C,6631,C
460,36,5,10,8,Harmony,C,6658,D
460,36,6,7,10,border Harmony/Snow Drift,C,6666,C
460,36,7,6,14,Snow Drift,C,6680,C
460,36,8,9,8,Harmony,C,6697,C
460,36,9,7,13,Snow Drift,C,6722,D
460,36,10,0,14,Prisoner's Dilemma,C,6736,D
460,36,11,0,8,Stag-Hunt,C,6743,C
460,36,12,0,8,Stag-Hunt,C,6763,D
460,36,13,8,14,Snow Drift,C,6774,C
460,36,14,6,7,Harmony,C,6798,C
460,36,15,10,7,Harmony,C,6818,C
461,36,1,1,8,Stag-Hunt,D,Dummy,C
461,36,2,5,13,border Snow Drift/Prisoner's Dilemma,D,6596,D
461,36,3,0,14,Prisoner's Dilemma,D,6624,C
461,36,4,9,14,Snow Drift,D,6633,D
461,36,5,10,11,Snow Drift,D,6650,C
461,36,6,1,13,Prisoner's Dilemma,D,6668,D
461,36,7,1,12,Prisoner's Dilemma,D,6683,D
461,36,8,9,8,Harmony,C,6698,C
461,36,9,5,8,border Harmony/Stag-Hunt,C,6711,D
461,36,10,4,6,Stag-Hunt,D,6733,D
461,36,11,1,7,Stag-Hunt,D,6752,D
461,36,12,5,12,border Snow Drift/Prisoner's Dilemma,D,6758,D
461,36,13,5,9,border Harmony/Stag-Hunt,C,6783,C
461,36,14,8,8,Harmony,C,6799,C
461,36,15,0,7,Stag-Hunt,C,6813,D
462,36,1,5,10,center of the TS plane,C,6588,C
462,36,2,3,9,Stag-Hunt,C,6598,D
462,36,3,9,6,Harmony,D,6620,C
462,36,4,1,6,Stag-Hunt,C,6629,C
462,36,5,1,13,Prisoner's Dilemma,D,6648,C
462,36,6,6,8,Harmony,C,Dummy,D
462,36,7,0,6,Stag-Hunt,C,6681,D
462,36,8,1,9,Stag-Hunt,D,6704,C
462,36,9,9,15,Snow Drift,D,6720,C
462,36,10,0,14,Prisoner's Dilemma,D,6735,C
462,36,11,1,8,Stag-Hunt,C,6750,D
462,36,12,1,6,Stag-Hunt,D,6756,C
462,36,13,7,15,Snow Drift,D,6786,D
462,36,14,1,12,Prisoner's Dilemma,C,6787,C
462,36,15,3,14,Prisoner's Dilemma,C,6809,D
463,36,1,5,8,border Harmony/Stag-Hunt,D,6589,C
463,36,2,9,14,Snow Drift,C,6601,C
463,36,3,2,13,Prisoner's Dilemma,D,6613,C
463,36,4,3,11,Prisoner's Dilemma,D,6640,D
463,36,5,10,11,Snow Drift,C,6649,D
463,36,6,8,12,Snow Drift,C,6670,C
463,36,7,9,15,Snow Drift,D,6687,D
463,36,8,6,11,Snow Drift,C,6700,D
463,36,9,0,13,Prisoner's Dilemma,D,6708,D
463,36,10,8,14,Snow Drift,D,6737,C
463,36,11,8,13,Snow Drift,D,6745,D
463,36,12,10,8,Harmony,C,6770,C
463,36,13,5,9,border Harmony/Stag-Hunt,C,6784,C
463,36,14,2,5,Stag-Hunt,C,6802,C
463,36,15,10,5,Harmony,C,6805,C
464,36,1,10,5,Harmony,C,6594,D
464,36,2,2,13,Prisoner's Dilemma,D,6608,D
464,36,3,8,11,Snow Drift,D,6618,C
464,36,4,8,13,Snow Drift,C,6641,C
464,36,5,7,5,Harmony,D,6652,C
464,36,6,5,12,border Snow Drift/Prisoner's Dilemma,C,6671,D
464,36,7,7,9,Harmony,C,Dummy,C
464,36,8,5,7,border Harmony/Stag-Hunt,D,6694,C
464,36,9,7,13,Snow Drift,D,6721,C
464,36,10,4,6,Stag-Hunt,D,6734,D
464,36,11,3,8,Stag-Hunt,D,6739,D
464,36,12,5,5,border Harmony/Stag-Hunt,C,Dummy,D
464,36,13,6,15,Snow Drift,C,6778,D
464,36,14,1,12,Prisoner's Dilemma,C,6788,C
464,36,15,3,14,Prisoner's Dilemma,D,6803,C
465,36,1,8,10,border Harmony/Snow Drift,D,6581,C
465,36,2,5,13,border Snow Drift/Prisoner's Dilemma,D,6595,D
465,36,3,10,10,border Harmony/Snow Drift,C,6625,C
465,36,4,0,11,Prisoner's Dilemma,C,6628,C
465,36,5,10,8,Harmony,D,6657,C
465,36,6,8,12,Snow Drift,C,6669,C
465,36,7,7,14,Snow Drift,C,6678,D
465,36,8,6,11,Snow Drift,D,6699,C
465,36,9,4,12,Prisoner's Dilemma,D,6717,D
465,36,10,7,14,Snow Drift,D,6732,D
465,36,11,4,14,Prisoner's Dilemma,C,6747,D
465,36,12,7,13,Snow Drift,C,6767,D
465,36,13,9,11,Snow Drift,D,6772,C
465,36,14,3,6,Stag-Hunt,C,6792,D
465,36,15,2,6,Stag-Hunt,C,6816,C
466,36,1,10,8,Harmony,C,6580,C
466,36,2,5,5,border Harmony/Stag-Hunt,C,6605,C
466,36,3,2,13,Prisoner's Dilemma,C,6614,D
466,36,4,5,13,border Snow Drift/Prisoner's Dilemma,C,Dummy,D
466,36,5,1,13,Prisoner's Dilemma,C,6647,D
466,36,6,5,12,border Snow Drift/Prisoner's Dilemma,D,6672,C
466,36,7,6,12,Snow Drift,D,6676,D
466,36,8,4,10,border Stag-Hunt/Prisoner's Dilemma,C,Dummy,D
466,36,9,4,12,Prisoner's Dilemma,D,6718,D
466,36,10,0,5,Stag-Hunt,D,Dummy,C
466,36,11,6,6,Harmony,C,6754,C
466,36,12,0,8,Stag-Hunt,D,6764,C
466,36,13,7,15,Snow Drift,D,6785,D
466,36,14,2,5,Stag-Hunt,C,6801,C
466,36,15,3,14,Prisoner's Dilemma,C,6804,D
467,37,1,8,15,Snow Drift,D,6820,D
467,37,2,6,10,border Harmony/Snow Drift,C,6834,D
467,37,3,6,12,Snow Drift,C,6852,D
467,37,4,3,13,Prisoner's Dilemma,D,6866,D
467,37,5,9,11,Snow Drift,C,6871,C
467,37,6,1,6,Stag-Hunt,C,6886,D
467,37,7,8,11,Snow Drift,D,6898,C
467,37,8,2,14,Prisoner's Dilemma,D,6907,D
467,37,9,6,9,Harmony,C,6920,D
467,37,10,10,12,Snow Drift,D,6927,C
467,37,11,9,6,Harmony,C,6945,C
467,37,12,4,15,Prisoner's Dilemma,D,6952,D
467,37,13,8,6,Harmony,C,6969,C
467,37,14,4,15,Prisoner's Dilemma,D,6985,C
467,37,15,2,13,Prisoner's Dilemma,D,6987,D
467,37,16,10,6,Harmony,C,7004,D
467,37,17,9,8,Harmony,C,7022,C
468,37,1,5,9,border Harmony/Stag-Hunt,D,6824,C
468,37,2,0,9,Stag-Hunt,D,6841,C
468,37,3,10,7,Harmony,C,6850,C
468,37,4,7,13,Snow Drift,D,6864,D
468,37,5,8,7,Harmony,D,6877,C
468,37,6,9,11,Snow Drift,D,6890,C
468,37,7,0,8,Stag-Hunt,D,6894,C
468,37,8,7,7,Harmony,C,6906,C
468,37,9,6,13,Snow Drift,D,6924,D
468,37,10,8,9,Harmony,D,6936,D
468,37,11,6,14,Snow Drift,D,6941,D
468,37,12,7,12,Snow Drift,D,6962,D
468,37,13,9,10,border Harmony/Snow Drift,C,6964,D
468,37,14,8,12,Snow Drift,D,6980,D
468,37,15,10,12,Snow Drift,C,6998,D
468,37,16,7,15,Snow Drift,C,7010,D
468,37,17,0,6,Stag-Hunt,D,7020,D
469,37,1,8,8,Harmony,D,6827,D
469,37,2,8,12,Snow Drift,C,6836,C
469,37,3,10,7,Harmony,C,6849,C
469,37,4,3,11,Prisoner's Dilemma,D,6855,C
469,37,5,0,11,Prisoner's Dilemma,C,6875,D
469,37,6,4,13,Prisoner's Dilemma,C,6883,D
469,37,7,0,7,Stag-Hunt,C,6902,D
469,37,8,2,14,Prisoner's Dilemma,D,6908,D
469,37,9,9,9,Harmony,C,6916,C
469,37,10,10,12,Snow Drift,C,6928,D
469,37,11,4,9,Stag-Hunt,D,6949,D
469,37,12,7,9,Harmony,C,6955,D
469,37,13,4,13,Prisoner's Dilemma,C,6966,D
469,37,14,6,6,Harmony,D,6976,C
469,37,15,10,6,Harmony,C,6992,D
469,37,16,9,7,Harmony,C,7002,C
469,37,17,9,8,Harmony,C,7021,C
470,37,1,8,8,Harmony,D,6828,D
470,37,2,0,11,Prisoner's Dilemma,C,6840,C
470,37,3,7,12,Snow Drift,D,6845,D
470,37,4,7,13,Snow Drift,D,6863,D
470,37,5,3,6,Stag-Hunt,C,6870,C
470,37,6,1,6,Stag-Hunt,D,6885,C
470,37,7,0,8,Stag-Hunt,C,6893,D
470,37,8,9,6,Harmony,D,6904,C
470,37,9,6,9,Harmony,D,6921,D
470,37,10,4,7,Stag-Hunt,D,6930,D
470,37,11,10,11,Snow Drift,C,6944,C
470,37,12,7,11,Snow Drift,D,6954,C
470,37,13,8,6,Harmony,C,6970,C
470,37,14,0,13,Prisoner's Dilemma,C,6984,D
470,37,15,9,6,Harmony,C,6989,C
470,37,16,10,6,Harmony,D,7003,C
470,37,17,8,10,border Harmony/Snow Drift,C,7013,D
471,37,1,2,8,Stag-Hunt,C,6821,D
471,37,2,0,9,Stag-Hunt,C,6842,D
471,37,3,1,5,Stag-Hunt,C,6854,C
471,37,4,2,9,Stag-Hunt,C,6861,C
471,37,5,3,6,Stag-Hunt,C,6869,C
471,37,6,9,11,Snow Drift,C,6887,C
471,37,7,2,8,Stag-Hunt,D,6896,D
471,37,8,4,8,Stag-Hunt,D,6913,D
471,37,9,0,12,Prisoner's Dilemma,D,6925,D
471,37,10,4,9,Stag-Hunt,D,6932,D
471,37,11,9,6,Harmony,C,6946,C
471,37,12,8,14,Snow Drift,D,6960,D
471,37,13,8,10,border Harmony/Snow Drift,D,6968,D
471,37,14,5,15,border Snow Drift/Prisoner's Dilemma,D,6981,D
471,37,15,10,12,Snow Drift,C,6993,D
471,37,16,2,15,Prisoner's Dilemma,D,6999,D
471,37,17,8,10,border Harmony/Snow Drift,D,7014,C
472,37,1,8,15,Snow Drift,D,6819,D
472,37,2,0,11,Prisoner's Dilemma,C,6839,C
472,37,3,7,12,Snow Drift,D,6846,D
472,37,4,10,8,Harmony,C,6860,D
472,37,5,8,15,Snow Drift,C,6874,D
472,37,6,9,11,Snow Drift,C,6889,D
472,37,7,4,11,Prisoner's Dilemma,C,6899,D
472,37,8,1,11,Prisoner's Dilemma,D,6912,D
472,37,9,1,15,Prisoner's Dilemma,D,6918,D
472,37,10,1,14,Prisoner's Dilemma,C,6937,C
472,37,11,3,12,Prisoner's Dilemma,D,6940,D
472,37,12,5,14,border Snow Drift/Prisoner's Dilemma,C,6958,D
472,37,13,9,5,Harmony,C,6971,C
472,37,14,1,15,Prisoner's Dilemma,C,6978,D
472,37,15,8,6,Harmony,C,6995,C
472,37,16,7,9,Harmony,C,7006,D
472,37,17,0,6,Stag-Hunt,D,7019,D
473,37,1,7,7,Harmony,C,6826,C
473,37,2,10,6,Harmony,D,6837,C
473,37,3,6,12,Snow Drift,D,6851,C
473,37,4,10,8,Harmony,D,6859,C
473,37,5,9,11,Snow Drift,C,6872,C
473,37,6,9,5,Harmony,C,6880,C
473,37,7,9,6,Harmony,D,6892,C
473,37,8,5,11,border Snow Drift/Prisoner's Dilemma,C,6909,D
473,37,9,6,13,Snow Drift,D,6923,D
473,37,10,1,14,Prisoner's Dilemma,C,6938,C
473,37,11,10,11,Snow Drift,C,6943,C
473,37,12,7,11,Snow Drift,C,6953,D
473,37,13,9,5,Harmony,C,6972,C
473,37,14,4,15,Prisoner's Dilemma,C,6986,D
473,37,15,10,6,Harmony,D,6991,C
473,37,16,9,7,Harmony,C,7001,C
473,37,17,6,5,Harmony,C,7018,C
474,37,1,2,8,Stag-Hunt,D,6822,C
474,37,2,6,10,border Harmony/Snow Drift,D,6833,C
474,37,3,5,10,center of the TS plane,D,6847,C
474,37,4,10,11,Snow Drift,D,6858,D
474,37,5,0,11,Prisoner's Dilemma,D,6876,C
474,37,6,4,13,Prisoner's Dilemma,D,6884,C
474,37,7,2,8,Stag-Hunt,D,6895,D
474,37,8,4,8,Stag-Hunt,D,6914,D
474,37,9,6,9,Harmony,D,6922,D
474,37,10,8,9,Harmony,D,6935,D
474,37,11,3,13,Prisoner's Dilemma,D,6947,D
474,37,12,8,14,Snow Drift,D,6959,D
474,37,13,8,10,border Harmony/Snow Drift,D,6967,D
474,37,14,1,15,Prisoner's Dilemma,D,6977,C
474,37,15,8,6,Harmony,C,6996,C
474,37,16,2,15,Prisoner's Dilemma,D,7000,D
474,37,17,1,14,Prisoner's Dilemma,D,7015,D
475,37,1,5,10,center of the TS plane,D,6829,D
475,37,2,8,12,Snow Drift,C,6835,C
475,37,3,10,9,Harmony,C,6843,C
475,37,4,3,13,Prisoner's Dilemma,D,6865,D
475,37,5,0,6,Stag-Hunt,D,6868,D
475,37,6,9,12,Snow Drift,D,6881,D
475,37,7,9,6,Harmony,C,6891,D
475,37,8,5,11,border Snow Drift/Prisoner's Dilemma,D,6910,C
475,37,9,1,15,Prisoner's Dilemma,D,6917,D
475,37,10,9,11,Snow Drift,D,6933,D
475,37,11,3,12,Prisoner's Dilemma,D,6939,D
475,37,12,5,14,border Snow Drift/Prisoner's Dilemma,D,6957,C
475,37,13,4,13,Prisoner's Dilemma,D,6965,C
475,37,14,5,15,border Snow Drift/Prisoner's Dilemma,D,6982,D
475,37,15,10,12,Snow Drift,D,6997,C
475,37,16,8,8,Harmony,C,7007,C
475,37,17,6,5,Harmony,C,7017,C
476,37,1,5,10,center of the TS plane,D,6830,D
476,37,2,10,6,Harmony,C,6838,D
476,37,3,10,9,Harmony,C,6844,C
476,37,4,2,9,Stag-Hunt,C,6862,C
476,37,5,0,6,Stag-Hunt,D,6867,D
476,37,6,9,12,Snow Drift,D,6882,D
476,37,7,4,11,Prisoner's Dilemma,D,6900,C
476,37,8,9,6,Harmony,C,6903,D
476,37,9,0,12,Prisoner's Dilemma,D,6926,D
476,37,10,9,11,Snow Drift,D,6934,D
476,37,11,4,9,Stag-Hunt,D,6950,D
476,37,12,4,15,Prisoner's Dilemma,D,6951,D
476,37,13,2,6,Stag-Hunt,D,6974,D
476,37,14,8,12,Snow Drift,D,6979,D
476,37,15,10,12,Snow Drift,D,6994,C
476,37,16,7,9,Harmony,D,7005,C
476,37,17,0,14,Prisoner's Dilemma,D,7011,D
477,37,1,5,9,border Harmony/Stag-Hunt,C,6823,D
477,37,2,8,5,Harmony,C,6831,C
477,37,3,1,5,Stag-Hunt,C,6853,C
477,37,4,10,11,Snow Drift,D,6857,D
477,37,5,8,15,Snow Drift,D,6873,C
477,37,6,9,11,Snow Drift,C,6888,C
477,37,7,8,11,Snow Drift,C,6897,D
477,37,8,7,7,Harmony,C,6905,C
477,37,9,9,9,Harmony,C,6915,C
477,37,10,4,7,Stag-Hunt,D,6929,D
477,37,11,6,14,Snow Drift,D,6942,D
477,37,12,7,9,Harmony,D,6956,C
477,37,13,9,10,border Harmony/Snow Drift,D,6963,C
477,37,14,0,13,Prisoner's Dilemma,D,6983,C
477,37,15,2,13,Prisoner's Dilemma,D,6988,D
477,37,16,8,8,Harmony,C,7008,C
477,37,17,0,14,Prisoner's Dilemma,D,7012,D
478,37,1,7,7,Harmony,C,6825,C
478,37,2,8,5,Harmony,C,6832,C
478,37,3,5,10,center of the TS plane,C,6848,D
478,37,4,3,11,Prisoner's Dilemma,C,6856,D
478,37,5,8,7,Harmony,C,6878,D
478,37,6,9,5,Harmony,C,6879,C
478,37,7,0,7,Stag-Hunt,D,6901,C
478,37,8,1,11,Prisoner's Dilemma,D,6911,D
478,37,9,6,9,Harmony,D,6919,C
478,37,10,4,9,Stag-Hunt,D,6931,D
478,37,11,3,13,Prisoner's Dilemma,D,6948,D
478,37,12,7,12,Snow Drift,D,6961,D
478,37,13,2,6,Stag-Hunt,D,6973,D
478,37,14,6,6,Harmony,C,6975,D
478,37,15,9,6,Harmony,C,6990,C
478,37,16,7,15,Snow Drift,D,7009,C
478,37,17,1,14,Prisoner's Dilemma,D,7016,D
479,38,1,0,14,Prisoner's Dilemma,C,7031,C
479,38,2,5,9,border Harmony/Stag-Hunt,D,7045,C
479,38,3,2,14,Prisoner's Dilemma,D,7066,D
479,38,4,3,10,border Stag-Hunt/Prisoner's Dilemma,D,7079,D
479,38,5,3,6,Stag-Hunt,C,7088,D
479,38,6,2,7,Stag-Hunt,D,7110,D
479,38,7,1,10,border Stag-Hunt/Prisoner's Dilemma,D,7119,D
479,38,8,6,8,Harmony,D,7149,C
479,38,9,5,13,border Snow Drift/Prisoner's Dilemma,D,7153,D
479,38,10,0,6,Stag-Hunt,C,7175,C
479,38,11,6,13,Snow Drift,D,7193,C
479,38,12,8,5,Harmony,C,7214,C
479,38,13,3,7,Stag-Hunt,C,7221,C
479,38,14,6,8,Harmony,D,7240,C
479,38,15,6,12,Snow Drift,D,7260,D
480,38,1,8,14,Snow Drift,D,7036,C
480,38,2,10,11,Snow Drift,C,7041,D
480,38,3,4,5,Stag-Hunt,C,7068,D
480,38,4,3,10,border Stag-Hunt/Prisoner's Dilemma,D,7080,D
480,38,5,3,6,Stag-Hunt,D,7095,D
480,38,6,2,7,Stag-Hunt,D,7109,D
480,38,7,0,15,Prisoner's Dilemma,D,7132,C
480,38,8,7,10,border Harmony/Snow Drift,,7137,C
480,38,9,8,9,Harmony,C,7160,C
480,38,10,8,9,Harmony,C,7177,D
480,38,11,0,15,Prisoner's Dilemma,D,7195,D
480,38,12,1,15,Prisoner's Dilemma,D,7202,D
480,38,13,2,13,Prisoner's Dilemma,D,7220,D
480,38,14,1,12,Prisoner's Dilemma,D,7231,D
480,38,15,0,12,Prisoner's Dilemma,D,7253,C
481,38,1,2,15,Prisoner's Dilemma,D,7024,D
481,38,2,3,12,Prisoner's Dilemma,D,7039,D
481,38,3,9,13,Snow Drift,C,7069,D
481,38,4,1,9,Stag-Hunt,C,7083,C
481,38,5,6,12,Snow Drift,C,7089,D
481,38,6,5,10,center of the TS plane,D,7118,D
481,38,7,8,13,Snow Drift,D,7134,D
481,38,8,2,11,Prisoner's Dilemma,C,7146,C
481,38,9,4,9,Stag-Hunt,C,7161,C
481,38,10,0,6,Stag-Hunt,C,7176,C
481,38,11,10,11,Snow Drift,D,7189,D
481,38,12,4,8,Stag-Hunt,C,7200,C
481,38,13,3,5,Stag-Hunt,C,7224,C
481,38,14,4,7,Stag-Hunt,C,7244,D
481,38,15,4,13,Prisoner's Dilemma,D,7251,C
482,38,1,8,14,Snow Drift,C,7035,D
482,38,2,7,11,Snow Drift,D,7054,C
482,38,3,7,13,Snow Drift,D,7060,D
482,38,4,6,8,Harmony,D,7085,C
482,38,5,9,5,Harmony,C,7102,C
482,38,6,5,10,center of the TS plane,D,7117,D
482,38,7,6,14,Snow Drift,D,7125,D
482,38,8,1,10,border Stag-Hunt/Prisoner's Dilemma,D,7140,C
482,38,9,1,10,border Stag-Hunt/Prisoner's Dilemma,D,7164,D
482,38,10,10,14,Snow Drift,D,7171,D
482,38,11,7,8,Harmony,D,7187,C
482,38,12,10,7,Harmony,C,7211,C
482,38,13,3,5,Stag-Hunt,C,7223,C
482,38,14,9,6,Harmony,C,7237,C
482,38,15,4,13,Prisoner's Dilemma,C,7252,D
483,38,1,2,15,Prisoner's Dilemma,D,7023,D
483,38,2,8,12,Snow Drift,C,7044,D
483,38,3,2,14,Prisoner's Dilemma,D,7065,D
483,38,4,7,13,Snow Drift,D,7076,D
483,38,5,3,6,Stag-Hunt,D,7096,D
483,38,6,0,8,Stag-Hunt,D,7112,C
483,38,7,5,6,border Harmony/Stag-Hunt,D,7130,D
483,38,8,1,8,Stag-Hunt,D,7147,D
483,38,9,4,9,Stag-Hunt,C,7162,C
483,38,10,6,15,Snow Drift,D,7181,C
483,38,11,3,8,Stag-Hunt,D,7185,C
483,38,12,2,14,Prisoner's Dilemma,D,7208,D
483,38,13,3,7,Stag-Hunt,C,7222,C
483,38,14,1,15,Prisoner's Dilemma,D,7235,D
483,38,15,3,7,Stag-Hunt,D,7262,C
484,38,1,4,9,Stag-Hunt,D,7029,D
484,38,2,2,9,Stag-Hunt,D,7052,D
484,38,3,6,12,Snow Drift,D,7064,C
484,38,4,7,13,Snow Drift,D,7075,D
484,38,5,2,11,Prisoner's Dilemma,D,7093,C
484,38,6,0,14,Prisoner's Dilemma,D,7105,D
484,38,7,1,10,border Stag-Hunt/Prisoner's Dilemma,D,7120,D
484,38,8,2,6,Stag-Hunt,D,7144,C
484,38,9,5,7,border Harmony/Stag-Hunt,D,7152,C
484,38,10,10,11,Snow Drift,D,7180,C
484,38,11,0,15,Prisoner's Dilemma,D,7196,D
484,38,12,7,10,border Harmony/Snow Drift,D,7209,C
484,38,13,8,14,Snow Drift,D,7216,C
484,38,14,4,7,Stag-Hunt,D,7243,C
484,38,15,4,13,Prisoner's Dilemma,D,7247,D
485,38,1,1,10,border Stag-Hunt/Prisoner's Dilemma,D,7027,D
485,38,2,7,8,Harmony,D,7048,C
485,38,3,6,15,Snow Drift,D,7062,C
485,38,4,10,7,Harmony,C,7081,D
485,38,5,2,14,Prisoner's Dilemma,C,7091,D
485,38,6,0,8,Stag-Hunt,C,7111,D
485,38,7,6,14,Snow Drift,D,7126,D
485,38,8,1,10,border Stag-Hunt/Prisoner's Dilemma,C,7139,D
485,38,9,9,8,Harmony,C,7157,C
485,38,10,8,14,Snow Drift,D,7173,D
485,38,11,10,11,Snow Drift,D,7190,D
485,38,12,1,15,Prisoner's Dilemma,D,7201,D
485,38,13,3,7,Stag-Hunt,D,7218,D
485,38,14,1,12,Prisoner's Dilemma,D,7232,D
485,38,15,0,13,Prisoner's Dilemma,D,7258,D
486,38,1,0,11,Prisoner's Dilemma,C,7037,C
486,38,2,5,9,border Harmony/Stag-Hunt,C,7046,D
486,38,3,6,12,Snow Drift,C,7063,D
486,38,4,8,13,Snow Drift,D,7073,D
486,38,5,6,12,Snow Drift,C,7099,D
486,38,6,0,14,Prisoner's Dilemma,D,7106,D
486,38,7,6,5,Harmony,C,7122,C
486,38,8,10,14,Snow Drift,C,7142,D
486,38,9,5,13,border Snow Drift/Prisoner's Dilemma,D,7154,D
486,38,10,7,7,Harmony,C,7167,C
486,38,11,3,8,Stag-Hunt,C,7186,D
486,38,12,10,15,Snow Drift,D,7206,D
486,38,13,2,13,Prisoner's Dilemma,D,7219,D
486,38,14,5,7,border Harmony/Stag-Hunt,C,7234,C
486,38,15,6,12,Snow Drift,D,7259,D
487,38,1,1,13,Prisoner's Dilemma,D,7033,D
487,38,2,7,11,Snow Drift,C,7053,D
487,38,3,9,10,border Harmony/Snow Drift,C,7057,C
487,38,4,6,15,Snow Drift,C,7071,D
487,38,5,2,14,Prisoner's Dilemma,D,7092,C
487,38,6,6,15,Snow Drift,C,7115,D
487,38,7,0,15,Prisoner's Dilemma,C,7131,D
487,38,8,0,8,Stag-Hunt,D,7136,D
487,38,9,1,10,border Stag-Hunt/Prisoner's Dilemma,D,7163,D
487,38,10,10,14,Snow Drift,D,7172,D
487,38,11,7,8,Harmony,C,7188,D
487,38,12,2,14,Prisoner's Dilemma,D,7207,D
487,38,13,4,8,Stag-Hunt,C,7225,C
487,38,14,6,8,Harmony,C,7239,D
487,38,15,7,7,Harmony,C,7250,C
488,38,1,1,10,border Stag-Hunt/Prisoner's Dilemma,D,7026,C
488,38,2,8,12,Snow Drift,D,7043,C
488,38,3,9,13,Snow Drift,D,7070,C
488,38,4,8,13,Snow Drift,D,7074,D
488,38,5,3,13,Prisoner's Dilemma,D,7097,C
488,38,6,6,10,border Harmony/Snow Drift,D,7107,D
488,38,7,5,6,border Harmony/Stag-Hunt,D,7129,D
488,38,8,10,14,Snow Drift,D,7141,C
488,38,9,9,11,Snow Drift,D,7165,C
488,38,10,8,9,Harmony,D,7178,C
488,38,11,4,8,Stag-Hunt,D,7191,D
488,38,12,7,11,Snow Drift,D,7204,D
488,38,13,2,9,Stag-Hunt,D,7230,D
488,38,14,9,6,Harmony,C,7238,C
488,38,15,0,13,Prisoner's Dilemma,D,7257,D
489,38,1,1,10,border Stag-Hunt/Prisoner's Dilemma,D,7028,D
489,38,2,4,6,Stag-Hunt,C,7050,C
489,38,3,5,8,border Harmony/Stag-Hunt,C,7056,D
489,38,4,6,8,Harmony,C,7086,D
489,38,5,6,12,Snow Drift,D,7090,C
489,38,6,6,15,Snow Drift,D,7116,C
489,38,7,8,13,Snow Drift,D,7133,D
489,38,8,2,6,Stag-Hunt,C,7143,D
489,38,9,9,11,Snow Drift,C,7166,D
489,38,10,2,10,border Stag-Hunt/Prisoner's Dilemma,D,7170,C
489,38,11,6,7,Harmony,C,7197,C
489,38,12,7,11,Snow Drift,D,7203,D
489,38,13,8,14,Snow Drift,C,7215,D
489,38,14,1,15,Prisoner's Dilemma,D,7236,D
489,38,15,4,13,Prisoner's Dilemma,D,7248,D
490,38,1,0,14,Prisoner's Dilemma,C,7032,C
490,38,2,3,12,Prisoner's Dilemma,D,7040,D
490,38,3,5,8,border Harmony/Stag-Hunt,D,7055,C
490,38,4,2,13,Prisoner's Dilemma,C,7077,D
490,38,5,6,12,Snow Drift,D,7100,C
490,38,6,3,13,Prisoner's Dilemma,C,7113,C
490,38,7,3,12,Prisoner's Dilemma,C,7128,C
490,38,8,7,10,border Harmony/Snow Drift,C,Dummy,C
490,38,9,2,9,Stag-Hunt,C,7156,D
490,38,10,7,7,Harmony,C,7168,C
490,38,11,7,15,Snow Drift,C,7183,D
490,38,12,8,5,Harmony,C,7213,C
490,38,13,2,9,Stag-Hunt,C,7228,C
490,38,14,10,7,Harmony,C,7246,C
490,38,15,7,7,Harmony,C,7249,C
491,38,1,1,10,border Stag-Hunt/Prisoner's Dilemma,C,7025,D
491,38,2,2,9,Stag-Hunt,D,7051,D
491,38,3,7,13,Snow Drift,D,7059,D
491,38,4,2,13,Prisoner's Dilemma,D,7078,C
491,38,5,3,6,Stag-Hunt,D,7087,C
491,38,6,6,10,border Harmony/Snow Drift,D,7108,D
491,38,7,4,5,Stag-Hunt,D,7123,C
491,38,8,0,8,Stag-Hunt,D,7135,D
491,38,9,9,8,Harmony,C,7158,C
491,38,10,10,11,Snow Drift,C,7179,D
491,38,11,7,15,Snow Drift,D,7184,C
491,38,12,10,7,Harmony,C,7212,C
491,38,13,2,9,Stag-Hunt,D,7229,D
491,38,14,2,10,border Stag-Hunt/Prisoner's Dilemma,D,7242,C
491,38,15,5,14,border Snow Drift/Prisoner's Dilemma,D,7256,C
492,38,1,0,11,Prisoner's Dilemma,C,7038,C
492,38,2,4,6,Stag-Hunt,C,7049,C
492,38,3,4,5,Stag-Hunt,D,7067,C
492,38,4,1,9,Stag-Hunt,C,7084,C
492,38,5,3,13,Prisoner's Dilemma,C,7098,D
492,38,6,3,13,Prisoner's Dilemma,C,7114,C
492,38,7,3,12,Prisoner's Dilemma,C,7127,C
492,38,8,6,8,Harmony,C,7150,D
492,38,9,8,9,Harmony,C,7159,C
492,38,10,2,10,border Stag-Hunt/Prisoner's Dilemma,C,7169,D
492,38,11,6,13,Snow Drift,C,7194,D
492,38,12,10,15,Snow Drift,D,7205,D
492,38,13,4,8,Stag-Hunt,C,7226,C
492,38,14,2,10,border Stag-Hunt/Prisoner's Dilemma,C,7241,D
492,38,15,0,12,Prisoner's Dilemma,C,7254,D
493,38,1,1,13,Prisoner's Dilemma,D,7034,D
493,38,2,10,11,Snow Drift,D,7042,C
493,38,3,9,10,border Harmony/Snow Drift,C,7058,C
493,38,4,6,15,Snow Drift,D,7072,C
493,38,5,9,5,Harmony,C,7101,C
493,38,6,8,10,border Harmony/Snow Drift,C,7103,D
493,38,7,6,5,Harmony,C,7121,C
493,38,8,1,8,Stag-Hunt,D,7148,D
493,38,9,5,7,border Harmony/Stag-Hunt,C,7151,D
493,38,10,8,14,Snow Drift,D,7174,D
493,38,11,6,7,Harmony,C,7198,C
493,38,12,7,10,border Harmony/Snow Drift,C,7210,D
493,38,13,2,9,Stag-Hunt,C,7227,C
493,38,14,10,7,Harmony,C,7245,C
493,38,15,3,7,Stag-Hunt,C,7261,D
494,38,1,4,9,Stag-Hunt,D,7030,D
494,38,2,7,8,Harmony,C,7047,D
494,38,3,6,15,Snow Drift,C,7061,D
494,38,4,10,7,Harmony,D,7082,C
494,38,5,2,11,Prisoner's Dilemma,C,7094,D
494,38,6,8,10,border Harmony/Snow Drift,D,7104,C
494,38,7,4,5,Stag-Hunt,C,7124,D
494,38,8,2,11,Prisoner's Dilemma,C,7145,C
494,38,9,2,9,Stag-Hunt,D,7155,C
494,38,10,6,15,Snow Drift,C,7182,D
494,38,11,4,8,Stag-Hunt,D,7192,D
494,38,12,4,8,Stag-Hunt,C,7199,C
494,38,13,3,7,Stag-Hunt,D,7217,D
494,38,14,5,7,border Harmony/Stag-Hunt,C,7233,C
494,38,15,5,14,border Snow Drift/Prisoner's Dilemma,C,7255,D
495,39,1,3,13,Prisoner's Dilemma,D,7264,D
495,39,2,8,15,Snow Drift,C,7278,C
495,39,3,7,8,Harmony,D,7285,C
495,39,4,9,10,border Harmony/Snow Drift,D,7302,C
495,39,5,5,12,border Snow Drift/Prisoner's Dilemma,D,7312,D
495,39,6,8,12,Snow Drift,D,7317,D
495,39,7,1,6,Stag-Hunt,C,7323,C
495,39,8,0,11,Prisoner's Dilemma,C,7341,C
495,39,9,6,13,Snow Drift,D,7349,D
495,39,10,9,11,Snow Drift,C,7354,C
495,39,11,5,9,border Harmony/Stag-Hunt,D,7366,D
495,39,12,7,12,Snow Drift,C,7378,C
495,39,13,3,9,Stag-Hunt,D,7388,C
495,39,14,3,10,border Stag-Hunt/Prisoner's Dilemma,C,7402,C
495,39,15,5,12,border Snow Drift/Prisoner's Dilemma,D,7411,D
495,39,16,4,5,Stag-Hunt,C,7421,C
495,39,17,6,11,Snow Drift,D,7431,C
495,39,18,2,6,Stag-Hunt,C,7434,C
496,39,1,3,13,Prisoner's Dilemma,D,7263,D
496,39,2,3,7,Stag-Hunt,C,7281,C
496,39,3,2,15,Prisoner's Dilemma,D,7283,C
496,39,4,8,14,Snow Drift,C,7298,D
496,39,5,1,6,Stag-Hunt,C,7306,D
496,39,6,5,10,center of the TS plane,D,7316,D
496,39,7,8,14,Snow Drift,D,7331,D
496,39,8,1,13,Prisoner's Dilemma,C,7336,D
496,39,9,2,12,Prisoner's Dilemma,C,7348,C
496,39,10,2,14,Prisoner's Dilemma,C,7359,D
496,39,11,1,5,Stag-Hunt,C,7368,C
496,39,12,7,12,Snow Drift,C,7377,C
496,39,13,7,10,border Harmony/Snow Drift,C,7389,D
496,39,14,3,8,Stag-Hunt,C,7400,C
496,39,15,8,7,Harmony,C,7406,C
496,39,16,8,11,Snow Drift,C,7418,C
496,39,17,0,12,Prisoner's Dilemma,D,7430,D
496,39,18,5,15,border Snow Drift/Prisoner's Dilemma,D,7441,D
497,39,1,2,14,Prisoner's Dilemma,D,7267,D
497,39,2,5,7,border Harmony/Stag-Hunt,D,7275,D
497,39,3,1,12,Prisoner's Dilemma,D,7289,C
497,39,4,9,10,border Harmony/Snow Drift,C,7301,D
497,39,5,5,8,border Harmony/Stag-Hunt,D,7309,C
497,39,6,6,11,Snow Drift,C,7319,C
497,39,7,4,7,Stag-Hunt,C,7328,C
497,39,8,6,8,Harmony,C,7338,C
497,39,9,0,8,Stag-Hunt,D,7351,C
497,39,10,2,14,Prisoner's Dilemma,D,7360,C
497,39,11,8,5,Harmony,C,7371,C
497,39,12,4,9,Stag-Hunt,D,7380,C
497,39,13,4,7,Stag-Hunt,C,7384,C
497,39,14,4,13,Prisoner's Dilemma,D,7398,D
497,39,15,5,12,border Snow Drift/Prisoner's Dilemma,D,7412,D
497,39,16,8,11,Snow Drift,C,7417,C
497,39,17,6,11,Snow Drift,C,7432,D
497,39,18,2,6,Stag-Hunt,C,7433,C
498,39,1,2,14,Prisoner's Dilemma,D,7268,D
498,39,2,3,7,Stag-Hunt,C,7282,C
498,39,3,2,15,Prisoner's Dilemma,C,7284,D
498,39,4,1,9,Stag-Hunt,C,7299,C
498,39,5,6,13,Snow Drift,D,7303,C
498,39,6,2,6,Stag-Hunt,C,7314,C
498,39,7,7,6,Harmony,C,7326,C
498,39,8,6,8,Harmony,C,7337,C
498,39,9,7,13,Snow Drift,C,7345,D
498,39,10,8,12,Snow Drift,C,7357,D
498,39,11,2,9,Stag-Hunt,D,7370,C
498,39,12,9,13,Snow Drift,D,7376,D
498,39,13,2,5,Stag-Hunt,C,7391,C
498,39,14,6,8,Harmony,D,7396,C
498,39,15,2,7,Stag-Hunt,D,7408,D
498,39,16,7,14,Snow Drift,D,7420,C
498,39,17,0,13,Prisoner's Dilemma,D,7428,D
498,39,18,0,10,border Stag-Hunt/Prisoner's Dilemma,D,7438,C
499,39,1,9,10,border Harmony/Snow Drift,C,7265,D
499,39,2,5,7,border Harmony/Stag-Hunt,D,7276,D
499,39,3,8,13,Snow Drift,C,7292,C
499,39,4,8,14,Snow Drift,D,7297,C
499,39,5,1,13,Prisoner's Dilemma,D,7308,D
499,39,6,5,10,center of the TS plane,D,7315,D
499,39,7,1,10,border Stag-Hunt/Prisoner's Dilemma,D,7329,C
499,39,8,10,8,Harmony,C,7339,D
499,39,9,7,13,Snow Drift,D,7346,C
499,39,10,5,12,border Snow Drift/Prisoner's Dilemma,D,7355,C
499,39,11,5,9,border Harmony/Stag-Hunt,D,7365,D
499,39,12,7,13,Snow Drift,D,7374,D
499,39,13,3,10,border Stag-Hunt/Prisoner's Dilemma,D,7385,C
499,39,14,2,7,Stag-Hunt,D,7394,C
499,39,15,0,15,Prisoner's Dilemma,D,7410,D
499,39,16,0,12,Prisoner's Dilemma,D,7415,C
499,39,17,0,15,Prisoner's Dilemma,D,7425,C
499,39,18,5,13,border Snow Drift/Prisoner's Dilemma,D,7440,C
500,39,1,9,10,border Harmony/Snow Drift,D,7266,C
500,39,2,2,7,Stag-Hunt,C,7274,C
500,39,3,4,10,border Stag-Hunt/Prisoner's Dilemma,C,7287,C
500,39,4,0,13,Prisoner's Dilemma,C,7296,C
500,39,5,5,12,border Snow Drift/Prisoner's Dilemma,D,7311,D
500,39,6,2,6,Stag-Hunt,C,7313,C
500,39,7,1,10,border Stag-Hunt/Prisoner's Dilemma,C,7330,D
500,39,8,1,13,Prisoner's Dilemma,D,7335,C
500,39,9,5,11,border Snow Drift/Prisoner's Dilemma,D,7343,C
500,39,10,8,12,Snow Drift,D,7358,C
500,39,11,2,9,Stag-Hunt,C,7369,D
500,39,12,0,11,Prisoner's Dilemma,D,7381,D
500,39,13,4,7,Stag-Hunt,C,7383,C
500,39,14,2,7,Stag-Hunt,C,7393,D
500,39,15,2,7,Stag-Hunt,D,7407,D
500,39,16,0,14,Prisoner's Dilemma,D,7413,C
500,39,17,0,12,Prisoner's Dilemma,D,7429,D
500,39,18,5,13,border Snow Drift/Prisoner's Dilemma,C,7439,D
501,39,1,4,6,Stag-Hunt,C,7272,D
501,39,2,2,7,Stag-Hunt,C,7273,C
501,39,3,8,13,Snow Drift,C,7291,C
501,39,4,2,10,border Stag-Hunt/Prisoner's Dilemma,C,7294,C
501,39,5,5,8,border Harmony/Stag-Hunt,C,7310,D
501,39,6,6,11,Snow Drift,C,7320,C
501,39,7,8,14,Snow Drift,D,7332,D
501,39,8,0,11,Prisoner's Dilemma,C,7342,C
501,39,9,2,12,Prisoner's Dilemma,C,7347,C
501,39,10,5,12,border Snow Drift/Prisoner's Dilemma,C,7356,D
501,39,11,6,12,Snow Drift,C,7363,D
501,39,12,0,11,Prisoner's Dilemma,D,7382,D
501,39,13,3,9,Stag-Hunt,C,7387,D
501,39,14,3,8,Stag-Hunt,C,7399,C
501,39,15,8,7,Harmony,C,7405,C
501,39,16,0,14,Prisoner's Dilemma,C,7414,D
501,39,17,7,12,Snow Drift,C,7424,C
501,39,18,0,11,Prisoner's Dilemma,C,7436,D
502,39,1,9,5,Harmony,C,7270,C
502,39,2,10,9,Harmony,D,7279,C
502,39,3,7,8,Harmony,C,7286,D
502,39,4,2,10,border Stag-Hunt/Prisoner's Dilemma,C,7293,C
502,39,5,1,13,Prisoner's Dilemma,D,7307,D
502,39,6,8,12,Snow Drift,D,7318,D
502,39,7,1,6,Stag-Hunt,C,7324,C
502,39,8,9,5,Harmony,C,7333,C
502,39,9,0,8,Stag-Hunt,C,7352,D
502,39,10,4,7,Stag-Hunt,C,7361,D
502,39,11,8,5,Harmony,C,7372,C
502,39,12,9,13,Snow Drift,D,7375,D
502,39,13,7,10,border Harmony/Snow Drift,D,7390,C
502,39,14,6,8,Harmony,C,7395,D
502,39,15,0,15,Prisoner's Dilemma,D,7409,D
502,39,16,4,5,Stag-Hunt,C,7422,C
502,39,17,7,12,Snow Drift,C,7423,C
502,39,18,0,11,Prisoner's Dilemma,D,7435,C
503,39,1,4,6,Stag-Hunt,D,7271,C
503,39,2,10,9,Harmony,C,7280,D
503,39,3,1,12,Prisoner's Dilemma,C,7290,D
503,39,4,1,9,Stag-Hunt,C,7300,C
503,39,5,1,6,Stag-Hunt,D,7305,C
503,39,6,8,14,Snow Drift,C,7322,C
503,39,7,7,6,Harmony,C,7325,C
503,39,8,10,8,Harmony,D,7340,C
503,39,9,6,13,Snow Drift,D,7350,D
503,39,10,4,7,Stag-Hunt,D,7362,C
503,39,11,6,12,Snow Drift,D,7364,C
503,39,12,7,13,Snow Drift,D,7373,D
503,39,13,2,5,Stag-Hunt,C,7392,C
503,39,14,4,13,Prisoner's Dilemma,D,7397,D
503,39,15,6,8,Harmony,C,7404,C
503,39,16,7,14,Snow Drift,C,7419,D
503,39,17,0,13,Prisoner's Dilemma,D,7427,D
503,39,18,5,15,border Snow Drift/Prisoner's Dilemma,D,7442,D
504,39,1,9,5,Harmony,C,7269,C
504,39,2,8,15,Snow Drift,C,7277,C
504,39,3,4,10,border Stag-Hunt/Prisoner's Dilemma,C,7288,C
504,39,4,0,13,Prisoner's Dilemma,C,7295,C
504,39,5,6,13,Snow Drift,C,7304,D
504,39,6,8,14,Snow Drift,C,7321,C
504,39,7,4,7,Stag-Hunt,C,7327,C
504,39,8,9,5,Harmony,C,7334,C
504,39,9,5,11,border Snow Drift/Prisoner's Dilemma,C,7344,D
504,39,10,9,11,Snow Drift,C,7353,C
504,39,11,1,5,Stag-Hunt,C,7367,C
504,39,12,4,9,Stag-Hunt,C,7379,D
504,39,13,3,10,border Stag-Hunt/Prisoner's Dilemma,C,7386,D
504,39,14,3,10,border Stag-Hunt/Prisoner's Dilemma,C,7401,C
504,39,15,6,8,Harmony,C,7403,C
504,39,16,0,12,Prisoner's Dilemma,C,7416,D
504,39,17,0,15,Prisoner's Dilemma,C,7426,D
504,39,18,0,10,border Stag-Hunt/Prisoner's Dilemma,C,7437,D
505,40,1,4,12,Prisoner's Dilemma,D,7459,D
505,40,2,6,6,Harmony,C,7467,C
505,40,3,2,7,Stag-Hunt,D,7485,D
505,40,4,5,7,border Harmony/Stag-Hunt,D,7508,C
505,40,5,10,9,Harmony,D,7523,C
505,40,6,7,14,Snow Drift,D,7544,D
505,40,7,4,13,Prisoner's Dilemma,C,7553,D
505,40,8,5,7,border Harmony/Stag-Hunt,C,7583,D
505,40,9,7,14,Snow Drift,D,7587,D
505,40,10,6,11,Snow Drift,D,7610,C
505,40,11,10,11,Snow Drift,D,7628,D
505,40,12,9,14,Snow Drift,D,7648,C
505,40,13,1,5,Stag-Hunt,D,7663,D
505,40,14,8,12,Snow Drift,D,7687,D
505,40,15,6,15,Snow Drift,D,7708,C
505,40,16,5,10,center of the TS plane,C,7722,C
506,40,1,8,7,Harmony,C,7455,C
506,40,2,6,8,Harmony,C,7472,C
506,40,3,1,15,Prisoner's Dilemma,C,7494,C
506,40,4,0,8,Stag-Hunt,D,7497,D
506,40,5,0,14,Prisoner's Dilemma,D,7519,D
506,40,6,7,14,Snow Drift,D,7543,D
506,40,7,8,7,Harmony,D,7562,D
506,40,8,4,10,border Stag-Hunt/Prisoner's Dilemma,D,7569,D
506,40,9,6,7,Harmony,C,7600,D
506,40,10,7,5,Harmony,D,7615,C
506,40,11,8,9,Harmony,D,7626,C
506,40,12,9,14,Snow Drift,C,7647,D
506,40,13,5,6,border Harmony/Stag-Hunt,D,7670,D
506,40,14,3,6,Stag-Hunt,D,7681,D
506,40,15,6,11,Snow Drift,C,7695,C
506,40,16,5,10,center of the TS plane,C,7721,C
507,40,1,0,15,Prisoner's Dilemma,C,7458,C
507,40,2,3,5,Stag-Hunt,C,7464,D
507,40,3,5,5,border Harmony/Stag-Hunt,C,7495,C
507,40,4,4,13,Prisoner's Dilemma,C,7502,D
507,40,5,4,9,Stag-Hunt,C,7532,D
507,40,6,10,13,Snow Drift,D,7534,D
507,40,7,2,5,Stag-Hunt,,7551,C
507,40,8,8,10,border Harmony/Snow Drift,D,7572,D
507,40,9,5,6,border Harmony/Stag-Hunt,C,7589,C
507,40,10,2,14,Prisoner's Dilemma,D,7613,D
507,40,11,6,7,Harmony,C,7632,D
507,40,12,9,11,Snow Drift,C,7657,D
507,40,13,10,6,Harmony,C,7674,C
507,40,14,8,15,Snow Drift,C,7689,D
507,40,15,6,15,Snow Drift,C,7707,D
507,40,16,10,15,Snow Drift,C,7723,D
508,40,1,5,14,border Snow Drift/Prisoner's Dilemma,D,7444,C
508,40,2,9,7,Harmony,C,7477,C
508,40,3,10,14,Snow Drift,C,7483,D
508,40,4,2,11,Prisoner's Dilemma,D,7510,D
508,40,5,9,10,border Harmony/Snow Drift,C,7518,D
508,40,6,2,7,Stag-Hunt,C,7549,D
508,40,7,2,13,Prisoner's Dilemma,D,7565,D
508,40,8,10,8,Harmony,C,7575,C
508,40,9,3,13,Prisoner's Dilemma,D,7604,D
508,40,10,10,6,Harmony,C,7618,C
508,40,11,10,11,Snow Drift,D,7637,D
508,40,12,9,8,Harmony,C,7644,C
508,40,13,4,7,Stag-Hunt,C,7667,D
508,40,14,0,9,Stag-Hunt,C,7694,D
508,40,15,4,12,Prisoner's Dilemma,D,7710,D
508,40,16,8,5,Harmony,C,7726,C
509,40,1,3,5,Stag-Hunt,C,7448,D
509,40,2,7,11,Snow Drift,D,7474,C
509,40,3,5,9,border Harmony/Stag-Hunt,C,7492,D
509,40,4,2,15,Prisoner's Dilemma,C,7511,D
509,40,5,1,14,Prisoner's Dilemma,D,7515,D
509,40,6,8,11,Snow Drift,C,7541,C
509,40,7,5,5,border Harmony/Stag-Hunt,C,7558,C
509,40,8,5,5,border Harmony/Stag-Hunt,C,7574,C
509,40,9,5,6,border Harmony/Stag-Hunt,C,7590,C
509,40,10,10,13,Snow Drift,C,7620,D
509,40,11,8,9,Harmony,C,7625,D
509,40,12,6,7,Harmony,C,7653,D
509,40,13,4,12,Prisoner's Dilemma,D,7659,D
509,40,14,8,5,Harmony,C,7683,C
509,40,15,3,9,Stag-Hunt,D,7700,D
509,40,16,1,11,Prisoner's Dilemma,D,7718,D
510,40,1,5,12,border Snow Drift/Prisoner's Dilemma,C,7449,C
510,40,2,6,6,Harmony,C,7469,C
510,40,3,10,14,Snow Drift,D,7484,C
510,40,4,2,11,Prisoner's Dilemma,D,7509,D
510,40,5,1,14,Prisoner's Dilemma,D,7516,D
510,40,6,0,9,Stag-Hunt,C,7546,D
510,40,7,5,5,border Harmony/Stag-Hunt,C,7557,C
510,40,8,7,14,Snow Drift,D,7582,D
510,40,9,8,11,Snow Drift,D,7597,C
510,40,10,8,12,Snow Drift,D,7605,D
510,40,11,10,11,Snow Drift,D,7627,D
510,40,12,7,15,Snow Drift,D,7646,D
510,40,13,3,15,Prisoner's Dilemma,D,7665,D
510,40,14,8,12,Snow Drift,D,7688,D
510,40,15,5,13,border Snow Drift/Prisoner's Dilemma,C,7702,D
510,40,16,10,7,Harmony,C,7728,C
511,40,1,0,15,Prisoner's Dilemma,C,7457,C
511,40,2,9,7,Harmony,C,7478,C
511,40,3,5,15,border Snow Drift/Prisoner's Dilemma,C,7490,D
511,40,4,10,14,Snow Drift,D,7514,D
511,40,5,0,14,Prisoner's Dilemma,D,7520,D
511,40,6,5,14,border Snow Drift/Prisoner's Dilemma,D,7547,D
511,40,7,8,7,Harmony,D,7561,D
511,40,8,4,10,border Stag-Hunt/Prisoner's Dilemma,D,7570,D
511,40,9,8,9,Harmony,C,7595,D
511,40,10,5,9,border Harmony/Stag-Hunt,D,7622,C
511,40,11,10,15,Snow Drift,D,7630,D
511,40,12,3,9,Stag-Hunt,D,7650,D
511,40,13,4,5,Stag-Hunt,D,7672,D
511,40,14,4,15,Prisoner's Dilemma,D,7680,D
511,40,15,6,14,Snow Drift,C,7706,D
511,40,16,8,11,Snow Drift,C,7715,D
512,40,1,4,12,Prisoner's Dilemma,D,7460,D
512,40,2,10,6,Harmony,D,7462,C
512,40,3,5,5,border Harmony/Stag-Hunt,C,7480,C
512,40,4,9,10,border Harmony/Snow Drift,D,7503,D
512,40,5,10,5,Harmony,C,7529,C
512,40,6,8,11,Snow Drift,C,7542,C
512,40,7,10,13,Snow Drift,C,7564,C
512,40,8,5,5,border Harmony/Stag-Hunt,C,7573,C
512,40,9,7,6,Harmony,C,7591,C
512,40,10,5,9,border Harmony/Stag-Hunt,C,7621,D
512,40,11,8,12,Snow Drift,D,7624,C
512,40,12,6,9,Harmony,D,7642,C
512,40,13,5,13,border Snow Drift/Prisoner's Dilemma,D,7661,D
512,40,14,5,10,center of the TS plane,D,7691,D
512,40,15,4,13,Prisoner's Dilemma,D,7711,D
512,40,16,9,7,Harmony,C,7719,C
513,40,1,6,11,Snow Drift,C,7451,C
513,40,2,6,6,Harmony,C,7470,C
513,40,3,5,9,border Harmony/Stag-Hunt,D,7491,C
513,40,4,0,9,Stag-Hunt,D,7500,D
513,40,5,9,10,border Harmony/Snow Drift,D,7517,C
513,40,6,7,15,Snow Drift,D,7540,C
513,40,7,1,7,Stag-Hunt,C,7555,C
513,40,8,8,10,border Harmony/Snow Drift,D,7571,D
513,40,9,8,9,Harmony,D,7596,C
513,40,10,10,13,Snow Drift,D,7619,C
513,40,11,10,11,Snow Drift,D,7638,D
513,40,12,7,15,Snow Drift,D,7645,D
513,40,13,4,7,Stag-Hunt,D,7668,C
513,40,14,5,10,center of the TS plane,D,7692,D
513,40,15,6,14,Snow Drift,D,7705,C
513,40,16,9,7,Harmony,C,7720,C
514,40,1,8,7,Harmony,C,7456,C
514,40,2,0,10,border Stag-Hunt/Prisoner's Dilemma,D,7465,D
514,40,3,2,6,Stag-Hunt,D,7487,C
514,40,4,9,10,border Harmony/Snow Drift,D,7504,D
514,40,5,10,15,Snow Drift,D,7521,D
514,40,6,2,7,Stag-Hunt,D,7550,C
514,40,7,4,13,Prisoner's Dilemma,D,7554,C
514,40,8,5,9,border Harmony/Stag-Hunt,D,7579,D
514,40,9,1,7,Stag-Hunt,D,7594,C
514,40,10,2,14,Prisoner's Dilemma,D,7614,D
514,40,11,1,5,Stag-Hunt,D,7633,C
514,40,12,6,7,Harmony,D,7652,C
514,40,13,8,13,Snow Drift,D,7675,D
514,40,14,10,9,Harmony,C,7678,C
514,40,15,9,6,Harmony,C,7704,C
514,40,16,2,10,border Stag-Hunt/Prisoner's Dilemma,D,7713,D
515,40,1,5,14,border Snow Drift/Prisoner's Dilemma,C,7443,D
515,40,2,0,10,border Stag-Hunt/Prisoner's Dilemma,D,7466,D
515,40,3,5,15,border Snow Drift/Prisoner's Dilemma,D,7489,C
515,40,4,5,7,border Harmony/Stag-Hunt,C,7507,D
515,40,5,5,13,border Snow Drift/Prisoner's Dilemma,D,7526,D
515,40,6,0,9,Stag-Hunt,D,7545,C
515,40,7,2,13,Prisoner's Dilemma,D,7566,D
515,40,8,2,14,Prisoner's Dilemma,D,7577,D
515,40,9,1,7,Stag-Hunt,C,7593,D
515,40,10,10,6,Harmony,C,7617,C
515,40,11,7,10,border Harmony/Snow Drift,D,7639,C
515,40,12,3,9,Stag-Hunt,D,7649,D
515,40,13,1,5,Stag-Hunt,D,7664,D
515,40,14,3,6,Stag-Hunt,D,7682,D
515,40,15,3,9,Stag-Hunt,D,7699,D
515,40,16,8,11,Snow Drift,D,7716,C
516,40,1,4,12,Prisoner's Dilemma,C,7446,D
516,40,2,6,6,Harmony,C,7468,C
516,40,3,5,5,border Harmony/Stag-Hunt,C,7496,C
516,40,4,0,9,Stag-Hunt,C,7505,D
516,40,5,10,15,Snow Drift,D,7522,D
516,40,6,2,8,Stag-Hunt,D,7535,C
516,40,7,7,15,Snow Drift,D,7567,C
516,40,8,5,9,border Harmony/Stag-Hunt,D,7580,D
516,40,9,3,13,Prisoner's Dilemma,D,7603,D
516,40,10,1,9,Stag-Hunt,C,7608,C
516,40,11,8,12,Snow Drift,C,7623,D
516,40,12,6,7,Harmony,C,7651,D
516,40,13,10,6,Harmony,C,7673,C
516,40,14,0,9,Stag-Hunt,D,7693,C
516,40,15,5,13,border Snow Drift/Prisoner's Dilemma,D,7701,C
516,40,16,10,7,Harmony,C,7727,C
517,40,1,4,10,border Stag-Hunt/Prisoner's Dilemma,D,7454,C
517,40,2,6,8,Harmony,C,7471,C
517,40,3,2,6,Stag-Hunt,C,7488,D
517,40,4,0,9,Stag-Hunt,D,7499,D
517,40,5,10,9,Harmony,C,7524,D
517,40,6,10,13,Snow Drift,D,7533,D
517,40,7,9,8,Harmony,C,7560,C
517,40,8,2,14,Prisoner's Dilemma,D,7578,D
517,40,9,7,6,Harmony,C,7592,C
517,40,10,7,10,border Harmony/Snow Drift,D,7611,D
517,40,11,1,5,Stag-Hunt,C,7634,D
517,40,12,9,8,Harmony,C,7643,C
517,40,13,3,15,Prisoner's Dilemma,D,7666,D
517,40,14,8,5,Harmony,C,7684,C
517,40,15,6,11,Snow Drift,C,7696,C
517,40,16,9,10,border Harmony/Snow Drift,C,7730,C
518,40,1,3,5,Stag-Hunt,D,7447,C
518,40,2,3,5,Stag-Hunt,D,7463,C
518,40,3,3,12,Prisoner's Dilemma,D,7482,D
518,40,4,4,13,Prisoner's Dilemma,D,7501,C
518,40,5,8,9,Harmony,D,7527,D
518,40,6,5,14,border Snow Drift/Prisoner's Dilemma,D,7548,D
518,40,7,7,15,Snow Drift,C,7568,D
518,40,8,7,13,Snow Drift,C,7585,D
518,40,9,6,7,Harmony,D,7599,C
518,40,10,1,9,Stag-Hunt,C,7607,C
518,40,11,8,5,Harmony,D,7635,C
518,40,12,7,8,Harmony,D,7655,D
518,40,13,5,6,border Harmony/Stag-Hunt,D,7669,D
518,40,14,10,9,Harmony,C,7677,C
518,40,15,2,13,Prisoner's Dilemma,D,7697,D
518,40,16,10,15,Snow Drift,D,7724,C
519,40,1,5,12,border Snow Drift/Prisoner's Dilemma,C,7450,C
519,40,2,8,5,Harmony,,7475,C
519,40,3,5,5,border Harmony/Stag-Hunt,C,7479,C
519,40,4,2,15,Prisoner's Dilemma,D,7512,C
519,40,5,8,9,Harmony,D,7528,D
519,40,6,6,15,Snow Drift,C,7538,D
519,40,7,10,13,Snow Drift,C,7563,C
519,40,8,10,8,Harmony,C,7576,C
519,40,9,3,5,Stag-Hunt,D,7602,D
519,40,10,7,5,Harmony,C,7616,D
519,40,11,8,5,Harmony,C,7636,D
519,40,12,6,7,Harmony,D,7654,C
519,40,13,5,13,border Snow Drift/Prisoner's Dilemma,D,7662,D
519,40,14,8,11,Snow Drift,D,7685,D
519,40,15,4,12,Prisoner's Dilemma,D,7709,D
519,40,16,9,10,border Harmony/Snow Drift,C,7729,C
520,40,1,4,10,border Stag-Hunt/Prisoner's Dilemma,C,7453,D
520,40,2,7,11,Snow Drift,C,7473,D
520,40,3,1,15,Prisoner's Dilemma,C,7493,C
520,40,4,0,9,Stag-Hunt,D,7506,C
520,40,5,4,9,Stag-Hunt,D,7531,C
520,40,6,7,15,Snow Drift,C,7539,D
520,40,7,1,7,Stag-Hunt,C,7556,C
520,40,8,7,14,Snow Drift,D,7581,D
520,40,9,3,5,Stag-Hunt,D,7601,D
520,40,10,7,10,border Harmony/Snow Drift,D,7612,D
520,40,11,6,7,Harmony,D,7631,C
520,40,12,7,8,Harmony,D,7656,D
520,40,13,8,13,Snow Drift,D,7676,D
520,40,14,8,15,Snow Drift,D,7690,C
520,40,15,2,13,Prisoner's Dilemma,D,7698,D
520,40,16,8,5,Harmony,C,7725,C
521,40,1,6,11,Snow Drift,C,7452,C
521,40,2,8,5,Harmony,C,Dummy,C
521,40,3,3,12,Prisoner's Dilemma,D,7481,D
521,40,4,10,14,Snow Drift,D,7513,D
521,40,5,5,13,border Snow Drift/Prisoner's Dilemma,D,7525,D
521,40,6,2,8,Stag-Hunt,C,7536,D
521,40,7,2,5,Stag-Hunt,C,Dummy,D
521,40,8,7,13,Snow Drift,D,7586,C
521,40,9,8,11,Snow Drift,C,7598,D
521,40,10,6,11,Snow Drift,C,7609,D
521,40,11,7,10,border Harmony/Snow Drift,C,7640,D
521,40,12,9,11,Snow Drift,D,7658,C
521,40,13,4,12,Prisoner's Dilemma,D,7660,D
521,40,14,4,15,Prisoner's Dilemma,D,7679,D
521,40,15,9,6,Harmony,C,7703,C
521,40,16,2,10,border Stag-Hunt/Prisoner's Dilemma,D,7714,D
522,40,1,4,12,Prisoner's Dilemma,D,7445,C
522,40,2,10,6,Harmony,C,7461,D
522,40,3,2,7,Stag-Hunt,D,7486,D
522,40,4,0,8,Stag-Hunt,D,7498,D
522,40,5,10,5,Harmony,C,7530,C
522,40,6,6,15,Snow Drift,D,7537,C
522,40,7,9,8,Harmony,C,7559,C
522,40,8,5,7,border Harmony/Stag-Hunt,D,7584,C
522,40,9,7,14,Snow Drift,D,7588,D
522,40,10,8,12,Snow Drift,D,7606,D
522,40,11,10,15,Snow Drift,D,7629,D
522,40,12,6,9,Harmony,C,7641,D
522,40,13,4,5,Stag-Hunt,D,7671,D
522,40,14,8,11,Snow Drift,D,7686,D
522,40,15,4,13,Prisoner's Dilemma,D,7712,D
522,40,16,1,11,Prisoner's Dilemma,D,7717,D
523,41,1,3,9,Stag-Hunt,D,7739,C
523,41,2,2,14,Prisoner's Dilemma,D,7759,D
523,41,3,1,8,Stag-Hunt,C,7773,D
523,41,4,1,14,Prisoner's Dilemma,D,7782,C
523,41,5,6,12,Snow Drift,D,Dummy,C
523,41,6,9,14,Snow Drift,C,7818,C
523,41,7,3,15,Prisoner's Dilemma,D,7848,C
523,41,8,3,13,Prisoner's Dilemma,D,7862,D
523,41,9,2,5,Stag-Hunt,C,7878,D
523,41,10,2,6,Stag-Hunt,C,7889,C
523,41,11,8,13,Snow Drift,D,7915,D
523,41,12,7,15,Snow Drift,D,7920,D
523,41,13,10,9,Harmony,C,Dummy,C
523,41,14,6,8,Harmony,D,7966,D
523,41,15,9,7,Harmony,C,7972,C
524,41,1,10,11,Snow Drift,C,7745,C
524,41,2,1,9,Stag-Hunt,C,7748,D
524,41,3,7,12,Snow Drift,C,7767,D
524,41,4,5,6,border Harmony/Stag-Hunt,C,7797,C
524,41,5,7,13,Snow Drift,C,7814,C
524,41,6,7,11,Snow Drift,C,7826,C
524,41,7,3,15,Prisoner's Dilemma,C,7847,D
524,41,8,8,14,Snow Drift,D,7854,D
524,41,9,0,8,Stag-Hunt,D,7873,C
524,41,10,3,10,border Stag-Hunt/Prisoner's Dilemma,C,7893,D
524,41,11,2,9,Stag-Hunt,D,7903,D
524,41,12,7,15,Snow Drift,D,7921,D
524,41,13,4,15,Prisoner's Dilemma,D,7937,D
524,41,14,6,12,Snow Drift,D,7965,D
524,41,15,10,9,Harmony,C,7979,C
525,41,1,2,6,Stag-Hunt,D,7735,C
525,41,2,5,10,center of the TS plane,D,7757,D
525,41,3,3,7,Stag-Hunt,C,Dummy,C
525,41,4,5,6,border Harmony/Stag-Hunt,C,7796,C
525,41,5,2,11,Prisoner's Dilemma,C,7812,D
525,41,6,5,8,border Harmony/Stag-Hunt,C,7817,D
525,41,7,9,8,Harmony,C,7834,C
525,41,8,9,6,Harmony,C,7856,C
525,41,9,6,10,border Harmony/Snow Drift,C,7871,C
525,41,10,6,10,border Harmony/Snow Drift,C,7897,D
525,41,11,9,14,Snow Drift,C,7910,C
525,41,12,10,15,Snow Drift,D,7930,
525,41,13,4,15,Prisoner's Dilemma,D,7938,D
525,41,14,3,11,Prisoner's Dilemma,C,7960,D
525,41,15,4,7,Stag-Hunt,D,7977,C
526,41,1,10,11,Snow Drift,C,7746,C
526,41,2,0,11,Prisoner's Dilemma,C,7750,C
526,41,3,10,9,Harmony,C,7772,C
526,41,4,4,15,Prisoner's Dilemma,D,7789,C
526,41,5,7,13,Snow Drift,C,7813,C
526,41,6,7,9,Harmony,D,Dummy,D
526,41,7,0,7,Stag-Hunt,D,7838,D
526,41,8,7,9,Harmony,D,7858,C
526,41,9,4,13,Prisoner's Dilemma,D,7870,D
526,41,10,5,11,border Snow Drift/Prisoner's Dilemma,D,Dummy,D
526,41,11,9,7,Harmony,C,7911,C
526,41,12,5,13,border Snow Drift/Prisoner's Dilemma,D,7924,D
526,41,13,4,8,Stag-Hunt,D,7941,D
526,41,14,5,13,border Snow Drift/Prisoner's Dilemma,D,7963,D
526,41,15,5,5,border Harmony/Stag-Hunt,C,7975,C
527,41,1,7,12,Snow Drift,,7738,C
527,41,2,0,5,Stag-Hunt,C,7761,D
527,41,3,6,14,Snow Drift,C,7778,C
527,41,4,0,11,Prisoner's Dilemma,C,7795,D
527,41,5,7,7,Harmony,C,Dummy,D
527,41,6,5,10,center of the TS plane,C,7820,D
527,41,7,10,13,Snow Drift,D,7846,D
527,41,8,6,8,Harmony,C,Dummy,D
527,41,9,7,15,Snow Drift,D,Dummy,C
527,41,10,2,6,Stag-Hunt,C,7888,C
527,41,11,1,13,Prisoner's Dilemma,D,7908,D
527,41,12,5,13,border Snow Drift/Prisoner's Dilemma,D,7925,D
527,41,13,5,11,border Snow Drift/Prisoner's Dilemma,D,7948,D
527,41,14,6,12,Snow Drift,D,7954,D
527,41,15,10,5,Harmony,C,7982,D
528,41,1,4,13,Prisoner's Dilemma,C,7731,D
528,41,2,0,5,Stag-Hunt,D,7760,C
528,41,3,6,14,Snow Drift,C,7777,C
528,41,4,3,9,Stag-Hunt,C,7793,D
528,41,5,6,14,Snow Drift,D,7800,D
528,41,6,3,12,Prisoner's Dilemma,D,7824,C
528,41,7,6,7,Harmony,C,7839,C
528,41,8,8,14,Snow Drift,D,7855,D
528,41,9,4,14,Prisoner's Dilemma,C,7875,D
528,41,10,6,6,Harmony,C,7891,D
528,41,11,4,15,Prisoner's Dilemma,C,Dummy,D
528,41,12,5,12,border Snow Drift/Prisoner's Dilemma,D,7919,D
528,41,13,0,9,Stag-Hunt,C,Dummy,D
528,41,14,1,12,Prisoner's Dilemma,D,7956,C
528,41,15,5,9,border Harmony/Stag-Hunt,C,7969,D
529,41,1,3,9,Stag-Hunt,C,7740,D
529,41,2,6,10,border Harmony/Snow Drift,D,7762,D
529,41,3,4,11,Prisoner's Dilemma,C,7775,D
529,41,4,1,8,Stag-Hunt,D,Dummy,D
529,41,5,0,9,Stag-Hunt,D,7809,D
529,41,6,5,8,border Harmony/Stag-Hunt,D,7816,C
529,41,7,0,7,Stag-Hunt,D,7837,D
529,41,8,7,9,Harmony,C,7859,D
529,41,9,7,10,border Harmony/Snow Drift,D,Dummy,C
529,41,10,10,12,Snow Drift,C,7887,C
529,41,11,1,14,Prisoner's Dilemma,D,Dummy,D
529,41,12,8,12,Snow Drift,C,7922,D
529,41,13,5,11,border Snow Drift/Prisoner's Dilemma,D,7947,D
529,41,14,6,12,Snow Drift,D,7964,D
529,41,15,4,15,Prisoner's Dilemma,D,7973,D
530,41,1,6,6,Harmony,D,7733,C
530,41,2,4,14,Prisoner's Dilemma,C,Dummy,D
530,41,3,3,10,border Stag-Hunt/Prisoner's Dilemma,D,7780,D
530,41,4,7,12,Snow Drift,D,7790,C
530,41,5,2,11,Prisoner's Dilemma,D,7811,C
530,41,6,7,11,Snow Drift,C,7827,C
530,41,7,6,13,Snow Drift,D,7842,D
530,41,8,10,8,Harmony,C,7850,C
530,41,9,3,8,Stag-Hunt,D,7882,D
530,41,10,3,10,border Stag-Hunt/Prisoner's Dilemma,D,7894,D
530,41,11,9,13,Snow Drift,D,7906,D
530,41,12,5,12,border Snow Drift/Prisoner's Dilemma,D,7918,D
530,41,13,8,15,Snow Drift,D,7936,C
530,41,14,6,8,Harmony,D,7967,D
530,41,15,9,7,Harmony,C,7971,C
531,41,1,6,6,Harmony,C,7734,D
531,41,2,10,5,Harmony,D,7755,C
531,41,3,7,12,Snow Drift,C,7769,C
531,41,4,4,15,Prisoner's Dilemma,C,7788,D
531,41,5,3,6,Stag-Hunt,C,7808,D
531,41,6,5,10,center of the TS plane,D,7821,C
531,41,7,10,13,Snow Drift,D,7845,D
531,41,8,5,7,border Harmony/Stag-Hunt,C,7864,C
531,41,9,1,8,Stag-Hunt,D,7880,D
531,41,10,9,14,Snow Drift,D,7885,D
531,41,11,8,13,Snow Drift,D,7916,D
531,41,12,2,8,Stag-Hunt,C,Dummy,C
531,41,13,7,15,Snow Drift,D,7944,D
531,41,14,6,10,border Harmony/Snow Drift,D,Dummy,D
531,41,15,8,9,Harmony,D,Dummy,D
532,41,1,0,6,Stag-Hunt,D,7744,C
532,41,2,1,9,Stag-Hunt,D,7749,C
532,41,3,3,10,border Stag-Hunt/Prisoner's Dilemma,D,7779,D
532,41,4,9,8,Harmony,C,7787,C
532,41,5,7,11,Snow Drift,C,7805,D
532,41,6,0,8,Stag-Hunt,D,Dummy,D
532,41,7,9,8,Harmony,C,7833,C
532,41,8,10,8,Harmony,C,7851,C
532,41,9,3,8,Stag-Hunt,D,7881,D
532,41,10,9,14,Snow Drift,D,7884,D
532,41,11,9,7,Harmony,C,7912,C
532,41,12,10,9,Harmony,C,7933,D
532,41,13,4,8,Stag-Hunt,D,7942,D
532,41,14,6,12,Snow Drift,D,7955,D
532,41,15,10,9,Harmony,C,7980,C
533,41,1,2,6,Stag-Hunt,C,7736,D
533,41,2,5,10,center of the TS plane,D,7756,D
533,41,3,2,14,Prisoner's Dilemma,C,7765,C
533,41,4,4,6,Stag-Hunt,C,7785,D
533,41,5,3,6,Stag-Hunt,D,7807,C
533,41,6,3,12,Prisoner's Dilemma,C,7825,D
533,41,7,3,6,Stag-Hunt,C,Dummy,D
533,41,8,9,6,Harmony,C,7857,C
533,41,9,6,10,border Harmony/Snow Drift,C,7872,C
533,41,10,1,7,Stag-Hunt,D,Dummy,C
533,41,11,2,9,Stag-Hunt,D,7904,D
533,41,12,7,5,Harmony,C,7926,C
533,41,13,4,12,Prisoner's Dilemma,D,7946,C
533,41,14,4,7,Stag-Hunt,C,7953,C
533,41,15,9,15,Snow Drift,D,Dummy,D
534,41,1,4,13,Prisoner's Dilemma,D,7732,C
534,41,2,2,14,Prisoner's Dilemma,D,7758,D
534,41,3,10,9,Harmony,C,7771,C
534,41,4,0,11,Prisoner's Dilemma,D,7794,C
534,41,5,6,14,Snow Drift,D,7799,D
534,41,6,6,11,Snow Drift,D,7822,C
534,41,7,5,11,border Snow Drift/Prisoner's Dilemma,D,7836,D
534,41,8,9,12,Snow Drift,D,Dummy,C
534,41,9,4,14,Prisoner's Dilemma,D,7876,C
534,41,10,6,10,border Harmony/Snow Drift,D,7896,C
534,41,11,9,13,Snow Drift,D,7905,D
534,41,12,8,12,Snow Drift,D,7923,C
534,41,13,7,15,Snow Drift,D,7943,D
534,41,14,4,7,Stag-Hunt,C,7952,C
534,41,15,5,5,border Harmony/Stag-Hunt,C,7976,C
535,41,1,7,12,Snow Drift,C,Dummy,D
535,41,2,0,11,Prisoner's Dilemma,C,7751,C
535,41,3,2,14,Prisoner's Dilemma,C,7766,C
535,41,4,1,14,Prisoner's Dilemma,C,7783,D
535,41,5,6,12,Snow Drift,,7802,D
535,41,6,0,8,Stag-Hunt,,7828,D
535,41,7,9,15,Snow Drift,,7843,C
535,41,8,6,8,Harmony,,7860,C
535,41,9,7,15,Snow Drift,,7867,D
535,41,10,5,11,border Snow Drift/Prisoner's Dilemma,,7899,D
535,41,11,1,14,Prisoner's Dilemma,,7902,D
535,41,12,10,15,Snow Drift,,7931,D
535,41,13,10,9,Harmony,,7939,C
535,41,14,6,10,border Harmony/Snow Drift,,7959,D
535,41,15,8,9,Harmony,,7983,D
536,41,1,0,6,Stag-Hunt,C,7743,D
536,41,2,4,6,Stag-Hunt,C,7752,D
536,41,3,4,11,Prisoner's Dilemma,D,7776,C
536,41,4,3,9,Stag-Hunt,D,7792,C
536,41,5,0,9,Stag-Hunt,D,7810,D
536,41,6,9,14,Snow Drift,C,7819,C
536,41,7,6,13,Snow Drift,D,7841,D
536,41,8,9,13,Snow Drift,C,7853,C
536,41,9,1,8,Stag-Hunt,D,7879,D
536,41,10,3,10,border Stag-Hunt/Prisoner's Dilemma,D,7892,C
536,41,11,6,10,border Harmony/Snow Drift,C,7913,C
536,41,12,10,9,Harmony,D,7932,C
536,41,13,2,14,Prisoner's Dilemma,C,7950,D
536,41,14,1,12,Prisoner's Dilemma,C,7957,D
536,41,15,5,9,border Harmony/Stag-Hunt,D,7970,C
537,41,1,1,12,Prisoner's Dilemma,D,Dummy,D
537,41,2,6,10,border Harmony/Snow Drift,D,7763,D
537,41,3,7,12,Snow Drift,D,7768,C
537,41,4,4,6,Stag-Hunt,D,7784,C
537,41,5,7,11,Snow Drift,D,7806,C
537,41,6,0,10,border Stag-Hunt/Prisoner's Dilemma,D,7831,D
537,41,7,5,11,border Snow Drift/Prisoner's Dilemma,D,7835,D
537,41,8,5,7,border Harmony/Stag-Hunt,C,7865,C
537,41,9,4,13,Prisoner's Dilemma,D,7869,D
537,41,10,10,12,Snow Drift,C,7886,C
537,41,11,9,14,Snow Drift,C,7909,C
537,41,12,7,5,Harmony,C,7927,C
537,41,13,2,14,Prisoner's Dilemma,D,7949,C
537,41,14,5,13,border Snow Drift/Prisoner's Dilemma,D,7962,D
537,41,15,4,7,Stag-Hunt,C,7978,D
538,41,1,3,5,Stag-Hunt,D,7742,C
538,41,2,10,5,Harmony,C,7754,D
538,41,3,1,8,Stag-Hunt,D,7774,C
538,41,4,7,12,Snow Drift,C,7791,D
538,41,5,10,15,Snow Drift,C,7804,C
538,41,6,6,11,Snow Drift,C,7823,D
538,41,7,9,15,Snow Drift,C,Dummy,D
538,41,8,3,13,Prisoner's Dilemma,D,7863,D
538,41,9,2,5,Stag-Hunt,D,7877,C
538,41,10,3,10,border Stag-Hunt/Prisoner's Dilemma,D,7895,D
538,41,11,1,13,Prisoner's Dilemma,D,7907,D
538,41,12,3,12,Prisoner's Dilemma,D,7928,D
538,41,13,8,15,Snow Drift,C,7935,D
538,41,14,4,9,Stag-Hunt,D,Dummy,D
538,41,15,4,15,Prisoner's Dilemma,D,7974,D
540,41,1,3,5,Stag-Hunt,C,7741,D
540,41,2,4,6,Stag-Hunt,D,7753,C
540,41,3,7,12,Snow Drift,C,7770,C
540,41,4,9,8,Harmony,C,7786,C
540,41,5,10,15,Snow Drift,C,7803,C
540,41,6,0,10,border Stag-Hunt/Prisoner's Dilemma,D,7830,D
540,41,7,6,7,Harmony,C,7840,C
540,41,8,9,13,Snow Drift,C,7852,C
540,41,9,0,8,Stag-Hunt,C,7874,D
540,41,10,6,6,Harmony,D,7890,C
540,41,11,6,10,border Harmony/Snow Drift,C,7914,C
540,41,12,3,12,Prisoner's Dilemma,D,7929,D
540,41,13,4,12,Prisoner's Dilemma,C,7945,D
540,41,14,3,11,Prisoner's Dilemma,D,7961,C
540,41,15,10,5,Harmony,D,7981,C
541,42,1,3,7,Stag-Hunt,C,7996,D
541,42,2,10,13,Snow Drift,C,8013,C
541,42,3,7,12,Snow Drift,D,8026,D
541,42,4,7,5,Harmony,C,8051,D
541,42,5,0,12,Prisoner's Dilemma,D,8064,C
541,42,6,2,7,Stag-Hunt,C,Dummy,C
541,42,7,2,6,Stag-Hunt,D,8113,C
541,42,8,2,12,Prisoner's Dilemma,D,8127,D
541,42,9,9,11,Snow Drift,C,8142,D
541,42,10,3,9,Stag-Hunt,D,8172,D
541,42,11,1,7,Stag-Hunt,D,8191,D
541,42,12,6,8,Harmony,D,8205,C
541,42,13,1,14,Prisoner's Dilemma,D,8222,D
541,42,14,3,15,Prisoner's Dilemma,D,8246,D
541,42,15,9,8,Harmony,C,8253,C
541,42,16,6,14,Snow Drift,D,8288,D
542,42,1,10,12,Snow Drift,C,7998,C
542,42,2,10,13,Snow Drift,C,8014,C
542,42,3,2,8,Stag-Hunt,C,8025,D
542,42,4,6,13,Snow Drift,D,8055,D
542,42,5,5,7,border Harmony/Stag-Hunt,C,8069,C
542,42,6,0,9,Stag-Hunt,C,8095,C
542,42,7,0,11,Prisoner's Dilemma,C,8117,C
542,42,8,2,11,Prisoner's Dilemma,C,8131,C
542,42,9,1,8,Stag-Hunt,C,8138,C
542,42,10,5,7,border Harmony/Stag-Hunt,C,8173,C
542,42,11,1,13,Prisoner's Dilemma,C,Dummy,D
542,42,12,5,6,border Harmony/Stag-Hunt,C,8200,C
542,42,13,3,7,Stag-Hunt,C,8218,D
542,42,14,3,15,Prisoner's Dilemma,D,8245,D
542,42,15,0,14,Prisoner's Dilemma,D,8254,D
542,42,16,8,12,Snow Drift,C,Dummy,C
543,42,1,9,13,Snow Drift,C,8003,C
543,42,2,5,12,border Snow Drift/Prisoner's Dilemma,C,Dummy,D
543,42,3,10,15,Snow Drift,C,8038,C
543,42,4,4,6,Stag-Hunt,C,8047,C
543,42,5,5,7,border Harmony/Stag-Hunt,C,8068,C
543,42,6,0,14,Prisoner's Dilemma,C,8092,D
543,42,7,0,14,Prisoner's Dilemma,C,8104,D
543,42,8,8,10,border Harmony/Snow Drift,C,8129,D
543,42,9,2,6,Stag-Hunt,D,8148,C
543,42,10,5,15,border Snow Drift/Prisoner's Dilemma,C,Dummy,D
543,42,11,4,8,Stag-Hunt,C,8188,D
543,42,12,7,6,Harmony,C,Dummy,D
543,42,13,0,9,Stag-Hunt,D,8216,D
543,42,14,8,15,Snow Drift,D,Dummy,C
543,42,15,7,14,Snow Drift,D,8259,C
543,42,16,9,5,Harmony,C,Dummy,C
544,42,1,0,14,Prisoner's Dilemma,D,7993,D
544,42,2,9,12,Snow Drift,C,8020,C
544,42,3,7,8,Harmony,C,8036,C
544,42,4,1,12,Prisoner's Dilemma,C,8054,D
544,42,5,4,12,Prisoner's Dilemma,C,8075,D
544,42,6,0,5,Stag-Hunt,D,Dummy,C
544,42,7,9,15,Snow Drift,D,8111,C
544,42,8,2,12,Prisoner's Dilemma,D,8128,D
544,42,9,2,14,Prisoner's Dilemma,D,8146,D
544,42,10,7,14,Snow Drift,D,8166,C
544,42,11,4,13,Prisoner's Dilemma,D,8184,D
544,42,12,0,14,Prisoner's Dilemma,D,8208,D
544,42,13,3,7,Stag-Hunt,D,8219,C
544,42,14,1,13,Prisoner's Dilemma,D,8237,D
544,42,15,6,5,Harmony,C,8268,C
544,42,16,0,9,Stag-Hunt,C,8283,C
545,42,1,1,14,Prisoner's Dilemma,C,7989,C
545,42,2,6,14,Snow Drift,C,8009,D
545,42,3,5,7,border Harmony/Stag-Hunt,D,8029,C
545,42,4,7,15,Snow Drift,C,8045,C
545,42,5,9,10,border Harmony/Snow Drift,C,8072,D
545,42,6,6,9,Harmony,D,8098,C
545,42,7,2,6,Stag-Hunt,C,8112,D
545,42,8,2,14,Prisoner's Dilemma,D,8135,C
545,42,9,1,13,Prisoner's Dilemma,D,8150,D
545,42,10,6,14,Snow Drift,D,8160,D
545,42,11,4,5,Stag-Hunt,C,8187,C
545,42,12,2,5,Stag-Hunt,C,8202,C
545,42,13,1,13,Prisoner's Dilemma,D,Dummy,D
545,42,14,2,10,border Stag-Hunt/Prisoner's Dilemma,C,8243,D
545,42,15,3,13,Prisoner's Dilemma,D,8263,D
545,42,16,0,9,Stag-Hunt,D,8285,D
546,42,1,10,8,Harmony,C,Dummy,D
546,42,2,5,14,border Snow Drift/Prisoner's Dilemma,C,8005,C
546,42,3,5,7,border Harmony/Stag-Hunt,C,8028,D
546,42,4,4,6,Stag-Hunt,D,8057,C
546,42,5,1,10,border Stag-Hunt/Prisoner's Dilemma,C,8071,D
546,42,6,0,9,Stag-Hunt,C,8096,C
546,42,7,5,8,border Harmony/Stag-Hunt,D,8114,D
546,42,8,2,14,Prisoner's Dilemma,C,8136,D
546,42,9,10,14,Snow Drift,C,8153,C
546,42,10,9,7,Harmony,C,8162,C
546,42,11,4,9,Stag-Hunt,C,Dummy,C
546,42,12,3,9,Stag-Hunt,D,8195,D
546,42,13,2,14,Prisoner's Dilemma,D,8227,D
546,42,14,2,10,border Stag-Hunt/Prisoner's Dilemma,C,8234,D
546,42,15,6,5,Harmony,C,8269,C
546,42,16,9,13,Snow Drift,C,8273,C
547,42,1,1,14,Prisoner's Dilemma,C,7988,C
547,42,2,10,11,Snow Drift,D,8018,C
547,42,3,8,15,Snow Drift,C,8034,D
547,42,4,4,6,Stag-Hunt,C,8058,D
547,42,5,5,14,border Snow Drift/Prisoner's Dilemma,D,8079,C
547,42,6,0,14,Prisoner's Dilemma,D,8091,C
547,42,7,5,8,border Harmony/Stag-Hunt,D,8115,D
547,42,8,9,15,Snow Drift,D,8133,C
547,42,9,2,6,Stag-Hunt,C,8149,D
547,42,10,9,7,Harmony,C,8161,C
547,42,11,6,10,border Harmony/Snow Drift,D,8179,D
547,42,12,6,9,Harmony,C,8209,C
547,42,13,2,14,Prisoner's Dilemma,D,8226,D
547,42,14,1,6,Stag-Hunt,D,8240,C
547,42,15,0,14,Prisoner's Dilemma,D,8265,C
547,42,16,10,8,Harmony,C,8281,C
548,42,1,9,13,Snow Drift,C,8002,C
548,42,2,9,12,Snow Drift,C,8019,C
548,42,3,3,9,Stag-Hunt,C,8033,C
548,42,4,4,6,Stag-Hunt,C,8048,C
548,42,5,4,9,Stag-Hunt,C,8066,D
548,42,6,7,8,Harmony,C,8081,C
548,42,7,0,11,Prisoner's Dilemma,C,8116,C
548,42,8,8,10,border Harmony/Snow Drift,C,8119,D
548,42,9,9,11,Snow Drift,C,Dummy,D
548,42,10,7,14,Snow Drift,C,8165,D
548,42,11,8,5,Harmony,C,8183,C
548,42,12,6,9,Harmony,C,8210,C
548,42,13,1,14,Prisoner's Dilemma,D,8223,D
548,42,14,1,13,Prisoner's Dilemma,D,8238,D
548,42,15,0,14,Prisoner's Dilemma,D,8255,D
548,42,16,9,13,Snow Drift,C,8275,D
549,42,1,0,9,Stag-Hunt,D,7990,D
549,42,2,10,14,Snow Drift,D,8015,C
549,42,3,0,14,Prisoner's Dilemma,D,8030,D
549,42,4,3,10,border Stag-Hunt/Prisoner's Dilemma,D,8060,D
549,42,5,4,12,Prisoner's Dilemma,D,8074,C
549,42,6,0,13,Prisoner's Dilemma,D,8088,D
549,42,7,2,6,Stag-Hunt,C,8108,D
549,42,8,1,6,Stag-Hunt,D,8122,D
549,42,9,1,12,Prisoner's Dilemma,D,8144,D
549,42,10,3,9,Stag-Hunt,D,8171,D
549,42,11,3,14,Prisoner's Dilemma,D,8192,C
549,42,12,6,8,Harmony,C,8206,D
549,42,13,1,5,Stag-Hunt,C,8230,C
549,42,14,2,10,border Stag-Hunt/Prisoner's Dilemma,D,8244,C
549,42,15,10,13,Snow Drift,D,8257,D
549,42,16,3,11,Prisoner's Dilemma,D,8279,C
551,42,1,2,13,Prisoner's Dilemma,D,8001,C
551,42,2,6,14,Snow Drift,D,8010,C
551,42,3,0,14,Prisoner's Dilemma,D,8031,D
551,42,4,5,11,border Snow Drift/Prisoner's Dilemma,C,8050,C
551,42,5,5,14,border Snow Drift/Prisoner's Dilemma,C,8078,D
551,42,6,4,5,Stag-Hunt,C,8094,C
551,42,7,6,13,Snow Drift,D,Dummy,C
551,42,8,8,10,border Harmony/Snow Drift,D,8120,C
551,42,9,10,15,Snow Drift,D,Dummy,D
551,42,10,4,8,Stag-Hunt,D,8157,D
551,42,11,6,10,border Harmony/Snow Drift,D,8178,D
551,42,12,2,5,Stag-Hunt,C,8201,C
551,42,13,1,5,Stag-Hunt,C,8231,C
551,42,14,2,5,Stag-Hunt,C,8248,D
551,42,15,7,14,Snow Drift,C,8258,D
551,42,16,3,11,Prisoner's Dilemma,C,8280,D
552,42,1,10,12,Snow Drift,C,7999,C
552,42,2,5,6,border Harmony/Stag-Hunt,C,8008,C
552,42,3,3,9,Stag-Hunt,C,8032,C
552,42,4,7,15,Snow Drift,C,8046,C
552,42,5,0,12,Prisoner's Dilemma,C,8065,D
552,42,6,7,8,Harmony,C,8082,C
552,42,7,0,14,Prisoner's Dilemma,D,8105,C
552,42,8,0,11,Prisoner's Dilemma,D,Dummy,D
552,42,9,1,8,Stag-Hunt,C,8139,C
552,42,10,6,14,Snow Drift,D,8159,D
552,42,11,3,14,Prisoner's Dilemma,D,8177,D
552,42,12,2,7,Stag-Hunt,C,Dummy,C
552,42,13,10,6,Harmony,C,8214,C
552,42,14,1,6,Stag-Hunt,C,8239,D
552,42,15,10,13,Snow Drift,D,8256,D
552,42,16,6,14,Snow Drift,D,8287,D
553,42,1,3,7,Stag-Hunt,D,7997,C
553,42,2,8,11,Snow Drift,D,8021,D
553,42,3,3,9,Stag-Hunt,D,Dummy,D
553,42,4,3,10,border Stag-Hunt/Prisoner's Dilemma,D,8059,D
553,42,5,1,10,border Stag-Hunt/Prisoner's Dilemma,D,8070,C
553,42,6,1,8,Stag-Hunt,D,8083,C
553,42,7,8,14,Snow Drift,D,8107,C
553,42,8,9,9,Harmony,C,Dummy,D
553,42,9,7,9,Harmony,D,8154,C
553,42,10,4,8,Stag-Hunt,D,8158,D
553,42,11,4,5,Stag-Hunt,C,8186,C
553,42,12,6,15,Snow Drift,C,8204,D
553,42,13,0,13,Prisoner's Dilemma,D,8221,D
553,42,14,3,5,Stag-Hunt,D,8242,C
553,42,15,9,8,Harmony,C,8252,C
553,42,16,10,8,Harmony,C,8282,C
554,42,1,0,14,Prisoner's Dilemma,D,7992,D
554,42,2,8,11,Snow Drift,D,8022,D
554,42,3,7,8,Harmony,C,8037,C
554,42,4,1,12,Prisoner's Dilemma,D,8053,C
554,42,5,9,11,Snow Drift,C,8077,C
554,42,6,4,5,Stag-Hunt,C,8093,C
554,42,7,9,15,Snow Drift,C,8110,D
554,42,8,2,11,Prisoner's Dilemma,C,8132,C
554,42,9,1,13,Prisoner's Dilemma,D,8151,D
554,42,10,5,7,border Harmony/Stag-Hunt,C,8174,C
554,42,11,4,8,Stag-Hunt,D,8189,C
554,42,12,2,7,Stag-Hunt,,8211,C
554,42,13,5,7,border Harmony/Stag-Hunt,C,Dummy,C
554,42,14,2,8,Stag-Hunt,C,8250,D
554,42,15,0,11,Prisoner's Dilemma,,8260,C
554,42,16,3,15,Prisoner's Dilemma,C,8272,C
555,42,1,0,9,Stag-Hunt,D,7991,D
555,42,2,10,14,Snow Drift,C,8016,D
555,42,3,2,14,Prisoner's Dilemma,C,Dummy,C
555,42,4,7,5,Harmony,D,8052,C
555,42,5,4,9,Stag-Hunt,D,8067,C
555,42,6,6,9,Harmony,C,8097,D
555,42,7,0,14,Prisoner's Dilemma,C,8101,D
555,42,8,10,6,Harmony,C,8125,C
555,42,9,1,12,Prisoner's Dilemma,D,8145,D
555,42,10,10,15,Snow Drift,D,8164,C
555,42,11,4,13,Prisoner's Dilemma,D,8185,D
555,42,12,3,9,Stag-Hunt,D,8196,D
555,42,13,3,6,Stag-Hunt,C,8229,D
555,42,14,3,7,Stag-Hunt,D,Dummy,C
555,42,15,0,14,Prisoner's Dilemma,C,8264,D
555,42,16,3,15,Prisoner's Dilemma,C,8271,C
556,42,1,2,13,Prisoner's Dilemma,C,8000,D
556,42,2,5,14,border Snow Drift/Prisoner's Dilemma,C,8006,C
556,42,3,10,15,Snow Drift,C,8039,C
556,42,4,5,11,border Snow Drift/Prisoner's Dilemma,C,8049,C
556,42,5,9,11,Snow Drift,C,8076,C
556,42,6,1,8,Stag-Hunt,C,8084,D
556,42,7,8,14,Snow Drift,C,8106,D
556,42,8,9,15,Snow Drift,C,8134,D
556,42,9,7,9,Harmony,C,8155,D
556,42,10,5,10,center of the TS plane,C,8167,C
556,42,11,3,14,Prisoner's Dilemma,C,8193,D
556,42,12,5,6,border Harmony/Stag-Hunt,C,8199,C
556,42,13,10,6,Harmony,C,8215,C
556,42,14,3,5,Stag-Hunt,C,8241,D
556,42,15,0,11,Prisoner's Dilemma,C,Dummy,C
556,42,16,9,13,Snow Drift,C,8274,C
557,42,1,10,14,Snow Drift,D,Dummy,C
557,42,2,0,13,Prisoner's Dilemma,D,Dummy,C
557,42,3,7,12,Snow Drift,D,8027,D
557,42,4,5,6,border Harmony/Stag-Hunt,C,8044,D
557,42,5,7,14,Snow Drift,D,8062,D
557,42,6,4,12,Prisoner's Dilemma,C,8085,D
557,42,7,0,14,Prisoner's Dilemma,D,8100,C
557,42,8,1,6,Stag-Hunt,D,8121,D
557,42,9,9,11,Snow Drift,D,8143,C
557,42,10,5,10,center of the TS plane,C,8168,C
557,42,11,8,5,Harmony,C,8182,C
557,42,12,4,5,Stag-Hunt,D,Dummy,C
557,42,13,0,9,Stag-Hunt,D,8217,D
557,42,14,2,8,Stag-Hunt,D,8249,C
557,42,15,0,14,Prisoner's Dilemma,C,8266,D
557,42,16,9,13,Snow Drift,D,8276,C
558,43,1,8,6,Harmony,C,8297,D
558,43,2,3,6,Stag-Hunt,C,8303,D
558,43,3,8,12,Snow Drift,C,8309,D
558,43,4,3,8,Stag-Hunt,C,8318,D
558,43,5,0,8,Stag-Hunt,D,8323,D
558,43,6,1,13,Prisoner's Dilemma,D,8336,D
558,43,7,3,14,Prisoner's Dilemma,D,8344,D
558,43,8,5,7,border Harmony/Stag-Hunt,D,8349,C
558,43,9,2,14,Prisoner's Dilemma,D,8358,D
558,43,10,8,8,Harmony,C,8363,C
558,43,11,3,15,Prisoner's Dilemma,D,8375,C
558,43,12,8,9,Harmony,C,8381,C
558,43,13,0,6,Stag-Hunt,D,8389,C
558,43,14,1,11,Prisoner's Dilemma,D,8401,C
558,43,15,5,11,border Snow Drift/Prisoner's Dilemma,D,8405,D
558,43,16,1,14,Prisoner's Dilemma,D,8413,D
558,43,17,8,5,Harmony,C,8419,C
559,43,1,5,13,border Snow Drift/Prisoner's Dilemma,D,8295,C
559,43,2,6,11,Snow Drift,D,8299,D
559,43,3,10,9,Harmony,C,8313,C
559,43,4,1,13,Prisoner's Dilemma,D,8315,D
559,43,5,4,9,Stag-Hunt,D,8326,D
559,43,6,3,11,Prisoner's Dilemma,C,8334,D
559,43,7,9,12,Snow Drift,D,8338,D
559,43,8,7,15,Snow Drift,D,8351,D
559,43,9,1,15,Prisoner's Dilemma,D,8356,D
559,43,10,9,6,Harmony,C,8364,C
559,43,11,6,5,Harmony,C,8373,C
559,43,12,7,12,Snow Drift,D,8383,C
559,43,13,8,12,Snow Drift,D,8393,D
559,43,14,1,14,Prisoner's Dilemma,D,8395,C
559,43,15,5,13,border Snow Drift/Prisoner's Dilemma,D,8403,D
559,43,16,9,15,Snow Drift,D,8411,D
559,43,17,8,5,Harmony,C,8418,C
560,43,1,8,5,Harmony,C,8293,C
560,43,2,8,13,Snow Drift,D,Dummy,C
560,43,3,7,8,Harmony,C,8310,D
560,43,4,5,15,border Snow Drift/Prisoner's Dilemma,D,8321,D
560,43,5,7,13,Snow Drift,C,8325,D
560,43,6,7,6,Harmony,C,8330,C
560,43,7,5,5,border Harmony/Stag-Hunt,C,8342,C
560,43,8,4,9,Stag-Hunt,D,8352,C
560,43,9,2,14,Prisoner's Dilemma,D,8359,D
560,43,10,6,15,Snow Drift,D,8368,D
560,43,11,5,7,border Harmony/Stag-Hunt,C,8370,D
560,43,12,7,12,Snow Drift,C,8382,D
560,43,13,1,11,Prisoner's Dilemma,D,8387,D
560,43,14,2,14,Prisoner's Dilemma,D,8398,C
560,43,15,0,12,Prisoner's Dilemma,D,8406,D
560,43,16,1,14,Prisoner's Dilemma,D,8412,D
560,43,17,5,11,border Snow Drift/Prisoner's Dilemma,D,8420,D
561,43,1,6,14,Snow Drift,C,8291,D
561,43,2,6,11,Snow Drift,D,8298,D
561,43,3,9,5,Harmony,D,8307,C
561,43,4,1,15,Prisoner's Dilemma,C,8316,C
561,43,5,4,9,Stag-Hunt,D,8327,D
561,43,6,7,6,Harmony,C,8331,C
561,43,7,6,15,Snow Drift,C,8341,C
561,43,8,8,5,Harmony,C,8347,C
561,43,9,1,15,Prisoner's Dilemma,D,8357,D
561,43,10,8,8,Harmony,C,8362,C
561,43,11,6,5,Harmony,C,8372,C
561,43,12,1,10,border Stag-Hunt/Prisoner's Dilemma,D,8385,C
561,43,13,1,11,Prisoner's Dilemma,D,8386,D
561,43,14,6,12,Snow Drift,C,8397,D
561,43,15,5,13,border Snow Drift/Prisoner's Dilemma,D,8402,D
561,43,16,7,6,Harmony,C,8417,C
561,43,17,6,10,border Harmony/Snow Drift,D,8422,C
562,43,1,5,13,border Snow Drift/Prisoner's Dilemma,C,8294,D
562,43,2,8,13,Snow Drift,C,8301,D
562,43,3,10,9,Harmony,C,8312,C
562,43,4,1,15,Prisoner's Dilemma,C,8317,C
562,43,5,5,15,border Snow Drift/Prisoner's Dilemma,D,8328,C
562,43,6,6,5,Harmony,C,8333,C
562,43,7,9,12,Snow Drift,D,8339,D
562,43,8,4,9,Stag-Hunt,C,8353,D
562,43,9,8,6,Harmony,D,8355,D
562,43,10,10,6,Harmony,,8367,C
562,43,11,9,11,Snow Drift,C,8376,C
562,43,12,10,9,Harmony,C,8378,C
562,43,13,0,6,Stag-Hunt,C,8388,D
562,43,14,2,14,Prisoner's Dilemma,C,8399,D
562,43,15,9,14,Snow Drift,C,8409,D
562,43,16,9,15,Snow Drift,D,8410,D
562,43,17,0,5,Stag-Hunt,D,8425,C
563,43,1,6,14,Snow Drift,D,8290,C
563,43,2,4,15,Prisoner's Dilemma,D,8305,D
563,43,3,7,8,Harmony,D,8311,C
563,43,4,3,8,Stag-Hunt,D,8319,C
563,43,5,0,8,Stag-Hunt,D,8322,D
563,43,6,1,13,Prisoner's Dilemma,D,8337,D
563,43,7,6,15,Snow Drift,C,8340,C
563,43,8,8,5,Harmony,C,8346,C
563,43,9,8,7,Harmony,C,8360,C
563,43,10,9,6,Harmony,C,8365,C
563,43,11,3,15,Prisoner's Dilemma,C,8374,D
563,43,12,1,10,border Stag-Hunt/Prisoner's Dilemma,C,8384,D
563,43,13,6,11,Snow Drift,D,8390,D
563,43,14,6,12,Snow Drift,D,8396,C
563,43,15,9,14,Snow Drift,D,8408,C
563,43,16,7,9,Harmony,C,8415,C
563,43,17,5,11,border Snow Drift/Prisoner's Dilemma,D,8421,D
564,43,1,8,6,Harmony,D,8296,C
564,43,2,4,15,Prisoner's Dilemma,D,8304,D
564,43,3,9,5,Harmony,C,8306,D
564,43,4,5,15,border Snow Drift/Prisoner's Dilemma,D,8320,D
564,43,5,5,15,border Snow Drift/Prisoner's Dilemma,C,8329,D
564,43,6,6,5,Harmony,C,8332,C
564,43,7,5,5,border Harmony/Stag-Hunt,C,8343,C
564,43,8,5,7,border Harmony/Stag-Hunt,C,8348,D
564,43,9,8,6,Harmony,D,Dummy,C
564,43,10,10,6,Harmony,C,Dummy,D
564,43,11,9,11,Snow Drift,C,8377,C
564,43,12,8,9,Harmony,C,8380,C
564,43,13,8,12,Snow Drift,D,8392,D
564,43,14,1,11,Prisoner's Dilemma,C,8400,D
564,43,15,5,11,border Snow Drift/Prisoner's Dilemma,D,8404,D
564,43,16,7,9,Harmony,C,8414,C
564,43,17,6,10,border Harmony/Snow Drift,C,8423,D
565,43,1,8,5,Harmony,C,8292,C
565,43,2,3,6,Stag-Hunt,D,8302,C
565,43,3,8,12,Snow Drift,D,8308,C
565,43,4,1,13,Prisoner's Dilemma,D,8314,D
565,43,5,7,13,Snow Drift,D,8324,C
565,43,6,3,11,Prisoner's Dilemma,D,8335,C
565,43,7,3,14,Prisoner's Dilemma,D,8345,D
565,43,8,7,15,Snow Drift,D,8350,D
565,43,9,8,7,Harmony,C,8361,C
565,43,10,6,15,Snow Drift,D,8369,D
565,43,11,5,7,border Harmony/Stag-Hunt,D,8371,C
565,43,12,10,9,Harmony,C,8379,C
565,43,13,6,11,Snow Drift,D,8391,D
565,43,14,1,14,Prisoner's Dilemma,C,8394,D
565,43,15,0,12,Prisoner's Dilemma,D,8407,D
565,43,16,7,6,Harmony,C,8416,C
565,43,17,0,5,Stag-Hunt,C,8424,D
566,44,1,6,7,Harmony,C,8431,C
566,44,2,3,7,Stag-Hunt,D,8437,C
566,44,3,0,7,Stag-Hunt,D,8440,C
566,44,4,4,6,Stag-Hunt,C,8447,C
566,44,5,10,9,Harmony,C,8450,C
566,44,6,8,5,Harmony,C,8456,D
566,44,7,9,13,Snow Drift,D,8466,D
566,44,8,10,6,Harmony,C,8470,C
566,44,9,2,8,Stag-Hunt,,8476,C
566,44,10,8,14,Snow Drift,D,8481,D
566,44,11,0,15,Prisoner's Dilemma,D,8489,C
566,44,12,10,13,Snow Drift,D,8494,D
566,44,13,3,10,border Stag-Hunt/Prisoner's Dilemma,D,8502,C
566,44,14,1,7,Stag-Hunt,D,8508,C
566,44,15,5,6,border Harmony/Stag-Hunt,D,8515,C
567,44,1,0,7,Stag-Hunt,C,8428,C
567,44,2,7,7,Harmony,C,8435,C
567,44,3,0,7,Stag-Hunt,C,8441,D
567,44,4,0,9,Stag-Hunt,C,8445,D
567,44,5,9,9,Harmony,C,8454,C
567,44,6,0,6,Stag-Hunt,D,8458,D
567,44,7,1,5,Stag-Hunt,C,8464,C
567,44,8,10,12,Snow Drift,C,8472,C
567,44,9,2,8,Stag-Hunt,C,Dummy,D
567,44,10,10,14,Snow Drift,D,8485,D
567,44,11,5,14,border Snow Drift/Prisoner's Dilemma,C,8486,D
567,44,12,6,5,Harmony,C,8497,D
567,44,13,4,9,Stag-Hunt,C,8501,D
567,44,14,7,9,Harmony,D,8506,C
567,44,15,7,10,border Harmony/Snow Drift,C,8511,C
568,44,1,6,7,Harmony,C,8430,C
568,44,2,7,7,Harmony,C,8434,C
568,44,3,0,6,Stag-Hunt,C,8439,D
568,44,4,0,9,Stag-Hunt,D,8444,C
568,44,5,8,15,Snow Drift,D,8452,D
568,44,6,0,6,Stag-Hunt,D,8459,D
568,44,7,5,12,border Snow Drift/Prisoner's Dilemma,D,8462,C
568,44,8,2,12,Prisoner's Dilemma,D,8468,D
568,44,9,10,11,Snow Drift,C,8479,D
568,44,10,10,14,Snow Drift,D,8484,D
568,44,11,4,9,Stag-Hunt,D,8490,C
568,44,12,10,13,Snow Drift,D,8495,D
568,44,13,9,8,Harmony,D,8498,C
568,44,14,9,15,Snow Drift,D,8505,D
568,44,15,5,6,border Harmony/Stag-Hunt,C,8514,D
569,44,1,0,7,Stag-Hunt,C,8429,C
569,44,2,8,8,Harmony,C,8432,C
569,44,3,0,6,Stag-Hunt,D,8438,C
569,44,4,4,6,Stag-Hunt,C,8446,C
569,44,5,9,9,Harmony,C,8455,C
569,44,6,8,5,Harmony,D,8457,C
569,44,7,1,5,Stag-Hunt,C,8465,C
569,44,8,10,12,Snow Drift,C,8473,C
569,44,9,7,6,Harmony,C,8475,C
569,44,10,7,15,Snow Drift,C,8482,D
569,44,11,0,15,Prisoner's Dilemma,C,8488,D
569,44,12,6,5,Harmony,D,8496,C
569,44,13,3,10,border Stag-Hunt/Prisoner's Dilemma,C,8503,D
569,44,14,1,7,Stag-Hunt,C,8509,D
569,44,15,7,10,border Harmony/Snow Drift,C,8510,C
570,44,1,0,5,Stag-Hunt,C,8426,D
570,44,2,3,7,Stag-Hunt,C,8436,D
570,44,3,9,9,Harmony,D,Dummy,C
570,44,4,2,10,border Stag-Hunt/Prisoner's Dilemma,C,8448,D
570,44,5,8,15,Snow Drift,D,8453,D
570,44,6,3,6,Stag-Hunt,C,8460,C
570,44,7,5,12,border Snow Drift/Prisoner's Dilemma,C,8463,D
570,44,8,2,12,Prisoner's Dilemma,D,8469,D
570,44,9,7,6,Harmony,C,8474,C
570,44,10,8,14,Snow Drift,D,8480,D
570,44,11,5,14,border Snow Drift/Prisoner's Dilemma,D,8487,C
570,44,12,1,9,Stag-Hunt,D,8492,D
570,44,13,9,8,Harmony,C,8499,D
570,44,14,9,15,Snow Drift,D,8504,D
570,44,15,1,5,Stag-Hunt,C,8513,D
571,44,1,0,5,Stag-Hunt,D,8427,C
571,44,2,8,8,Harmony,C,8433,C
571,44,3,9,9,Harmony,D,8442,D
571,44,4,2,10,border Stag-Hunt/Prisoner's Dilemma,D,8449,C
571,44,5,10,9,Harmony,C,8451,C
571,44,6,3,6,Stag-Hunt,C,8461,C
571,44,7,9,13,Snow Drift,D,8467,D
571,44,8,10,6,Harmony,C,8471,C
571,44,9,10,11,Snow Drift,D,8478,C
571,44,10,7,15,Snow Drift,D,8483,C
571,44,11,4,9,Stag-Hunt,C,8491,D
571,44,12,1,9,Stag-Hunt,D,8493,D
571,44,13,4,9,Stag-Hunt,D,8500,C
571,44,14,7,9,Harmony,C,8507,D
571,44,15,1,5,Stag-Hunt,D,8512,C
572,45,1,7,13,Snow Drift,D,8518,D
572,45,2,5,10,center of the TS plane,C,8531,C
572,45,3,0,13,Prisoner's Dilemma,D,8534,C
572,45,4,4,9,Stag-Hunt,C,8547,C
572,45,5,9,9,Harmony,C,8555,C
572,45,6,10,6,Harmony,C,8565,C
572,45,7,4,7,Stag-Hunt,C,8573,C
572,45,8,10,11,Snow Drift,C,Dummy,C
572,45,9,0,8,Stag-Hunt,C,8591,C
572,45,10,0,11,Prisoner's Dilemma,C,8597,D
572,45,11,9,11,Snow Drift,C,8611,C
572,45,12,1,15,Prisoner's Dilemma,C,8615,D
572,45,13,5,15,border Snow Drift/Prisoner's Dilemma,D,8627,C
572,45,14,1,9,Stag-Hunt,C,Dummy,D
572,45,15,3,6,Stag-Hunt,C,8648,D
572,45,16,0,6,Stag-Hunt,D,Dummy,D
574,45,1,6,7,Harmony,C,8516,D
574,45,2,0,7,Stag-Hunt,D,8526,C
574,45,3,3,14,Prisoner's Dilemma,D,8536,C
574,45,4,8,11,Snow Drift,D,8546,C
574,45,5,9,9,Harmony,C,8554,C
574,45,6,0,6,Stag-Hunt,D,Dummy,D
574,45,7,9,7,Harmony,C,8571,D
574,45,8,4,9,Stag-Hunt,D,8585,C
574,45,9,10,5,Harmony,C,8588,D
574,45,10,0,11,Prisoner's Dilemma,D,8598,C
574,45,11,10,9,Harmony,C,8613,C
574,45,12,1,15,Prisoner's Dilemma,D,8616,C
574,45,13,3,14,Prisoner's Dilemma,D,Dummy,D
574,45,14,8,10,border Harmony/Snow Drift,D,8635,C
574,45,15,3,6,Stag-Hunt,D,8649,C
574,45,16,4,13,Prisoner's Dilemma,D,8652,D
575,45,1,6,7,Harmony,D,8517,C
575,45,2,6,11,Snow Drift,D,Dummy,D
575,45,3,0,9,Stag-Hunt,D,Dummy,D
575,45,4,7,8,Harmony,C,8543,C
575,45,5,6,11,Snow Drift,D,Dummy,D
575,45,6,9,12,Snow Drift,C,8563,C
575,45,7,5,6,border Harmony/Stag-Hunt,C,8576,C
575,45,8,0,15,Prisoner's Dilemma,D,8579,D
575,45,9,10,5,Harmony,D,8589,C
575,45,10,4,11,Prisoner's Dilemma,D,8603,D
575,45,11,9,10,border Harmony/Snow Drift,C,Dummy,C
575,45,12,5,15,border Snow Drift/Prisoner's Dilemma,C,8622,D
575,45,13,10,12,Snow Drift,D,8624,C
575,45,14,0,5,Stag-Hunt,C,8633,C
575,45,15,4,11,Prisoner's Dilemma,C,8643,C
575,45,16,4,13,Prisoner's Dilemma,D,8651,D
576,45,1,2,14,Prisoner's Dilemma,C,8520,D
576,45,2,2,5,Stag-Hunt,C,8529,C
576,45,3,0,13,Prisoner's Dilemma,C,8535,D
576,45,4,7,8,Harmony,C,8544,C
576,45,5,4,15,Prisoner's Dilemma,C,8556,C
576,45,6,6,15,Snow Drift,C,Dummy,C
576,45,7,7,10,border Harmony/Snow Drift,C,Dummy,D
576,45,8,8,10,border Harmony/Snow Drift,C,Dummy,D
576,45,9,3,7,Stag-Hunt,C,Dummy,C
576,45,10,0,9,Stag-Hunt,C,Dummy,D
576,45,11,7,10,border Harmony/Snow Drift,C,Dummy,D
576,45,12,2,6,Stag-Hunt,C,8620,D
576,45,13,2,12,Prisoner's Dilemma,C,Dummy,D
576,45,14,0,5,Stag-Hunt,C,8634,C
576,45,15,4,11,Prisoner's Dilemma,C,8642,C
576,45,16,8,13,Snow Drift,C,8658,C
577,45,1,6,7,Harmony,C,Dummy,C
577,45,2,5,10,center of the TS plane,C,8532,C
577,45,3,3,14,Prisoner's Dilemma,C,8537,D
577,45,4,4,9,Stag-Hunt,C,8548,C
577,45,5,6,14,Snow Drift,C,Dummy,C
577,45,6,9,12,Snow Drift,C,8564,C
577,45,7,4,7,Stag-Hunt,C,8572,C
577,45,8,0,15,Prisoner's Dilemma,D,8580,D
577,45,9,4,13,Prisoner's Dilemma,D,Dummy,C
577,45,10,0,5,Stag-Hunt,C,8600,C
577,45,11,9,6,Harmony,C,8608,C
577,45,12,6,10,border Harmony/Snow Drift,C,Dummy,C
577,45,13,1,11,Prisoner's Dilemma,D,8631,D
577,45,14,8,10,border Harmony/Snow Drift,C,8636,D
577,45,15,1,15,Prisoner's Dilemma,D,8644,D
577,45,16,10,15,Snow Drift,D,8655,D
578,45,1,2,14,Prisoner's Dilemma,D,8521,C
578,45,2,0,7,Stag-Hunt,C,8525,D
578,45,3,4,10,border Stag-Hunt/Prisoner's Dilemma,D,8541,C
578,45,4,8,11,Snow Drift,C,8545,D
578,45,5,4,15,Prisoner's Dilemma,C,8557,C
578,45,6,1,8,Stag-Hunt,D,8567,C
578,45,7,9,7,Harmony,D,8570,C
578,45,8,4,9,Stag-Hunt,C,8586,D
578,45,9,9,9,Harmony,C,8594,C
578,45,10,1,11,Prisoner's Dilemma,C,Dummy,D
578,45,11,9,6,Harmony,C,8609,C
578,45,12,5,15,border Snow Drift/Prisoner's Dilemma,D,8621,C
578,45,13,5,15,border Snow Drift/Prisoner's Dilemma,C,8626,D
578,45,14,6,14,Snow Drift,D,8640,D
578,45,15,8,15,Snow Drift,C,Dummy,C
578,45,16,1,13,Prisoner's Dilemma,C,Dummy,C
579,45,1,4,10,border Stag-Hunt/Prisoner's Dilemma,C,Dummy,C
579,45,2,2,5,Stag-Hunt,C,8530,C
579,45,3,4,10,border Stag-Hunt/Prisoner's Dilemma,C,8540,D
579,45,4,5,9,border Harmony/Stag-Hunt,C,8549,D
579,45,5,7,9,Harmony,C,8553,D
579,45,6,1,8,Stag-Hunt,C,8568,D
579,45,7,5,6,border Harmony/Stag-Hunt,C,8577,C
579,45,8,6,11,Snow Drift,C,8583,D
579,45,9,0,8,Stag-Hunt,C,8590,C
579,45,10,0,5,Stag-Hunt,C,8599,C
579,45,11,9,11,Snow Drift,C,8610,C
579,45,12,7,15,Snow Drift,D,Dummy,D
579,45,13,10,12,Snow Drift,C,8625,D
579,45,14,3,13,Prisoner's Dilemma,C,Dummy,D
579,45,15,10,10,border Harmony/Snow Drift,C,Dummy,C
579,45,16,8,13,Snow Drift,C,8657,C
580,45,1,7,13,Snow Drift,D,8519,D
580,45,2,4,15,Prisoner's Dilemma,D,Dummy,C
580,45,3,3,15,Prisoner's Dilemma,D,Dummy,C
580,45,4,5,9,border Harmony/Stag-Hunt,D,8550,C
580,45,5,7,9,Harmony,D,8552,C
580,45,6,10,6,Harmony,C,8566,C
580,45,7,8,12,Snow Drift,D,Dummy,C
580,45,8,6,11,Snow Drift,D,8584,C
580,45,9,9,9,Harmony,C,8595,C
580,45,10,4,11,Prisoner's Dilemma,D,8604,D
580,45,11,10,9,Harmony,C,8612,C
580,45,12,2,6,Stag-Hunt,D,8619,C
580,45,13,1,11,Prisoner's Dilemma,D,8630,D
580,45,14,6,14,Snow Drift,D,8639,D
580,45,15,1,15,Prisoner's Dilemma,D,8645,D
580,45,16,10,15,Snow Drift,D,8656,D
