User_ID,phenotype_kmeans,phi_star,n,match_rate_real,match_rate_shuffled,match_rate_delta,H_Dphi_real,H_Dphi_shuffled,H_Dphi_delta,I_Dphi;g_real,I_Dphi;g_shuffled,I_Dphi;g_delta,I_Dphi;TS_quad_real,I_Dphi;TS_quad_shuffled,I_Dphi;TS_quad_delta
2,Envious,Envious,14,1.0,0.6285714285714287,0.37142857142857133,0.0,0.9275149955658534,-0.9275149955658534,0.0,0.2898560187152108,-0.2898560187152108,0.0,0.12726716078540568,-0.12726716078540568
3,Trustful,Trustful,14,0.9285714285714286,0.928571428571429,-4.440892098500626e-16,0.4227571495297672,0.42275714952976695,2.220446049250313e-16,0.11340086418110334,0.20686402200420334,-0.0934631578231,0.11340086418110334,0.1536418760420236,-0.040241011860920245
4,Pessimist,Pessimist,14,0.7142857142857143,0.5214285714285715,0.19285714285714284,0.9146453914555226,1.0062260670562382,-0.09158067560071559,0.16973788661096179,0.14358401730843742,0.026153869302524363,0.08080127962263817,0.08780531215991473,-0.007004032537276564
6,Undefined,Envious,14,0.8571428571428571,0.6642857142857141,0.19285714285714295,0.6431976014712191,0.9573830400691895,-0.31418543859797043,0.1394593503765208,0.16461949853946864,-0.025160148162947843,0.1394593503765208,0.10041385536283103,0.03904549501368977
7,Envious,Envious,14,1.0,0.8714285714285712,0.12857142857142878,0.0,0.5788778413240973,-0.5788778413240973,0.0,0.2355540891490703,-0.2355540891490703,0.0,0.14816907098788606,-0.14816907098788606
8,Optimist,Optimist,14,0.7142857142857143,0.4928571428571429,0.22142857142857142,0.9146453914555226,1.0245422021763813,-0.10989681072085866,0.08080127962263817,0.1772707328707168,-0.09646945324807862,0.01974749588882796,0.0015028162251293697,0.01824467966369859
9,Envious,Envious,14,0.8571428571428571,0.6357142857142858,0.2214285714285713,0.6431976014712191,0.9743375424368799,-0.3311399409656608,0.07656045600250294,0.13718360087618883,-0.06062314487368589,0.07656045600250294,0.13718360087618883,-0.06062314487368589
10,Optimist,Optimist,14,0.7142857142857143,0.48571428571428577,0.22857142857142854,0.9146453914555226,1.0184368238030002,-0.10379143234747756,0.2425628872290957,0.10564089847609696,0.1369219887529987,-0.12071393398838737,-0.05953327788460554,-0.06118065610378183
11,Undefined,Envious,14,0.7142857142857143,0.5142857142857142,0.20000000000000007,0.9146453914555226,1.0184368238030002,-0.10379143234747756,0.4109071403608243,0.2818727332008383,0.12903440715998604,0.1394593503765208,0.1382575092185044,0.0012018411580163868
19,Optimist,Optimist,14,0.7857142857142857,0.4857142857142859,0.2999999999999998,0.8011200801483715,0.989501066074914,-0.1883809859265424,0.12903757592194465,0.46200038435259433,-0.3329628084306497,0.09347090246272027,0.028010252923879018,0.06546064953884126
20,Optimist,Optimist,14,0.6428571428571429,0.47142857142857153,0.17142857142857137,0.9918107815595227,1.0151189692201181,-0.023308187660595392,0.10644184683774671,0.3024967767422774,-0.19605492990453066,0.0969128859928281,0.12207180558843511,-0.02515891959560701
23,Optimist,Optimist,14,0.7142857142857143,0.4857142857142857,0.2285714285714286,0.9146453914555226,1.0062260670562382,-0.09158067560071559,0.2940877101179873,0.3131680100882146,-0.01908029997022731,0.11805960678154759,0.08129213992417844,0.03676746685736915
24,Pessimist,Pessimist,14,0.7857142857142857,0.5428571428571429,0.24285714285714277,0.8011200801483715,0.9966273279501554,-0.19550724780178386,0.32341954166797904,0.4419069497254735,-0.11848740805749447,0.26949900579915986,0.19074827909902567,0.0787507267001342
25,Optimist,Optimist,14,0.8571428571428571,0.47142857142857136,0.38571428571428573,0.6431976014712191,0.994015310309476,-0.3508177088382569,0.16549706299082656,0.282677198716893,-0.11718013572606645,0.05052274338819718,0.02868684304610055,0.021835900342096627
27,Optimist,Optimist,13,0.8461538461538461,0.4999999999999999,0.34615384615384626,0.6748704654821854,1.007277883198901,-0.33240741771671567,0.1981333467858445,0.2550373782221573,-0.056904031436312785,0.1400650773886546,0.014073492800061066,0.12599158458859352
28,Trustful,Trustful,14,0.9285714285714286,0.928571428571429,-4.440892098500626e-16,0.4227571495297672,0.42275714952976695,2.220446049250313e-16,0.0753959373497119,0.21427484970154906,-0.13887891235183716,0.06062407338396342,0.1618407486443417,-0.10121667526037828
29,Optimist,Optimist,14,0.6428571428571429,0.4571428571428572,0.18571428571428572,0.9918107815595227,0.9781356866801925,0.013675094879330274,0.2307916703447721,0.3013735761218109,-0.07058190577703882,0.06189681487332366,0.1465853129795351,-0.08468849810621143
30,Envious,Envious,14,0.9285714285714286,0.707142857142857,0.22142857142857164,0.4227571495297672,0.8966163544641322,-0.47385920493436506,0.22837518378373275,0.22927419908518012,-0.0008990153014473701,0.22837518378373275,0.1496104670126379,0.07876471677109487
31,Pessimist,Pessimist,14,0.7857142857142857,0.4714285714285715,0.3142857142857142,0.8011200801483715,0.9775582578090403,-0.17643817766066872,0.552817578533518,0.30303353074731126,0.24978404778620672,-0.03985727954950391,0.16506956101977685,-0.20492684056928076
32,Trustful,Trustful,17,0.8235294117647058,0.8235294117647057,1.1102230246251565e-16,0.7147270241606074,0.7147270241606076,-2.220446049250313e-16,0.5546477582521084,0.22815194070249262,0.3264958175496158,0.18811113914790734,0.11837131763690714,0.0697398215110002
33,Pessimist,Pessimist,17,0.8235294117647058,0.47058823529411775,0.3529411764705881,0.7147270241606074,1.0074451887597176,-0.29271816459911015,0.5102426110660221,0.1404477970273135,0.3697948140387086,0.27692143352008014,0.041015405610065475,0.23590602791001467
34,Optimist,Optimist,17,0.8235294117647058,0.5,0.32352941176470584,0.7147270241606074,1.0063483938547375,-0.2916213696941301,0.23251628633399368,0.16034733373675836,0.07216895259723533,0.18223669972967937,0.024153862442348448,0.1580828372873309
35,Pessimist,Pessimist,17,0.8235294117647058,0.5294117647058825,0.2941176470588234,0.7147270241606074,0.9920039218112254,-0.277276897650618,0.022157433821180517,0.19422393547590766,-0.17206650165472714,-0.009140741216435933,0.06588357733866784,-0.07502431855510378
37,Pessimist,Pessimist,17,0.7058823529411765,0.5411764705882354,0.16470588235294115,0.9164132552123273,0.9982090456217495,-0.0817957904094222,0.10032216663114302,0.14382588557052453,-0.043503718939381514,0.10176225536199424,0.016060235408158246,0.08570201995383599
38,Envious,Envious,17,0.8823529411764706,0.6999999999999998,0.18235294117647072,0.5649915816219103,0.9060549101087986,-0.34106332848688825,0.24483304980491244,0.2832151566183476,-0.03838210681343518,0.08865528321352456,0.09920079570363881,-0.010545512490114248
40,Pessimist,Pessimist,17,0.7058823529411765,0.5647058823529413,0.14117647058823524,0.9164132552123273,1.011364164297349,-0.09495090908502168,-0.025045895407771357,0.17443920858244277,-0.19948510399021413,-0.019786302778646125,0.06926985571582032,-0.08905615849446645
41,Pessimist,Pessimist,17,0.7058823529411765,0.5235294117647058,0.18235294117647072,0.9164132552123273,0.9896825698326934,-0.07326931462036612,0.22384366487290042,0.1284373395290477,0.09540632534385271,0.16235063207191314,-0.0013024479471951834,0.16365308001910833
42,Pessimist,Pessimist,17,0.7058823529411765,0.4941176470588236,0.2117647058823529,0.9164132552123273,0.9903900778450611,-0.07397682263273375,0.03882913383015596,0.04813350287470608,-0.00930436904455012,0.03882913383015596,0.0481335028747061,-0.009304369044550141
43,Envious,Envious,17,0.8823529411764706,0.5764705882352942,0.3058823529411764,0.5649915816219103,0.9905461458724902,-0.4255545642505799,0.11885014097689528,0.17804256389786705,-0.059192422920971766,0.11885014097689528,0.10364018712731461,0.015209953849580668
45,Trustful,Trustful,17,0.7058823529411765,0.7058823529411763,2.220446049250313e-16,0.9164132552123273,0.9164132552123273,0.0,0.25268042932425694,0.2046871365991498,0.047993292725107134,0.10619660604937098,0.06416183535254777,0.04203477069682321
47,Optimist,Optimist,16,0.8125,0.5687499999999999,0.24375000000000013,0.7412964801529259,1.0013522168023987,-0.2600557366494728,0.15322428895480245,0.1342729065792011,0.018951382375601344,0.05262175930250168,0.07882420188212802,-0.02620244257962634
48,Pessimist,Pessimist,16,0.8125,0.44999999999999996,0.36250000000000004,0.7412964801529259,1.0013522168023985,-0.26005573664947257,0.2761280400973657,0.29342506037286775,-0.017297020275502062,0.12934581849756743,0.059140282385748165,0.07020553611181926
49,Trustful,Trustful,16,0.6875,0.6875000000000001,-1.1102230246251565e-16,0.9411224525623375,0.9411224525623375,0.0,0.08860510356600027,0.29120301880926514,-0.20259791524326487,0.05586979247899726,0.07759446541135724,-0.02172467293235998
51,Trustful,Trustful,16,0.6875,0.6875000000000001,-1.1102230246251565e-16,0.9411224525623375,0.9411224525623375,0.0,0.008689323593780496,0.150285056168343,-0.1415957325745625,-0.024564987383686954,0.09696897675325324,-0.12153396413694019
52,Trustful,Trustful,16,0.625,0.625,0.0,0.9995182229527452,0.999518222952745,2.220446049250313e-16,0.5343497828971849,0.26632808587184764,0.2680216970253373,0.4934109058938354,0.04194394142448948,0.4514669644693459
53,Pessimist,Pessimist,16,0.8125,0.50625,0.30625,0.7412964801529259,1.0059852755900955,-0.2646887954371696,0.3518513223547122,0.2496842233448479,0.10216709900986432,0.1485127913494647,0.08653765707371525,0.061975134275749466
54,Envious,Envious,16,0.875,0.65,0.22499999999999998,0.5886486632273765,0.9402616867721943,-0.3516130235448178,0.29980603508146364,0.3180647624662836,-0.018258727384819984,0.029119285401382755,0.1620047589888782,-0.13288547358749545
56,Pessimist,Pessimist,16,0.75,0.4749999999999999,0.2750000000000001,0.856362344486913,0.9939929401591325,-0.13763059567221958,0.2211096844035726,0.15057987250000832,0.07052981190356428,0.1323370638015845,0.064509157529885,0.0678279062716995
57,Optimist,Optimist,16,0.875,0.5437500000000002,0.3312499999999998,0.5886486632273765,0.9962712400128845,-0.40762257678550795,0.0700581624047324,0.1304818708263727,-0.0604237084216403,0.047275163867214864,-0.008226675062774726,0.05550183892998959
58,Undefined,Envious,16,0.8125,0.6375,0.17500000000000004,0.7412964801529259,0.9674704431983665,-0.22617396304544057,0.39279019935806186,0.29772393019792603,0.09506626916013583,0.39279019935806186,0.17370624393024012,0.21908395542782175
60,Optimist,Optimist,16,0.75,0.575,0.17500000000000004,0.856362344486913,0.9734494621728643,-0.11708711768595137,0.2573370638015845,0.3194551635995802,-0.06211809979799571,0.08725284377380438,0.25992568658985715,-0.17267284281605277
61,Trustful,Trustful,16,0.625,0.625,0.0,0.9995182229527452,0.999518222952745,2.220446049250313e-16,0.26366303321710405,0.22779385287043152,0.035869180346672525,0.08524097245002016,0.05280876866516962,0.03243220378485054
62,Envious,Envious,14,0.8571428571428571,0.6571428571428571,0.19999999999999996,0.6431976014712191,0.9560214073167366,-0.3128238058455175,0.3948950998563655,0.45126131455213514,-0.056366214695769634,0.11157652712200739,0.09345878664877565,0.01811774047323174
63,Pessimist,Pessimist,14,0.5714285714285714,0.507142857142857,0.06428571428571439,1.036752958923143,0.9940153103094759,0.042737648613667134,-0.026489189775280364,0.21724640443564,-0.24373559421092036,-0.02888490275520783,0.07411471853153688,-0.10299962128674471
66,Trustful,Trustful,12,0.5,0.5000000000000001,-1.1102230246251565e-16,1.0601122933703735,1.060112293370374,-4.440892098500626e-16,0.36865829227351454,0.29869858322264065,0.0699597090508739,0.016064748542563123,0.06578524869490489,-0.049720500152341765
67,Trustful,Trustful,14,0.9285714285714286,0.928571428571429,-4.440892098500626e-16,0.4227571495297672,0.42275714952976695,2.220446049250313e-16,0.22837518378373275,0.18635583824985125,0.04201934553388151,0.22837518378373275,0.14272591488999214,0.08564926889374061
69,Envious,Envious,14,0.8571428571428571,0.6285714285714286,0.22857142857142854,0.6431976014712191,0.9668705313110457,-0.32367292983982665,0.11157652712200739,0.2622432861499458,-0.1506667590279384,0.07656045600250294,0.10539430241615386,-0.028833846413650915
71,Envious,Envious,15,0.8666666666666667,0.5666666666666667,0.30000000000000004,0.6145993412492041,0.9931666430133705,-0.3785673017641664,0.24285930840134917,0.1149555509283697,0.12790375747297947,0.24285930840134917,0.0554401417433411,0.18741916665800806
72,Undefined,Trustful,15,0.7333333333333333,0.7333333333333332,1.1102230246251565e-16,0.884730576637466,0.8847305766374663,-3.3306690738754696e-16,0.4693224083193714,0.1666292020835832,0.3026932062357882,0.43385114327673946,0.11852733205819053,0.3153238112185489
73,Trustful,Trustful,15,0.8,0.8000000000000002,-1.1102230246251565e-16,0.7700179295836611,0.7700179295836612,-1.1102230246251565e-16,0.2495363950843782,0.27953147515182036,-0.02999508006744217,0.14716262486505527,0.12717667553435133,0.01998594933070394
74,Envious,Envious,15,1.0,0.64,0.36,0.0,0.9679005918982639,-0.9679005918982639,0.0,0.22146763839668868,-0.22146763839668868,0.0,0.13473329166468997,-0.13473329166468997
75,Trustful,Trustful,15,0.5333333333333333,0.5333333333333333,0.0,1.0448814666779354,1.0448814666779356,-2.220446049250313e-16,0.2163011288230119,0.24291875723039405,-0.02661762840738216,0.18082986378038002,0.0898661982162742,0.09096366556410582
76,Trustful,Trustful,15,0.6,0.6000000000000003,-3.3306690738754696e-16,1.0190404291509674,1.0190404291509676,-2.220446049250313e-16,0.41555139479591574,0.19167529599947206,0.22387609879644368,0.011129695569856546,0.07294528202932102,-0.06181558645946447
77,Envious,Envious,15,1.0,0.8733333333333333,0.1266666666666667,0.0,0.5838693741867441,-0.5838693741867441,0.0,0.35239957291356133,-0.35239957291356133,0.0,0.15646296588525016,-0.15646296588525016
78,Envious,Envious,15,1.0,0.49333333333333323,0.5066666666666668,0.0,0.9905676589172953,-0.9905676589172953,0.0,0.10243700346971005,-0.10243700346971005,0.0,0.10243700346971005,-0.10243700346971005
79,Envious,Envious,15,0.9333333333333333,0.7066666666666667,0.22666666666666668,0.40144916971772016,0.8988652959657097,-0.4974161262479896,0.40144916971772016,0.4240330763556309,-0.022583906637910767,0.16970016821052344,0.16024576772611782,0.009454400484405628
80,Optimist,Optimist,15,0.6,0.4866666666666666,0.1133333333333334,1.0190404291509674,1.0147145032087408,0.004325925942226583,0.25843009187296895,0.26732569932501205,-0.008895607452043097,-0.10665224296756115,0.06275441857911217,-0.16940666154667333
81,Optimist,Optimist,15,0.4666666666666667,0.44000000000000006,0.026666666666666616,1.0448814666779354,0.9913109041049795,0.05357056257295589,0.4413924323228837,0.32016452873552,0.12122790358736374,-0.05478723706971378,0.11446699461649784,-0.16925423168621162
82,Undefined,Envious,15,0.5333333333333333,0.6133333333333333,-0.07999999999999996,1.0448814666779354,0.9859967937976494,0.05888467288028598,0.574725765656217,0.33199872693712174,0.2427270387190953,0.3102950977708161,0.16926408502094298,0.14103101274987312
83,Trustful,Trustful,15,0.8666666666666667,0.8666666666666667,0.0,0.6145993412492041,0.6145993412492043,-2.220446049250313e-16,0.11841967185660651,0.24257638914381924,-0.12415671728721273,0.0941178067499212,0.12927580355614565,-0.035157996806224445
84,Envious,Envious,15,0.7333333333333333,0.5800000000000001,0.1533333333333332,0.884730576637466,1.0066462625320327,-0.1219156858945667,0.049492540775217586,0.14842893650669264,-0.09893639573147506,-0.007490990709671852,0.07959728816439168,-0.08708827887406353
85,Envious,Envious,15,0.9333333333333333,0.7666666666666667,0.16666666666666663,0.40144916971772016,0.793279711270621,-0.39183054155290087,0.16970016821052344,0.19867360645549248,-0.028973438244969035,0.16970016821052344,0.11033464719211077,0.05936552101841268
86,Envious,Envious,18,0.7777777777777778,0.5722222222222222,0.2055555555555556,0.804279368755536,0.9902687103062444,-0.18598934155070845,-0.09042457739177234,0.11385043558091831,-0.20427501297269066,-0.11765929937360908,0.04841566470942631,-0.1660749640830354
87,Envious,Envious,18,0.7777777777777778,0.5611111111111111,0.21666666666666667,0.804279368755536,1.0129558656392046,-0.20867649688366863,0.23961033757034456,0.19060835413621674,0.049001983434127816,0.1847126473424443,0.02456356163372988,0.16014908570871442
88,Undefined,Optimist,18,0.6666666666666666,0.5333333333333334,0.1333333333333332,0.9583706963014053,1.0125293218402844,-0.05415862553887918,-0.103657781840225,0.17513255201799904,-0.27879033385822405,-0.10784577971163645,0.08220533926182456,-0.190051118973461
89,Trustful,Trustful,18,0.9444444444444444,0.9444444444444449,-4.440892098500626e-16,0.3496182913972408,0.3496182913972408,0.0,0.19843231803921405,0.13743943121435154,0.06099288682486251,0.12925940149274012,0.12014620207773305,0.009113199415007073
90,Trustful,Trustful,18,1.0,1.0000000000000002,-2.220446049250313e-16,0.0,0.0,0.0,0.0,0.0,0.0,0.0,0.0,0.0
91,Envious,Envious,18,0.9444444444444444,0.772222222222222,0.1722222222222224,0.3496182913972408,0.8014078002458885,-0.4517895088486477,0.3496182913972408,0.2636354493178157,0.08598284207942514,0.15649412347457692,0.13370740093980216,0.02278672253477476
92,Optimist,Optimist,18,0.8333333333333334,0.5111111111111113,0.3222222222222221,0.6900972838952698,0.9728319339734941,-0.2827346500782243,0.15995503328422334,0.13850191983920807,0.02145311344501527,0.15995503328422334,0.02823636975829502,0.13171866352592831
93,Envious,Envious,18,0.9444444444444444,0.6000000000000001,0.34444444444444433,0.3496182913972408,0.988807662832577,-0.6391893714353363,0.10900784723716894,0.42653344859917314,-0.3175256013620042,0.09286928860087379,0.21429613349973617,-0.12142684489886238
95,Optimist,Optimist,18,0.6666666666666666,0.45555555555555555,0.21111111111111108,0.9583706963014053,0.987056242815978,-0.02868554651457278,0.08946638608243884,0.11714113112610298,-0.027674745043664142,0.08061988603845172,0.032331088163962574,0.04828879787448914
96,Optimist,Optimist,18,0.7222222222222222,0.5222222222222224,0.19999999999999984,0.8924800408963943,1.0037626389968008,-0.11128259810040653,0.14520231649992799,0.21566977802294549,-0.0704674615230175,0.021712398359706397,0.03959619886214053,-0.017883800502434134
97,Optimist,Optimist,18,0.6666666666666666,0.4388888888888889,0.22777777777777775,0.9583706963014053,0.9943342653943512,-0.03596356909294596,0.1987141648758285,0.14693404138515678,0.05178012349067171,0.04566485920008023,-0.0388488690662053,0.08451372826628553
98,Envious,Envious,18,0.8333333333333334,0.7444444444444442,0.08888888888888913,0.6900972838952698,0.8520034894961697,-0.16190620560089986,-0.011482494329374648,0.0993104495798196,-0.11079294390919425,-0.04104188186490132,0.027287215637369095,-0.06832909750227041
99,Optimist,Optimist,18,0.6111111111111112,0.46666666666666673,0.14444444444444443,1.0041536270551445,1.003567144967629,0.0005864820875154386,0.08589970828104865,0.105527560590185,-0.019627852309136357,0.01672679173457481,0.0477606995457825,-0.03103390781120769
100,Envious,Envious,18,1.0,0.7333333333333332,0.26666666666666683,0.0,0.8552304153551731,-0.8552304153551731,0.0,0.27475973143637233,-0.27475973143637233,0.0,0.20895408751156164,-0.20895408751156164
101,Pessimist,Pessimist,18,0.6666666666666666,0.5222222222222221,0.1444444444444445,0.9583706963014053,0.9862031552181376,-0.02783245891673236,0.049391523835523254,0.10834163590022028,-0.058950112064697024,0.054820250110109825,0.013096735360040392,0.04172351475006943
102,Envious,Envious,18,0.6666666666666666,0.5555555555555556,0.11111111111111105,0.9583706963014053,1.009316854350018,-0.05094615804861269,0.1843195831590705,0.2305911000043044,-0.04627151684523392,-0.00880458476359347,0.09540418245843972,-0.10420876722203319
103,Envious,Envious,18,0.9444444444444444,0.6888888888888889,0.25555555555555554,0.3496182913972408,0.8964000122585806,-0.5467817208613397,0.10900784723716894,0.3219729060614821,-0.21296505882431316,0.10900784723716894,0.1916391260655778,-0.08263127882840884
104,Envious,Envious,17,0.9411764705882353,0.5941176470588235,0.34705882352941175,0.3651891659823677,0.9805924988646003,-0.6154033328822326,0.1318679884364258,0.12939054825142152,0.002477440185004287,0.1318679884364258,0.12939054825142152,0.002477440185004287
105,Envious,Envious,17,0.8235294117647058,0.5470588235294119,0.2764705882352939,0.7147270241606074,1.0061632769288722,-0.2914362527682648,-0.006679330630176117,0.006751009436742354,-0.01343034006691847,-0.006679330630176117,0.006751009436742346,-0.013430340066918463
106,Pessimist,Pessimist,17,0.7647058823529411,0.4882352941176471,0.276470588235294,0.8295587932862386,1.0248131090265047,-0.19525431574026608,-0.006081591496106209,0.1581074533229878,-0.16418904481909402,-0.03245694536120303,0.09886807247409077,-0.1313250178352938
107,Undefined,Envious,17,0.6470588235294118,0.6529411764705882,-0.00588235294117645,0.9790995889625321,0.9392595390238931,0.03984004993863899,-0.0008902694254250276,0.2032771537100127,-0.20416742313543773,-0.10543035610048446,0.04642448285079503,-0.1518548389512795
108,Optimist,Optimist,17,0.6470588235294118,0.488235294117647,0.1588235294117648,0.9790995889625321,1.0248131090265045,-0.045713520063972335,0.21328808698566226,0.07717585839316103,0.13611222859250122,0.09317961757587301,0.01294318176332931,0.0802364358125437
109,Pessimist,Pessimist,17,0.6470588235294118,0.4764705882352941,0.1705882352941177,0.9790995889625321,1.0019421611939365,-0.0228425722314044,0.24212485143701878,0.17652142421213038,0.0656034272248884,-0.11471782435068045,0.05322770702792723,-0.16794553137860768
111,Optimist,Optimist,17,0.6470588235294118,0.49411764705882355,0.15294117647058825,0.9790995889625321,1.0052225500513217,-0.02612296108878953,0.19620020137076144,0.16174116101224284,0.0344590403585186,0.1317103253437314,0.040063074054120976,0.09164725128961042
112,Optimist,Optimist,17,0.6470588235294118,0.4882352941176471,0.1588235294117647,0.9790995889625321,0.9702297688836372,0.008869820078894919,0.14592061476644702,0.08505112890091639,0.060869485865530634,0.051235880976046366,0.0567887368368707,-0.005552855860824331
114,Undefined,Trustful,17,0.6470588235294118,0.6470588235294118,0.0,0.9790995889625321,0.9790995889625326,-4.440892098500626e-16,0.3407110845445306,0.12196207420105161,0.218749010343479,0.31433573067943377,0.08724234505300076,0.227093385626433
115,Envious,Envious,17,0.8823529411764706,0.4823529411764706,0.39999999999999997,0.5649915816219103,0.9947328009413653,-0.42974121931945497,0.05981851876216804,0.08944628171338934,-0.029627762951221298,0.05981851876216804,0.005898384191970551,0.05392013457019749
116,Optimist,Optimist,17,0.7647058823529411,0.5529411764705883,0.21176470588235285,0.8295587932862386,1.0152404496632872,-0.1856816563770486,0.13698920294681172,0.24344013255379005,-0.10645092960697833,0.06374729130936874,0.04107226738843533,0.02267502392093341
117,Optimist,Optimist,17,0.7647058823529411,0.4882352941176471,0.276470588235294,0.8295587932862386,1.008385915637268,-0.1788271223510295,0.2970684688553106,0.22649051192553973,0.07057795692977084,0.2238265572178676,0.1703145339850013,0.0535120232328663
118,Optimist,Optimist,17,0.7058823529411765,0.5294117647058825,0.17647058823529405,0.9164132552123273,1.0134651956443759,-0.09705194043204857,0.15060175323545733,0.21868610484935525,-0.06808435161389792,0.03882913383015585,0.04998176022782616,-0.011152626397670312
119,Optimist,Optimist,17,0.8235294117647058,0.535294117647059,0.2882352941176468,0.7147270241606074,0.9908780780078095,-0.27615105384720207,0.2344892264351106,0.33188725795773644,-0.09739803152262583,0.23251628633399368,0.2568748609908595,-0.024358574656865806
120,Envious,Envious,17,0.8823529411764706,0.7764705882352938,0.10588235294117676,0.5649915816219103,0.8031020721198054,-0.23811049049789512,0.10668507653451409,0.23809310871166642,-0.13140803217715233,0.012000342744113435,0.15464511458548363,-0.1426447718413702
121,Envious,Envious,17,0.8235294117647058,0.5529411764705883,0.2705882352941176,0.7147270241606074,1.0093266425148186,-0.2945996183542112,0.2998837585532088,0.23916323859374475,0.060720519959464064,0.04511975885430919,-0.007018516063866916,0.0521382749181761
122,Envious,Envious,17,0.8235294117647058,0.6058823529411765,0.2176470588235293,0.7147270241606074,0.9695039508699672,-0.2547769267093598,0.3945684923436095,0.20689526694440782,0.1876732253992017,0.18811113914790734,0.03196501956226601,0.15614611958564134
123,Trustful,Trustful,17,0.6470588235294118,0.6470588235294118,0.0,0.9790995889625321,0.9790995889625326,-4.440892098500626e-16,0.16300850038134795,0.18326374745163665,-0.020255247070288696,-0.06443823774636603,0.060809320175340284,-0.12524755792170633
124,Undefined,Pessimist,17,0.6470588235294118,0.47058823529411764,0.17647058823529416,0.9790995889625321,0.9884351186679088,-0.009335529705376655,0.28652999862310513,0.18822195059038468,0.09830804803272045,0.045361441557818405,0.01224175399960812,0.033119687558210285
125,Optimist,Optimist,17,0.6470588235294118,0.43529411764705883,0.21176470588235297,0.9790995889625321,0.9775216917415867,0.001577897220945479,0.28652999862310524,0.2837280100064948,0.0028019886166104624,0.06832376659094719,0.1409533155491702,-0.07262954895822302
126,Optimist,Optimist,17,0.6470588235294118,0.4882352941176471,0.1588235294117647,0.9790995889625321,1.0248131090265045,-0.045713520063972335,0.5642563233551335,0.5726174529314115,-0.008361129576277992,0.5027632905541464,0.4017038938732235,0.10105939668092284
127,Trustful,Trustful,17,0.6470588235294118,0.6470588235294118,0.0,0.9790995889625321,0.9790995889625326,-4.440892098500626e-16,0.17475737921780377,0.15195530235112917,0.022802076866674598,-0.016131591243168764,0.052069964084463884,-0.06820155532763264
128,Undefined,Envious,17,0.47058823529411764,0.5529411764705884,-0.08235294117647074,1.0399347534540846,1.0175402392094368,0.02239451424464778,0.01935925177831499,0.17702260426045194,-0.15766335248213695,-0.10074921763147415,0.028771805262540025,-0.12952102289401418
129,Undefined,Trustful,13,0.6153846153846154,0.6153846153846154,0.0,1.0167248755262976,1.0167248755262979,-2.220446049250313e-16,0.44420987238099274,0.1796170433468994,0.2645928290340933,0.08102929388526336,0.12063776499376104,-0.039608471108497675
131,Trustful,Trustful,13,0.7692307692307693,0.7692307692307689,3.3306690738754696e-16,0.8348381080955067,0.8348381080955064,3.3306690738754696e-16,0.32039137434739173,0.28140651813507167,0.03898485621232006,0.21193679479223304,0.11262765456969404,0.099309140222539
135,Envious,Envious,16,0.9375,0.9375,0.0,0.382374286644794,0.38237428664479406,-5.551115123125783e-17,0.1344705355022307,0.22070883855884954,-0.08623830305661884,0.09353165849888112,0.12586827471440573,-0.03233661621552461
136,Envious,Envious,16,0.875,0.6937499999999999,0.18125000000000013,0.5886486632273765,0.9145545996568524,-0.32590593642947585,0.14787769351951557,0.2381219717333709,-0.09024427821385533,0.14787769351951557,0.18789561140581784,-0.04001791788630227
137,Optimist,Optimist,16,0.6875,0.5499999999999998,0.13750000000000018,0.9411224525623375,1.0006270357573221,-0.05950458319498464,0.280990545084043,0.2562473893142604,0.024743155769782588,0.280990545084043,0.2562473893142604,0.024743155769782588
138,Envious,Envious,16,0.875,0.525,0.35,0.5886486632273765,0.9985495398666361,-0.40990087663925956,0.16594919445169537,0.35513484100389714,-0.18918564655220177,0.16594919445169537,0.16252901319556912,0.0034201812561262535
139,Envious,Envious,16,1.0,0.5625,0.4375,0.0,0.9939929401591328,-0.9939929401591328,0.0,0.23334332319772805,-0.23334332319772805,0.0,0.15918776864172543,-0.15918776864172543
140,Envious,Envious,16,0.8125,0.7062500000000002,0.10624999999999984,0.7412964801529259,0.9111485567009259,-0.16985207654799994,0.2227059793302818,0.1998395730359102,0.02286640629437159,0.04791026169716395,0.07668443145611854,-0.028774169758954596
143,Trustful,Trustful,17,0.6470588235294118,0.6470588235294118,0.0,0.9790995889625321,0.9790995889625326,-4.440892098500626e-16,-0.020033090560279687,0.16966787169460926,-0.18970096225488894,-0.0015051162145276464,0.055681355634342095,-0.05718647184886974
144,Envious,Envious,17,0.9411764705882353,0.5294117647058825,0.4117647058823528,0.3651891659823677,1.0134651956443759,-0.6482760296620081,0.16070475288778238,0.14706315864673566,0.013641594241046717,0.1104251662834681,0.08871144878938307,0.02171371749408503
146,Trustful,Trustful,17,0.6470588235294118,0.6470588235294118,0.0,0.9790995889625321,0.9790995889625326,-4.440892098500626e-16,0.5412939983220049,0.19279342991941742,0.3485005684025875,0.3079728207760629,-0.016695640650885232,0.32466846142694816
148,Pessimist,Pessimist,17,0.7058823529411765,0.4882352941176471,0.21764705882352942,0.9164132552123273,1.0207380654614437,-0.10432481024911644,0.3106810191439563,0.2997133227429173,0.010967696401039007,0.017386311677198285,0.0933880453170285,-0.07600173363983022
149,Envious,Envious,17,0.8235294117647058,0.7411764705882352,0.08235294117647063,0.7147270241606074,0.8559073858968113,-0.14118036173620385,0.010943987624507656,0.27611260473186316,-0.2651686171073555,-0.0334611595615788,0.15032463337401528,-0.18378579293559408
150,Trustful,Trustful,14,0.6428571428571429,0.6428571428571429,0.0,0.9918107815595227,0.991810781559523,-2.220446049250313e-16,0.07142577571824227,0.3588913936649069,-0.28746561794666464,-0.043548543884387225,0.12228952340720463,-0.16583806729159184
151,Undefined,Trustful,16,0.5,0.5000000000000001,-1.1102230246251565e-16,1.0450842200277801,1.0450842200277806,-4.440892098500626e-16,0.19047062217400623,0.31709144911366255,-0.12662082693965632,0.08986809252170547,0.10415784822365291,-0.014289755701947446
152,Envious,Envious,17,1.0,0.8823529411764702,0.11764705882352977,0.0,0.56499158162191,-0.56499158162191,0.0,0.38249571070891863,-0.38249571070891863,0.0,0.2969927670848958,-0.2969927670848958
153,Pessimist,Pessimist,18,0.7222222222222222,0.4722222222222223,0.2499999999999999,0.8924800408963943,0.9979834656596915,-0.10550342476329722,0.07835406550714397,0.18503726449972363,-0.10668319899257966,0.02854312371604606,0.0824059166441221,-0.05386279292807604
154,Pessimist,Pessimist,18,0.8333333333333334,0.5722222222222224,0.26111111111111096,0.6900972838952698,0.9824761425308695,-0.29237885863559965,0.3457871426145791,0.1859622578074316,0.1598248848071475,0.16317844940330417,0.09611588090876394,0.06706256849454023
155,Optimist,Optimist,18,0.8888888888888888,0.45,0.43888888888888883,0.5433331970225614,0.9902687103062444,-0.446935513283683,0.13539822086816766,0.0920424249845259,0.04335579588364176,0.04597375006612253,-0.03760178171889568,0.08357553178501821
156,Envious,Envious,18,0.7777777777777778,0.611111111111111,0.16666666666666674,0.804279368755536,0.9752861213505777,-0.17100675259504172,0.02437128307438796,0.24440217845949724,-0.22003089538510928,0.06444614532130366,0.18532300554183026,-0.1208768602205266
157,Pessimist,Pessimist,18,0.7222222222222222,0.538888888888889,0.18333333333333324,0.8924800408963943,0.9907992186213374,-0.09831917772494303,0.2858728151465658,0.27079773167380516,0.015075083472760653,-0.08198729876091237,0.03978686405000331,-0.12177416281091569
158,Envious,Envious,17,1.0,0.7117647058823527,0.28823529411764726,0.0,0.8853495097417673,-0.8853495097417673,0.0,0.3750541188512057,-0.3750541188512057,0.0,0.20321289982173113,-0.20321289982173113
159,Undefined,Optimist,18,0.5,0.4388888888888889,0.061111111111111116,1.0400748622469156,0.9981789596888634,0.0418959025580522,0.08729416289867498,0.07791236719991693,0.00938179569875805,0.08729416289867498,0.07791236719991698,0.009381795698757994
160,Trustful,Trustful,16,0.875,0.8749999999999997,3.3306690738754696e-16,0.5886486632273765,0.5886486632273765,0.0,0.08254134616846676,0.20489986950579145,-0.12235852333732469,0.03680385142726483,0.1182602432436505,-0.08145639181638567
161,Pessimist,Pessimist,16,0.6875,0.49999999999999994,0.18750000000000006,0.9411224525623375,1.0152513931654896,-0.07412894060315212,0.2487370110442948,0.16555568043685248,0.08318133060744232,-0.021949738635785976,0.10381930070838616,-0.12576903934417213
163,Pessimist,Pessimist,17,0.6470588235294118,0.43529411764705883,0.21176470588235297,0.9790995889625321,0.973475697074962,0.005623891887570176,0.04290003097155859,0.06063528376258453,-0.01773525279102594,0.04290003097155859,0.06063528376258453,-0.01773525279102594
164,Pessimist,Pessimist,18,0.6666666666666666,0.5166666666666667,0.1499999999999999,0.9583706963014053,1.0011857441738043,-0.04281504787239909,0.4974013622368326,0.10987816632453784,0.3875231959122948,-0.0691310012660803,0.009416205250997003,-0.07854720651707729
165,Undefined,Envious,18,0.7222222222222222,0.5611111111111111,0.1611111111111111,0.8924800408963943,0.9981789596888634,-0.10569891879246907,0.4282122884606054,0.07607910371503862,0.35213318474556676,0.3932572616222339,0.021958930684400985,0.37129833093783293
166,Optimist,Optimist,18,0.7777777777777778,0.5833333333333334,0.19444444444444442,0.804279368755536,0.9866296990170578,-0.1823503302615218,0.45996922747484525,0.21302727650110703,0.24694195097373822,-0.0839869162188066,0.02817611657257644,-0.11216303279138304
169,Undefined,Trustful,14,0.6428571428571429,0.6428571428571429,0.0,0.9918107815595227,0.991810781559523,-2.220446049250313e-16,-0.01751083127008135,0.24186250070114027,-0.2593733319712216,-0.10644743825840508,0.04670160722201077,-0.15314904548041586
170,Optimist,Optimist,16,0.875,0.4875,0.3875,0.5886486632273765,0.9877650500194473,-0.39911638679207073,0.28470760256982813,0.29790345152170683,-0.013195848951878697,0.0238784704572349,0.15577840391554584,-0.13189993345831094
171,Envious,Envious,16,0.5625,0.6124999999999999,-0.04999999999999993,1.0337836283162776,0.9967191580147017,0.03706447030157589,0.4312191246294974,0.36906483696956394,0.06215428765993347,0.16847372884777734,0.1564393392370967,0.012034389610680651
172,Optimist,Optimist,16,0.75,0.5375,0.21250000000000002,0.856362344486913,1.0131880220752554,-0.15682567758834243,0.1511462169808383,0.18279778774599226,-0.03165157076515396,-0.11491341262755694,0.04628245921282843,-0.16119587184038536
173,Undefined,Envious,16,0.625,0.65,-0.025000000000000022,0.9995182229527452,0.950020674911274,0.04949754804147122,0.31708509398418805,0.24872576477886654,0.0683593292053215,0.21648256433188728,0.11297395493528169,0.1035086093966056
174,Envious,Envious,16,0.625,0.5437500000000001,0.08124999999999993,0.9995182229527452,1.0197000272744747,-0.020181804321729557,0.09982040507119117,0.31481817152470704,-0.21499776645351587,-0.04237427629788104,0.08973118707796865,-0.1321054633758497
176,Optimist,Optimist,16,0.6875,0.43124999999999997,0.25625000000000003,0.9411224525623375,0.9959939769696251,-0.0548715244072876,0.3037735436215605,0.11878542859485791,0.1849881150267026,0.3037735436215605,0.11878542859485791,0.1849881150267026
177,Optimist,Optimist,16,0.6875,0.5624999999999999,0.1250000000000001,0.9411224525623375,0.9860026783491546,-0.04488022578681705,-0.08981695720108374,0.10916510045919443,-0.19898205766027816,-0.13075583420443337,0.046466800301054975,-0.17722263450548836
178,Optimist,Optimist,16,0.875,0.50625,0.36875,0.5886486632273765,1.0057073337899276,-0.4170586705625511,0.29980603508146364,0.12149751713930025,0.1783085179421634,-0.004135025576084694,0.055090079401637945,-0.05922510497772264
179,Envious,Envious,16,1.0,0.7749999999999998,0.2250000000000002,0.0,0.8028196082350061,-0.8028196082350061,0.0,0.25029811084406545,-0.25029811084406545,0.0,0.16768170303976715,-0.16768170303976715
180,Pessimist,Pessimist,16,0.8125,0.56875,0.24375000000000002,0.7412964801529259,0.9913609181819281,-0.25006443802900213,0.7412964801529259,0.524669654365071,0.21662682578785497,-0.04073840153021269,0.12578040012827874,-0.16651880165849142
181,Envious,Envious,16,0.6875,0.6500000000000001,0.03749999999999987,0.9411224525623375,0.9689208052885196,-0.02779835272618214,0.00048575767743397336,0.18673896748244767,-0.1862532098050137,-0.07733377343734926,0.1349735066974056,-0.21230728013475486
186,Trustful,Trustful,14,0.8571428571428571,0.8571428571428569,2.220446049250313e-16,0.6431976014712191,0.6431976014712192,-1.1102230246251565e-16,0.3948950998563655,0.20228080897700584,0.19261429087935966,0.30595849286804183,0.12243771944558755,0.18352077342245426
187,Envious,Envious,14,0.7142857142857143,0.7428571428571425,-0.028571428571428248,0.9146453914555226,0.8603558334586618,0.05428955799686075,0.3830243171063109,0.3225973390431755,0.060426978063135406,0.0997057443719529,0.1529326331250847,-0.05322688875313181
188,Trustful,Trustful,14,0.8571428571428571,0.8571428571428569,2.220446049250313e-16,0.6431976014712191,0.6431976014712192,-1.1102230246251565e-16,0.20051313411033106,0.31569065310984884,-0.11517751899951778,0.07656045600250294,0.13765114362883085,-0.06109068762632791
190,Envious,Envious,16,0.8125,0.6375,0.17500000000000004,0.7412964801529259,0.9781869228639137,-0.2368904427109878,0.39279019935806186,0.29025619102124056,0.1025340083368213,0.3212122601251458,0.060440607206577464,0.26077165291856835
191,Pessimist,Pessimist,16,0.75,0.4937500000000001,0.2562499999999999,0.856362344486913,1.0154663219290074,-0.15910397744209448,0.17392921551835583,0.2929705950140564,-0.1190413794957006,0.08986809252170547,0.14152382598230095,-0.05165573346059549
193,Trustful,Trustful,16,0.75,0.7499999999999998,2.220446049250313e-16,0.856362344486913,0.8563623444869134,-4.440892098500626e-16,0.5856755948068322,0.2772297602883823,0.30844583451844987,0.5856755948068322,0.08086175273696188,0.5048138420698703
195,Optimist,Optimist,16,0.5,0.4,0.09999999999999998,1.0450842200277801,0.9988724342286726,0.04621178579910756,0.7411431593702318,0.6234686797944258,0.11767447957580601,0.5238784704572348,0.5119119917802725,0.011966478676962322
196,Trustful,Trustful,16,1.0,1.0000000000000002,-2.220446049250313e-16,0.0,0.0,0.0,0.0,0.0,0.0,0.0,0.0,0.0
197,Optimist,Optimist,16,0.625,0.4750000000000001,0.1499999999999999,0.9995182229527452,0.9936700457970965,0.005848177155648671,0.2864460317546217,0.32982941727644005,-0.04338338552181836,0.15520443987275445,0.1359640479460892,0.01924039192666524
198,Pessimist,Pessimist,16,0.75,0.45625,0.29375,0.856362344486913,0.9962712400128844,-0.1399088955259714,0.5078560636920488,0.25923528298891374,0.2486207807031351,0.29059137477905195,0.09939798080976846,0.19119339396928348
199,Trustful,Trustful,15,0.8666666666666667,0.8666666666666667,0.0,0.6145993412492041,0.6145993412492043,-2.220446049250313e-16,0.29984283988623867,0.21301402256044713,0.08682881732579154,0.29984283988623867,0.1103981742813511,0.18944466560488757
200,Trustful,Trustful,15,1.0,1.0000000000000002,-2.220446049250313e-16,0.0,0.0,0.0,0.0,0.0,0.0,0.0,0.0,0.0
201,Optimist,Optimist,15,0.7333333333333333,0.5266666666666667,0.20666666666666655,0.884730576637466,1.0119724347467351,-0.12724185810926913,0.5129905437896111,0.32315581807695243,0.18983472571265864,0.2812415422824144,0.24760452598300564,0.03363701629940874
202,Envious,Envious,15,0.7333333333333333,0.7333333333333332,1.1102230246251565e-16,0.884730576637466,0.8847305766374663,-3.3306690738754696e-16,0.24855987590421025,0.29203775537526205,-0.043477879471051806,0.042834842767892733,0.0766149924308994,-0.03378014966300667
203,Pessimist,Pessimist,15,0.8666666666666667,0.5333333333333334,0.33333333333333326,0.6145993412492041,1.0161038236197133,-0.4015044823705092,0.433176173219572,0.20652898969156427,0.22664718352800775,0.1687455053341711,0.14451549812982684,0.02423000720434426
204,Pessimist,Pessimist,15,0.7333333333333333,0.4933333333333333,0.24,0.884730576637466,0.9975653270376542,-0.1128347504001882,0.3382250737673038,0.09202272586880594,0.24620234789849788,0.10647607226010714,0.03613603395766929,0.07034003830243785
205,Pessimist,Pessimist,15,1.0,0.4933333333333333,0.5066666666666667,0.0,1.0075288542703933,-1.0075288542703933,0.0,0.27620168334175255,-0.27620168334175255,0.0,0.062105102916405544,-0.062105102916405544
207,Optimist,Optimist,15,0.8666666666666667,0.4866666666666665,0.38000000000000017,0.6145993412492041,1.0040742206867084,-0.38947487943750425,0.29984283988623867,0.23514831899468586,0.06469452089155281,0.24285930840134917,0.007092927931403714,0.23576638046994547
208,Trustful,Trustful,15,0.8,0.8000000000000002,-1.1102230246251565e-16,0.7700179295836611,0.7700179295836612,-1.1102230246251565e-16,0.2235124267134989,0.14926506775709852,0.07424735895640039,0.2235124267134989,0.10970264344894423,0.11380978326455468
209,Pessimist,Pessimist,15,0.7333333333333333,0.4733333333333333,0.26,0.884730576637466,1.0063947671033537,-0.12166419046588772,0.3885509072448684,0.3357447381035169,0.0528061691413515,-0.040172657087875985,0.1377993468429678,-0.17797200393084378
210,Envious,Envious,15,0.6,0.48,0.12,1.0190404291509674,1.0266468376071214,-0.007606408456154012,0.5228607597583698,0.40422282555772343,0.11863793420064633,-0.08062827459668176,0.04257343437905625,-0.12320170897573801
211,Optimist,Optimist,15,0.7333333333333333,0.5533333333333333,0.17999999999999994,0.884730576637466,0.9907405039699826,-0.10600992733251657,0.2812415422824144,0.19778570346494959,0.0834558388174648,0.19823404242664555,0.12670105350173058,0.07153298892491497
212,Trustful,Trustful,15,0.9333333333333333,0.9333333333333331,2.220446049250313e-16,0.40144916971772016,0.4014491697177202,-5.551115123125783e-17,0.09335036636207972,0.13035440225878345,-0.03700403589670373,0.09335036636207972,0.13035440225878345,-0.03700403589670373
213,Trustful,Trustful,15,0.9333333333333333,0.9333333333333331,2.220446049250313e-16,0.40144916971772016,0.4014491697177202,-5.551115123125783e-17,0.11271663672563392,0.181806600557564,-0.06908996383193008,0.11271663672563392,0.14116652553268513,-0.02844988880705121
214,Pessimist,Pessimist,15,0.7333333333333333,0.5399999999999999,0.19333333333333336,0.884730576637466,0.998748048472006,-0.11401747183454003,0.1412505109417561,0.1391239580293979,0.0021265529123582205,0.09758237547151638,0.08296282064539938,0.014619554826117001
215,Envious,Envious,15,0.8,0.52,0.28,0.7700179295836611,1.0051027152270053,-0.23508478564334423,0.5382689280764644,0.26359535516559174,0.2746735729108727,0.0681132270547461,0.1130371760467466,-0.0449239489920005
216,Trustful,Trustful,15,0.8,0.8000000000000002,-1.1102230246251565e-16,0.7700179295836611,0.7700179295836612,-1.1102230246251565e-16,0.3065199265692677,0.1735057025394994,0.13301422402976829,0.3065199265692677,0.11346201826865517,0.19305790830061254
217,Pessimist,Pessimist,15,0.6666666666666666,0.5266666666666666,0.14,0.9663856687507884,0.9796907613099622,-0.013305092559173892,0.07244199813945662,0.1236965322329676,-0.05125453409351098,0.015458466654567182,0.0404539520169159,-0.02499548536234872
218,Undefined,Envious,15,0.6,0.5599999999999998,0.04000000000000015,1.0190404291509674,1.0053055763883723,0.013734852762595118,0.2911117582511731,0.09346232153145419,0.1976494367197189,0.25843009187296895,0.007522054855054895,0.25090803701791403
220,Optimist,Optimist,15,0.7333333333333333,0.4933333333333333,0.24,0.884730576637466,0.9964184154356885,-0.11168783879822253,0.15014420773034687,0.15635811228767357,-0.006213904557326705,0.10424007347884146,0.0989338419520223,0.005306231526819152
221,Pessimist,Pessimist,15,0.7333333333333333,0.49333333333333335,0.23999999999999994,0.884730576637466,1.0079990105830656,-0.12326843394559961,0.2618752719188602,0.12028890972775048,0.1415863621911097,-0.002555395966540752,0.03686493472522939,-0.039420330691770145
222,Envious,Envious,15,0.9333333333333333,0.72,0.21333333333333337,0.40144916971772016,0.8878385730839377,-0.4863894033662175,0.16970016821052344,0.20466268607059743,-0.03496251786007398,0.16970016821052344,0.15791445229370357,0.011785715916819872
223,Undefined,Pessimist,15,0.6,0.5066666666666667,0.09333333333333327,1.0190404291509674,0.9943044679956641,0.0247359611553033,0.15112072691051492,0.24372594953276897,-0.09260522262225404,0.08315072633358989,0.10215019728727812,-0.01899947095368823
224,Envious,Envious,15,1.0,1.0000000000000002,-2.220446049250313e-16,0.0,0.0,0.0,0.0,0.0,0.0,0.0,0.0,0.0
225,Envious,Envious,15,1.0,0.7733333333333331,0.2266666666666669,0.0,0.8036912060209878,-0.8036912060209878,0.0,0.370295436606032,-0.370295436606032,0.0,0.2523090396158633,-0.2523090396158633
226,Pessimist,Pessimist,15,0.7333333333333333,0.5933333333333334,0.1399999999999999,0.884730576637466,0.9932152772806827,-0.10848470064321669,0.11467294268771466,0.23615732491073865,-0.12148438222302399,-0.06675022534191744,0.13637458249444107,-0.2031248078363585
227,Undefined,Envious,15,0.6666666666666666,0.5466666666666666,0.12,0.9663856687507884,1.0370318868852209,-0.0706462181344325,0.49622996772907,0.20595581794601103,0.290274149783059,0.36955433240306157,0.056808010819855585,0.312746321583206
228,Optimist,Optimist,14,0.6428571428571429,0.5071428571428572,0.13571428571428568,0.9918107815595227,1.0055844341495606,-0.013773652590037821,0.39913592347650084,0.24568504045924722,0.15345088301725363,0.015109526869495404,0.1364671063687659,-0.12135757949927051
229,Envious,Envious,14,0.7857142857142857,0.5714285714285715,0.2142857142857142,0.8011200801483715,0.9960498990790031,-0.19492981893063155,0.552817578533518,0.02547311585357831,0.5273444626799397,0.15452468619653048,0.014233943524175757,0.14029074267235472
230,Envious,Envious,14,0.7142857142857143,0.7142857142857141,2.220446049250313e-16,0.9146453914555226,0.9146453914555224,2.220446049250313e-16,0.35698660449200514,0.42336426372103375,-0.06637765922902861,0.3189816776606137,0.19259024798604613,0.12639142967456757
232,Undefined,Envious,14,0.7142857142857143,0.7142857142857141,2.220446049250313e-16,0.9146453914555226,0.9146453914555224,2.220446049250313e-16,0.32910378123749173,0.15262277530773963,0.1764810059297521,-0.0010020795006943084,0.09644804053475473,-0.09745012003544903
235,Undefined,Optimist,14,0.6428571428571429,0.5928571428571429,0.050000000000000044,0.9918107815595227,0.993641625883687,-0.0018308443241642491,0.0008430311395133394,0.19175422613267223,-0.1909111949931589,-0.045944256864314914,0.12408205939942425,-0.17002631626373915
237,Envious,Envious,14,0.7142857142857143,0.5714285714285714,0.1428571428571429,0.9146453914555226,0.9818045535627138,-0.0671591621071912,0.2680499975036815,0.20166817829474218,0.06638181920893935,0.01974749588882796,0.11263228495661916,-0.0928847890677912
238,Pessimist,Pessimist,14,0.8571428571428571,0.5499999999999998,0.3071428571428573,0.6431976014712191,1.0062260670562382,-0.3630284655850191,0.3130917407330329,0.28610037214278683,0.02699136859024609,0.04753388767631017,0.09906357099627702,-0.05152968331996685
240,Envious,Envious,14,0.7857142857142857,0.6928571428571427,0.09285714285714297,0.8011200801483715,0.9250690360656201,-0.12394895591724853,-0.013819566935198146,0.24790785402032967,-0.2617274209555278,-0.07487335066900846,0.11394179671695155,-0.18881514738596
241,Optimist,Optimist,14,0.7857142857142857,0.6071428571428573,0.17857142857142838,0.8011200801483715,0.981121388746661,-0.18000130859828944,0.35843561278748354,0.32745922409298667,0.03097638869449687,0.22271171779533183,0.2290379322229194,-0.006326214427587573
242,Envious,Envious,14,0.7857142857142857,0.6000000000000001,0.1857142857142856,0.8011200801483715,0.9966273279501554,-0.19550724780178386,0.2434612931848541,0.16230149837621755,0.08115979480863655,0.15452468619653048,0.06589559652251274,0.08862908967401774
246,Envious,Envious,13,0.7692307692307693,0.5692307692307693,0.19999999999999996,0.8348381080955067,1.0197023337314757,-0.18486422563596894,0.20425483555301194,0.15594778060458808,0.048307054948423855,0.20425483555301194,0.03687042469182518,0.16738441086118677
247,Envious,Envious,13,1.0,0.6615384615384614,0.3384615384615386,0.0,0.9338523466609413,-0.9338523466609413,0.0,0.3526083063595675,-0.3526083063595675,0.0,0.25013018861459196,-0.25013018861459196
250,Pessimist,Pessimist,13,1.0,0.5461538461538462,0.4538461538461538,0.0,0.9957422528430658,-0.9957422528430658,0.0,0.30336554932379123,-0.30336554932379123,0.0,0.01449202834105006,-0.01449202834105006
251,Undefined,Envious,13,0.8461538461538461,0.7076923076923076,0.13846153846153852,0.6748704654821854,0.9188689664688405,-0.2439985009866551,0.40746777143542,0.435178088185821,-0.027710316750400976,0.40746777143542,0.2347678874346088,0.1726998840008112
253,Envious,Envious,13,0.7692307692307693,0.46923076923076934,0.29999999999999993,0.8348381080955067,0.9915262420227352,-0.15668813392722847,0.2923507607627548,0.2870067632190325,0.005343997543722279,0.14618656615582204,0.11842181007675102,0.027764756079071015
254,Pessimist,Pessimist,13,0.6923076923076923,0.5692307692307692,0.12307692307692308,0.945979911022913,0.9654478143051616,-0.019467903282248566,0.46924279232657207,0.39221633922259297,0.0770264531039791,0.0026023701426576284,0.1797780354063205,-0.17717566526366288
255,Pessimist,Pessimist,13,0.7692307692307693,0.4461538461538462,0.3230769230769231,0.8348381080955067,1.005760476894933,-0.17092236879942635,0.3581009893991658,0.3848552899427305,-0.026754300543564702,0.3000327200019759,0.17774824384699514,0.12228447615498075
256,Envious,Envious,13,0.9230769230769231,0.6615384615384615,0.2615384615384616,0.44673183443267733,0.9621588452970604,-0.515427010864383,0.14161952533413785,0.14161126393352913,8.261400608722269e-06,0.14161952533413785,0.14161126393352913,8.261400608722269e-06
258,Pessimist,Pessimist,13,0.6923076923076923,0.46153846153846156,0.23076923076923073,0.945979911022913,0.9909019123128888,-0.04492200128997581,0.3153966384804182,0.15867652281312597,0.15672011566729224,0.010284329381878732,0.06241809011790938,-0.05213376073603065
259,Envious,Envious,14,0.8571428571428571,0.5428571428571428,0.3142857142857143,0.6431976014712191,1.0184368238030002,-0.3752392223317811,0.16549706299082656,0.3231550873220665,-0.15765802433123993,0.04753388767631017,0.11343187563294933,-0.06589798795663916
261,Trustful,Trustful,14,0.9285714285714286,0.928571428571429,-4.440892098500626e-16,0.4227571495297672,0.42275714952976695,2.220446049250313e-16,0.4227571495297672,0.22757657409253607,0.1951805754372311,0.0753959373497119,0.12840671044251006,-0.05301077309279817
266,Envious,Envious,14,0.8571428571428571,0.5928571428571427,0.26428571428571435,0.6431976014712191,0.9743375424368799,-0.3311399409656608,0.05052274338819718,0.20683061717020443,-0.15630787378200725,0.05052274338819718,0.12907783087179064,-0.07855508748359347
270,Pessimist,Pessimist,16,0.8125,0.525,0.2875,0.7412964801529259,1.0013522168023985,-0.26005573664947257,0.14488644821549856,0.20413986964272193,-0.05925342142722337,0.14488644821549856,0.1421989859746295,0.0026874622408690763
272,Trustful,Trustful,14,0.7857142857142857,0.7857142857142854,3.3306690738754696e-16,0.8011200801483715,0.8011200801483718,-2.220446049250313e-16,0.2434612931848541,0.2365257903352379,0.006935502849616193,0.2434612931848541,0.14585887909013603,0.09760241409471807
275,Envious,Envious,14,0.8571428571428571,0.5142857142857142,0.34285714285714286,0.6431976014712191,1.012331445429619,-0.3691338439584,0.6431976014712191,0.35714153388681785,0.2860560675844012,-0.013519896057500036,0.12870604564672264,-0.14222594170422267
276,Envious,Envious,14,0.7857142857142857,0.6214285714285714,0.16428571428571426,0.8011200801483715,0.9745725557425717,-0.17345247559420018,0.26949900579915986,0.315258908934063,-0.045759903134903135,0.15452468619653048,0.14312211042095097,0.011402575775579515
277,Trustful,Trustful,14,0.7142857142857143,0.7142857142857141,2.220446049250313e-16,0.9146453914555226,0.9146453914555224,2.220446049250313e-16,0.32910378123749173,0.1643178963801911,0.16478588485730064,0.2680499975036815,0.10687062643065436,0.16117937107302716
278,Envious,Envious,13,0.7692307692307693,0.5923076923076923,0.17692307692307696,0.8348381080955067,0.999789114620294,-0.16495100652478722,0.3000327200019759,0.4149439856582875,-0.1149112656563116,0.10079499186482688,0.1624166624872647,-0.06162167062243781
279,Envious,Envious,13,0.8461538461538461,0.6384615384615384,0.20769230769230773,0.6748704654821854,0.9662250818082859,-0.2913546163261005,0.16042373173407043,0.25586483706559193,-0.0954411053315215,0.19555334819207626,0.20159673457658764,-0.006043386384511379
280,Trustful,Trustful,13,0.9230769230769231,0.9230769230769236,-4.440892098500626e-16,0.44673183443267733,0.4467318344326775,-1.6653345369377348e-16,0.11357891174950091,0.21521982815027907,-0.10164091640077816,0.09123321517616911,0.13968597404152763,-0.04845275886535852
281,Envious,Envious,12,0.9166666666666666,0.7833333333333331,0.13333333333333353,0.47392914367400724,0.7918981629984068,-0.3179690193243995,0.1433908088172562,0.4847914842965516,-0.3414006754792954,0.1433908088172562,0.20702634692467745,-0.06363553810742126
282,Envious,Envious,13,1.0,0.746153846153846,0.25384615384615405,0.0,0.8510916050836582,-0.8510916050836582,0.0,0.3988436600026045,-0.3988436600026045,0.0,0.35471760501465766,-0.35471760501465766
284,Pessimist,Pessimist,13,0.7692307692307693,0.4846153846153847,0.28461538461538455,0.8348381080955067,0.9750283770441094,-0.14019026894860265,0.40590730096336636,0.29156307756902455,0.1143442233943418,0.3178113757536235,0.17840539641837413,0.13940597933524937
285,Trustful,Trustful,13,0.6923076923076923,0.6923076923076922,1.1102230246251565e-16,0.945979911022913,0.9459799110229133,-3.3306690738754696e-16,0.34542429429297117,0.3448842616127474,0.0005400326802237898,0.1238408695824903,0.1805196552702179,-0.056678785687727606
286,Optimist,Optimist,13,0.8461538461538461,0.5153846153846153,0.3307692307692308,0.6748704654821854,0.9967543020123578,-0.3218838365301724,0.1981333467858445,0.49674641463651015,-0.29861306785066566,0.1400650773886546,0.211992630242361,-0.07192755285370642
287,Pessimist,Pessimist,13,0.7692307692307693,0.4615384615384617,0.3076923076923076,0.8348381080955067,1.0006205803942747,-0.16578247229876797,0.26232310495020184,0.36604379795972647,-0.10372069300952463,-0.042789204148337645,0.113114710341628,-0.15590391448996566
288,Undefined,Trustful,13,0.6153846153846154,0.6153846153846154,0.0,1.0167248755262976,1.0167248755262979,-2.220446049250313e-16,0.11873890893703742,0.35222502560557223,-0.2334861166685348,0.015279065248852364,0.20125812724386374,-0.18597906199501138
289,Envious,Envious,13,0.9230769230769231,0.7076923076923075,0.21538461538461562,0.44673183443267733,0.8972818397562211,-0.4505500053235438,0.1793291403859119,0.3507906340783295,-0.1714614936924176,0.1793291403859119,0.2204755193854928,-0.0411463789995809
291,Envious,Envious,13,0.9230769230769231,0.7076923076923075,0.21538461538461562,0.44673183443267733,0.907592815067823,-0.46086098063514563,0.44673183443267733,0.25825704914137265,0.18847478529130468,0.07265052900800245,0.18599789317421114,-0.11334736416620869
292,Pessimist,Pessimist,13,0.7692307692307693,0.476923076923077,0.29230769230769227,0.8348381080955067,1.0128349733452715,-0.17799686524976477,0.16654522050123788,0.22345094057206405,-0.05690572007082617,0.13850460691660094,0.14390080793972057,-0.0053962010231196345
293,Envious,Envious,13,0.9230769230769231,0.5307692307692309,0.39230769230769225,0.44673183443267733,1.0069825836458026,-0.5602507492131252,0.09123321517616911,0.3236811645636682,-0.23244794938749908,0.07265052900800245,0.22238787389791181,-0.14973734488990936
297,Trustful,Trustful,13,0.6153846153846154,0.6153846153846154,0.0,1.0167248755262976,1.0167248755262979,-2.220446049250313e-16,0.44420987238099274,0.442432006805828,0.0017778655751647388,0.015279065248852364,0.11522222902408694,-0.09994316377523457
298,Optimist,Optimist,13,0.7692307692307693,0.4923076923076923,0.276923076923077,0.8348381080955067,0.980290167637381,-0.14545205954187423,0.22461348989842778,0.21502237541063196,0.009591114487795815,-0.042789204148337645,0.014470354875557964,-0.05725955902389561
299,Trustful,Trustful,13,0.6923076923076923,0.6923076923076922,1.1102230246251565e-16,0.945979911022913,0.9459799110229133,-3.3306690738754696e-16,0.20184009827980665,0.42508204210273837,-0.22324194382293172,0.2496464098440072,0.11580584303180393,0.1338405668122033
300,Envious,Envious,13,0.9230769230769231,0.823076923076923,0.10000000000000009,0.44673183443267733,0.6990009123135162,-0.2522690778808389,0.14161952533413785,0.32710277537618065,-0.1854832500420428,0.14161952533413785,0.14314645712947455,-0.0015269317953366945
302,Pessimist,Pessimist,13,0.6923076923076923,0.5692307692307692,0.12307692307692308,0.945979911022913,1.0022232286697639,-0.056243317646850866,0.431533177274798,0.31147703289474926,0.12005614438004875,0.33575529282583405,0.10947661893270863,0.22627867389312542
304,Envious,Envious,13,0.9230769230769231,0.5692307692307693,0.3538461538461538,0.44673183443267733,1.0123325377280386,-0.5656007032953612,0.14161952533413785,0.3970617168652361,-0.25544219153109826,0.14161952533413785,0.21638174515721817,-0.07476221982308032
305,Pessimist,Pessimist,13,0.7692307692307693,0.49230769230769234,0.27692307692307694,0.8348381080955067,0.9802901676373812,-0.14545205954187446,-0.005079589096563586,0.11538868186353442,-0.120468270960098,-0.03312020268120053,0.053259030050347905,-0.08637923273154843
306,Pessimist,Pessimist,13,0.6153846153846154,0.5153846153846154,0.09999999999999998,1.0167248755262976,0.9955351167789315,0.021189758747366172,0.08102929388526336,0.2870487454804096,-0.20601945159514623,0.08102929388526336,0.14929705234020815,-0.06826775845494479
308,Envious,Envious,18,1.0,0.5944444444444446,0.40555555555555545,0.0,0.9866296990170578,-0.9866296990170578,0.0,0.2924293507761844,-0.2924293507761844,0.0,0.1348207082852799,-0.1348207082852799
310,Envious,Envious,18,0.7777777777777778,0.5,0.2777777777777778,0.804279368755536,1.0056778430608313,-0.20139847430529534,0.2741371181444895,0.3269704479006628,-0.05283332975617333,0.2105122832707863,0.04612650666437069,0.16438577660641562
311,Pessimist,Pessimist,18,0.8888888888888888,0.5166666666666667,0.3722222222222221,0.5433331970225614,1.009316854350018,-0.4659836573274565,0.08003919740429899,0.1353713775713307,-0.0553321801670317,0.03255292116689101,0.0380151248063223,-0.0054622036394312845
312,Optimist,Optimist,18,0.7222222222222222,0.47777777777777786,0.24444444444444435,0.8924800408963943,1.0073547625159778,-0.11487472161958345,0.36233779028534785,0.2502684477808481,0.11206934250449974,0.24890201362054676,-0.011235247200870276,0.260137260821417
313,Envious,Envious,16,0.8125,0.63125,0.18125000000000002,0.7412964801529259,0.96674526215329,-0.2254487820003641,-0.017341708120232613,0.19047828692020966,-0.20781999504044227,-0.03549758658606472,0.13681025824992196,-0.17230784483598668
314,Optimist,Optimist,16,0.8125,0.5999999999999999,0.21250000000000013,0.7412964801529259,0.9813696195614576,-0.2400731394085317,0.011682882299152042,0.20946529988436696,-0.19778241758521492,-0.006472996166679956,0.14754850506863734,-0.1540215012353173
315,Pessimist,Pessimist,16,0.75,0.5625,0.1875,0.856362344486913,1.0079856336436797,-0.1516232891567667,0.18837437331656948,0.19376497943047896,-0.005390606113909485,-0.012348908940777004,0.0606387603015422,-0.0729876692423192
316,Envious,Envious,16,0.9375,0.5125,0.42500000000000004,0.382374286644794,1.024517510740884,-0.6421432240960899,0.1651095977317971,0.2608674821249832,-0.09575788439318608,0.1344705355022307,0.07346097799970545,0.06100955750252525
317,Pessimist,Pessimist,16,0.8125,0.5062499999999999,0.30625000000000013,0.7412964801529259,1.0106183343777928,-0.2693218542248669,0.15322428895480245,0.27438586879390303,-0.12116157983910059,0.10604382006958557,0.15185077200820335,-0.04580695193861778
318,Trustful,Trustful,16,0.625,0.625,0.0,0.9995182229527452,0.999518222952745,2.220446049250313e-16,0.17968903035296813,0.15293214143911157,0.026756888913856552,0.17968903035296813,0.033873187419665475,0.14581584293330266
320,Trustful,Trustful,16,0.5625,0.5625,0.0,1.0337836283162776,1.0337836283162778,-2.220446049250313e-16,0.37365172083798304,0.12882689329506913,0.2448248275429139,0.20356750081020292,-0.007240482727155036,0.21080798353735794
321,Optimist,Optimist,16,0.6875,0.48125,0.20625,0.9411224525623375,1.0006270357573221,-0.05950458319498464,0.20526726282669638,0.19931275224159614,0.005954510585100242,0.0802672628266965,0.044937947003096945,0.03532931582359955
322,Optimist,Optimist,16,0.6875,0.53125,0.15625,0.9411224525623375,0.9959939769696251,-0.0548715244072876,0.1664246346807835,0.23173476493565198,-0.06531013025486848,0.13368932359378038,0.11181937448643384,0.021869949107346548
323,Optimist,Optimist,16,0.8125,0.48749999999999993,0.32500000000000007,0.7412964801529259,1.0198844519531867,-0.27858797180026074,0.03446588083666968,0.1344815678344776,-0.10001568699780791,-0.012714588048547193,0.043352903273709276,-0.05606749132225647
324,Optimist,Optimist,16,0.75,0.53125,0.21875,0.856362344486913,0.9871580405978774,-0.13079569611096442,0.17392921551835583,0.09421983462843099,0.07970938088992484,-0.11491341262755694,0.03964401203485171,-0.15455742466240865
325,Pessimist,Pessimist,16,0.75,0.58125,0.16874999999999996,0.856362344486913,0.9962712400128845,-0.13990889552597152,0.29059137477905195,0.35168145872441786,-0.061090083945365914,0.21901343554613595,0.1480905654781386,0.07092287006799736
326,Pessimist,Pessimist,14,0.9285714285714286,0.5857142857142859,0.34285714285714275,0.4227571495297672,0.9966273279501553,-0.5738701784203881,0.17445464791491358,0.21852168410530842,-0.04406703619039484,0.09265128879158102,0.09275798431509838,-0.00010669552351735834
328,Envious,Envious,16,0.8125,0.6312500000000002,0.1812499999999998,0.7412964801529259,0.9774617418188369,-0.236165261665911,0.2905731978955794,0.21806764994129538,0.07250554795428402,0.07330850898258245,0.15338350116034835,-0.0800749921777659
329,Optimist,Optimist,18,0.7222222222222222,0.4833333333333334,0.23888888888888882,0.8924800408963943,0.9832239835246395,-0.09074394262824514,0.05267378497698627,0.08097576948163258,-0.028301984504646313,-0.08753538043368325,-0.024891766706035115,-0.06264361372764814
330,Envious,Envious,18,0.9444444444444444,0.6333333333333334,0.311111111111111,0.3496182913972408,0.9461572522287974,-0.5965389608315566,0.3496182913972408,0.21146174583740007,0.13815654555984075,0.09286928860087379,0.1396026204319177,-0.04673333183104392
331,Envious,Envious,18,1.0,0.5777777777777778,0.42222222222222217,0.0,0.9906952541051646,-0.9906952541051646,0.0,0.227593979766189,-0.227593979766189,0.0,0.15322441553120072,-0.15322441553120072
332,Optimist,Optimist,18,0.9444444444444444,0.5222222222222223,0.42222222222222217,0.3496182913972408,1.0183266271026812,-0.6687083357054404,0.12925940149274012,0.2038285774793713,-0.07456917598663118,0.10900784723716894,-0.011671663737295206,0.12067951097446415
333,Pessimist,Pessimist,18,0.6666666666666666,0.5111111111111111,0.15555555555555556,0.9583706963014053,0.9870562428159779,-0.02868554651457267,0.2406523594404656,0.20669904410896053,0.03395331533150506,-0.09314230712883609,0.0606180481052482,-0.1537603552340843
334,Pessimist,Pessimist,18,0.7222222222222222,0.5500000000000002,0.17222222222222205,0.8924800408963943,1.0167260593722645,-0.12424601847587013,0.2360618733554679,0.2461420534454576,-0.010080180089989677,-0.04047735046050194,0.16409626021888588,-0.2045736106793878
335,Undefined,Envious,18,0.7777777777777778,0.5444444444444445,0.23333333333333328,0.804279368755536,1.0129558656392046,-0.20867649688366863,0.27968519981726025,0.3248541287498278,-0.04516892893256752,0.23774700525262304,0.05723205648823439,0.18051494876438867
336,Envious,Envious,18,0.9444444444444444,0.6833333333333332,0.2611111111111112,0.3496182913972408,0.9224948789677195,-0.5728765875704787,0.15649412347457692,0.406376522866037,-0.24988239939146006,0.12925940149274012,0.329110911797596,-0.19985151030485587
337,Undefined,Envious,18,0.7777777777777778,0.6777777777777777,0.10000000000000009,0.804279368755536,0.942961563546818,-0.13868219479128208,0.30137184012632623,0.1902652412757231,0.11110659885060312,0.2741371181444895,0.09873028273908473,0.17540683540540475
338,Undefined,Trustful,18,0.5555555555555556,0.5555555555555557,-1.1102230246251565e-16,1.0311509220851378,1.0311509220851378,0.0,0.38757289480929025,0.1780966841625176,0.20947621064677266,0.2363869214512635,0.05633022859518866,0.18005669285607484
339,Optimist,Optimist,18,0.8888888888888888,0.5555555555555557,0.33333333333333315,0.5433331970225614,1.0020388317716447,-0.4587056347490832,0.35020902909989754,0.12239607690511162,0.22781295219478592,0.04597375006612253,0.03059428735388239,0.015379462712240142
340,Pessimist,Pessimist,17,0.8823529411764706,0.5352941176470588,0.34705882352941175,0.5649915816219103,1.0162737350037705,-0.4512821533818602,0.3316704040759684,0.27803375773798517,0.05363664633798321,0.19845496251770917,0.12166921405917883,0.07678574845853034
341,Undefined,Envious,15,0.8666666666666667,0.66,0.20666666666666667,0.6145993412492041,0.951809926376154,-0.3372105851269499,0.35016867336380325,0.275188906090417,0.07497976727338623,0.35016867336380325,0.1240168267057842,0.22615184665801905
342,Pessimist,Pessimist,13,0.6153846153846154,0.4538461538461539,0.16153846153846152,1.0167248755262976,0.9966661385233936,0.02005873700290406,0.16912521909500622,0.2624225500742037,-0.09329733097919746,0.1633264528115136,0.11180611088409789,0.0515203419274157
343,Envious,Envious,15,0.8666666666666667,0.6533333333333333,0.21333333333333337,0.6145993412492041,0.9585254190018291,-0.34392607775262496,0.38285033974200744,0.5041101663191673,-0.12125982657715983,0.08573800547840238,0.1790785134489715,-0.09334050797056911
344,Undefined,Envious,15,0.8,0.8000000000000002,-1.1102230246251565e-16,0.7700179295836611,0.7700179295836612,-1.1102230246251565e-16,0.19083076033529478,0.18496522669403367,0.005865533641261106,0.14716262486505527,0.10892026367767993,0.03824236118737534
345,Pessimist,Pessimist,15,0.7333333333333333,0.4866666666666667,0.2466666666666666,0.884730576637466,0.987540341102677,-0.10280976446521095,0.13250004063098642,0.1892181566599858,-0.05671811602899937,0.005824405304977964,0.10948166251365417,-0.1036572572086762
346,Envious,Envious,15,0.8666666666666667,0.7666666666666665,0.1000000000000002,0.6145993412492041,0.8171977677904009,-0.20259842654119675,0.35016867336380325,0.23984515405634826,0.11032351930745499,0.1687455053341711,0.10678091301781654,0.06196459231635455
347,Envious,Envious,15,0.9333333333333333,0.826666666666667,0.10666666666666635,0.40144916971772016,0.696304177610473,-0.2948550078927529,0.16970016821052344,0.34644358390981383,-0.1767434156992904,0.11271663672563392,0.17764687098119417,-0.06493023425556024
348,Pessimist,Pessimist,15,0.6,0.48,0.12,1.0190404291509674,1.000149430790351,0.018890998360616473,0.41555139479591574,0.30222710373198514,0.1133242910639306,0.3585678633110262,0.11344219853432394,0.24512566477670225
349,Optimist,Optimist,15,0.7333333333333333,0.5600000000000002,0.17333333333333312,0.884730576637466,1.0161524578870256,-0.13142188124955956,0.182825874108551,0.2516381971971313,-0.06881232308858032,0.020678973739910678,0.14991466132064843,-0.12923568758073775
350,Envious,Envious,15,1.0,0.6133333333333332,0.3866666666666668,0.0,0.9839156809023109,-0.9839156809023109,0.0,0.3043618937959433,-0.3043618937959433,0.0,0.22438042724790577,-0.22438042724790577
351,Pessimist,Pessimist,15,0.6666666666666666,0.5199999999999999,0.14666666666666672,0.9663856687507884,0.9947259900410244,-0.028340321290236004,0.3302149680175326,0.22660122137440752,0.10361374664312506,0.05479783104009606,0.05762868344846698,-0.002830852408370922
352,Optimist,Optimist,15,0.6666666666666666,0.49999999999999994,0.16666666666666669,0.9663856687507884,0.9797393955772744,-0.013353726826486056,0.387198499502422,0.19110810777500098,0.19609039172742104,0.28654683254729285,0.15653824939096742,0.13000858315632544
353,Pessimist,Pessimist,15,0.8,0.5066666666666667,0.29333333333333333,0.7700179295836611,1.0292795756271305,-0.25926164604346935,0.40717159352439686,0.48308459682777116,-0.0759130033033743,0.16652889522860947,0.2052767002821389,-0.03874780505352943
354,Trustful,Trustful,15,0.8,0.8000000000000002,-1.1102230246251565e-16,0.7700179295836611,0.7700179295836612,-1.1102230246251565e-16,0.35684576004683227,0.2897526700142126,0.06709309003261965,-0.058562408271262245,0.114087498667266,-0.17264990693852825
355,Optimist,Optimist,15,0.5333333333333333,0.44000000000000006,0.09333333333333327,1.0448814666779354,1.010522418161078,0.03435904851685745,1.0448814666779354,0.6734298158040112,0.3714516508739242,0.73012496531497,0.5501495694567464,0.17997539585822353
356,Pessimist,Pessimist,15,0.7333333333333333,0.45333333333333325,0.28,0.884730576637466,0.9837735159156283,-0.09904293927816232,0.15680190573767172,0.301070303632216,-0.14426839789454426,0.09981837425278217,0.1680489182785566,-0.06823054402577444
358,Pessimist,Pessimist,15,0.6,0.52,0.07999999999999996,1.0190404291509674,0.9904096942079865,0.02863073494298085,0.2888757594699073,0.1881461369303564,0.1007296225395509,0.2888757594699073,0.12464802811998518,0.1642277313499221
359,Pessimist,Pessimist,15,0.9333333333333333,0.5599999999999999,0.3733333333333334,0.40144916971772016,1.0024213429396842,-0.6009721732219641,0.13701850183231928,0.22909921390126858,-0.0920807120689493,0.11271663672563392,0.08003510846959305,0.03268152825604087
360,Undefined,Envious,16,0.875,0.8749999999999997,3.3306690738754696e-16,0.5886486632273765,0.5886486632273765,0.0,0.010963406935550757,0.13726533895801116,-0.1263019320224604,0.010963406935550757,0.13726533895801116,-0.1263019320224604
362,Envious,Envious,16,0.875,0.7937499999999997,0.08125000000000027,0.5886486632273765,0.7626625560460754,-0.17401389281869883,0.12348022317181628,0.31245795187764763,-0.18897772870583135,0.0700581624047324,0.1298030551871763,-0.05974489278244391
363,Undefined,Trustful,16,0.5625,0.5625,0.0,1.0337836283162776,1.0337836283162778,-2.220446049250313e-16,0.6443384705180639,0.25325014397148277,0.39108832654658116,0.4270737816050669,0.09338716014494433,0.3336866214601226
365,Envious,Envious,16,1.0,0.6812499999999999,0.3187500000000001,0.0,0.9350980776431208,-0.9350980776431208,0.0,0.35381137941702845,-0.35381137941702845,0.0,0.17027488041031996,-0.17027488041031996
366,Undefined,Trustful,16,0.5,0.5000000000000001,-1.1102230246251565e-16,1.0450842200277801,1.0450842200277806,-4.440892098500626e-16,0.26204856140692223,0.18649467050372015,0.07555389090320208,-0.07397453562420742,0.028181014899875026,-0.10215555052408244
367,Envious,Envious,16,0.8125,0.6000000000000001,0.2124999999999999,0.7412964801529259,0.9867278593942311,-0.2454313792413052,-0.025197771812281444,0.027957489305834436,-0.05315526111811588,-0.025197771812281444,0.02795748930583449,-0.053155261118115936
368,Envious,Envious,16,0.875,0.7,0.17500000000000004,0.5886486632273765,0.9073968057335606,-0.3187481425061841,0.20129975428659952,0.25787355726704864,-0.05657380298044912,0.20129975428659952,0.25787355726704864,-0.05657380298044912
369,Optimist,Optimist,16,1.0,0.475,0.525,0.0,1.003429033936176,-1.003429033936176,0.0,0.21847378447256682,-0.21847378447256682,0.0,0.12511197667071294,-0.12511197667071294
370,Trustful,Trustful,16,0.875,0.8749999999999997,3.3306690738754696e-16,0.5886486632273765,0.5886486632273765,0.0,0.37138397431437964,0.24667509063075757,0.12470888368362207,0.047275163867214864,0.11790184404052474,-0.07062668017330988
372,Envious,Envious,16,1.0,0.8874999999999998,0.11250000000000016,0.0,0.529783796904639,-0.529783796904639,0.0,0.32295658498919916,-0.32295658498919916,0.0,0.28459912044061264,-0.28459912044061264
373,Envious,Envious,16,0.875,0.7749999999999998,0.1000000000000002,0.5886486632273765,0.802819608235006,-0.21417094500762945,0.5886486632273765,0.3370918457829953,0.25155681744438124,0.13792538097003,0.15339086667769697,-0.015465485707666982
374,Optimist,Optimist,16,0.875,0.525,0.35,0.5886486632273765,1.0083085280057158,-0.4196598647783393,0.1706606920570331,0.14714684356710542,0.023513848489927686,0.12348022317181628,0.027058932437716888,0.0964212907340994
375,Envious,Envious,16,1.0,0.625,0.375,0.0,0.9604822703964266,-0.9604822703964266,0.0,0.3176811648751714,-0.3176811648751714,0.0,0.16082243144138403,-0.16082243144138403
376,Envious,Envious,16,0.8125,0.56875,0.24375000000000002,0.7412964801529259,0.9919470436573096,-0.25065056350438364,0.17552551044506493,0.2024950200732251,-0.026969509628160165,0.15736963197923293,0.07090254626332773,0.0864670857159052
377,Envious,Envious,16,0.875,0.7624999999999997,0.11250000000000027,0.5886486632273765,0.8135442272625677,-0.22489556403519118,0.20129975428659952,0.3692230604318796,-0.16792330614528006,0.0700581624047324,0.259269569266337,-0.1892114068616046
378,Envious,Envious,16,1.0,0.8124999999999998,0.18750000000000022,0.0,0.706458754758753,-0.706458754758753,0.0,0.3392690495997848,-0.3392690495997848,0.0,0.14120774623845583,-0.14120774623845583
379,Pessimist,Pessimist,18,0.7222222222222222,0.5166666666666667,0.2055555555555555,0.8924800408963943,1.0093463183047382,-0.11686627740834388,0.1600582314526543,0.22157879461444602,-0.06152056316179172,0.04339903866877248,0.029906344635522816,0.013492694033249666
380,Optimist,Optimist,18,0.7222222222222222,0.5277777777777779,0.1944444444444443,0.8924800408963943,1.0091508242755665,-0.11667078337917214,0.08720056555113109,0.17211487825041846,-0.08491431269928737,-0.0861002943801884,0.009946042387348114,-0.09604633676753652
381,Undefined,Envious,18,0.6666666666666666,0.6111111111111112,0.05555555555555547,0.9583706963014053,0.9947608091932715,-0.03639011289186622,0.041980109845030866,0.16402156012272834,-0.12204145027769747,-0.09314230712883609,0.055578330958609354,-0.14872063808744546
382,Envious,Envious,18,1.0,0.5722222222222223,0.4277777777777777,0.0,0.9654512802541955,-0.9654512802541955,0.0,0.2321130719393141,-0.2321130719393141,0.0,0.2321130719393141,-0.2321130719393141
383,Pessimist,Pessimist,18,0.7222222222222222,0.4666666666666667,0.25555555555555554,0.8924800408963943,0.9923997863517541,-0.09991974545535975,0.3895725122671846,0.3073665813922462,0.08220593087493838,0.32039959572071064,0.10366957697522863,0.216730018745482
384,Trustful,Trustful,18,0.7777777777777778,0.7777777777777775,3.3306690738754696e-16,0.804279368755536,0.804279368755536,0.0,0.032091587930922705,0.19410123743891533,-0.16200964950799263,0.027903590059511374,0.08435259639546197,-0.0564490063359506
385,Pessimist,Pessimist,18,0.6111111111111112,0.5388888888888889,0.0722222222222223,1.0041536270551445,0.9722521189379363,0.031901508117208266,0.47955945811686884,0.22432219124664193,0.2552372668702269,0.17532417908309372,0.05734709505606493,0.11797708402702879
388,Trustful,Trustful,18,0.9444444444444444,0.9444444444444449,-4.440892098500626e-16,0.3496182913972408,0.3496182913972408,0.0,0.19843231803921405,0.12419651292884729,0.07423580511036676,0.19843231803921405,0.11393435916273677,0.08449795887647728
389,Optimist,Optimist,18,0.6111111111111112,0.40555555555555556,0.2055555555555556,1.0041536270551445,0.9907992186213372,0.013354408433807308,0.4247811232871528,0.47181759752254543,-0.047036474235392645,0.360575599779297,0.2677506463633304,0.09282495341596658
390,Envious,Envious,18,0.7222222222222222,0.49444444444444446,0.22777777777777775,0.8924800408963943,0.9907992186213372,-0.09831917772494292,0.13282350947081756,0.11470795667586399,0.01811555279495357,0.16591520399146753,0.023905896170422415,0.14200930782104512
391,Pessimist,Pessimist,18,0.7222222222222222,0.45000000000000007,0.27222222222222214,0.8924800408963943,0.9906037245921655,-0.09812368369577118,0.3895725122671846,0.12075239654444768,0.2688201157227369,0.32039959572071064,0.012624214925175192,0.30777538079553546
392,Optimist,Optimist,18,0.7777777777777778,0.4722222222222222,0.3055555555555556,0.804279368755536,0.9829906877278711,-0.17871131897233516,0.23774700525262304,0.19047052805428102,0.04727647719834202,0.1607013414796884,0.064460950071356,0.0962403914083324
393,Envious,Envious,18,0.8333333333333334,0.6833333333333332,0.15000000000000013,0.6900972838952698,0.9224948789677195,-0.23239759507244973,-0.007369498710098621,0.2259706057192539,-0.23334010442935252,-0.03227955513824565,0.17995582647685646,-0.2122353816151021
394,Optimist,Optimist,17,0.7647058823529411,0.49411764705882355,0.2705882352941176,0.8295587932862386,1.0009088758534535,-0.17135008256721485,0.39175320264571134,0.4103082229071989,-0.018555020261487587,0.26823170440395405,0.17936711423289173,0.08886459017106232
395,Optimist,Optimist,18,0.6666666666666666,0.5055555555555556,0.16111111111111098,0.9583706963014053,1.0056778430608313,-0.047307146759426044,0.3646036108166556,0.1988587270527948,0.1657448837638608,0.09675844467474681,0.06441974226420843,0.03233870241053838
396,Envious,Envious,15,0.8,0.6466666666666666,0.15333333333333343,0.7700179295836611,0.9722664413778617,-0.20224851179420056,0.09017909338016561,0.0710575225837978,0.01912157079636781,0.09017909338016561,0.0710575225837978,0.01912157079636781
397,Pessimist,Pessimist,15,0.7333333333333333,0.5,0.23333333333333328,0.884730576637466,0.9849562373499801,-0.10022566071251404,0.35586924086666427,0.19916444988123652,0.15670479098542775,0.016810874397013453,0.041343537496483215,-0.024532663099469762
398,Pessimist,Pessimist,15,0.7333333333333333,0.5266666666666666,0.20666666666666667,0.884730576637466,1.017395875496062,-0.1326652988585959,0.09981837425278228,0.17463717430485579,-0.0748188000520735,0.023468572404338417,0.0468302557720779,-0.023361683367739486
400,Envious,Envious,15,0.9333333333333333,0.6133333333333333,0.32000000000000006,0.40144916971772016,0.9755631102522379,-0.5741139405345177,0.40144916971772016,0.3787184900883744,0.022730679629345774,0.07724537168300188,0.09363140694918823,-0.016386035266186344
401,Optimist,Optimist,15,0.6666666666666666,0.5399999999999999,0.1266666666666667,0.9663856687507884,0.9770580232899533,-0.01067235453916493,0.28654683254729285,0.32158643623636857,-0.035039603689075716,0.022116164661891924,0.07516775176290494,-0.053051587101013015
402,Optimist,Optimist,15,0.8,0.5333333333333333,0.2666666666666667,0.7700179295836611,1.0083635742689954,-0.23834564468533426,0.2495363950843782,0.33479165879593475,-0.08525526371155656,0.2140651300417461,0.20488168778976193,0.00918344225198417
403,Undefined,Envious,15,0.6,0.5066666666666665,0.09333333333333349,1.0190404291509674,1.0319123136471393,-0.012871884496171937,0.23412822676628364,0.35368028154743747,-0.11955205478115383,-0.07676017525378476,0.08848449526083785,-0.1652446705146226
404,Trustful,Trustful,15,0.6,0.6000000000000003,-3.3306690738754696e-16,1.0190404291509674,1.0190404291509676,-2.220446049250313e-16,0.49855889465168446,0.35969542749427985,0.1388634671574046,-0.001578876786372696,0.06663298114068486,-0.06821185792705756
405,Envious,Envious,15,0.6666666666666666,0.45333333333333337,0.21333333333333326,0.9663856687507884,1.0026728383683632,-0.03628716961757483,0.0984659665103359,0.29910989000764,-0.2006439234973041,0.0867826710573173,0.15517683433136625,-0.06839416327404896
406,Envious,Envious,15,0.8,0.54,0.26,0.7700179295836611,1.0089788708560505,-0.23896094127238943,0.588594761554029,0.13824596228520955,0.45034879926881943,0.21685472870617406,0.10336607470504657,0.1134886540011275
407,Envious,Envious,15,0.6,0.5666666666666668,0.033333333333333215,1.0190404291509674,0.9970158563916649,0.022024572759302474,0.052705058736651544,0.2137474135666058,-0.16104235482995424,0.014997794912753548,0.11727672696971542,-0.10227893205696187
409,Optimist,Optimist,15,0.8666666666666667,0.5533333333333333,0.31333333333333335,0.6145993412492041,0.9907405039699825,-0.37614116272077835,0.1089723751848537,0.10384409892676384,0.005128276258089856,0.1089723751848537,0.10384409892676384,0.005128276258089856
411,Envious,Envious,14,0.7142857142857143,0.6142857142857143,0.09999999999999998,0.9146453914555226,1.000120688682857,-0.08547529722733449,0.27518324536867256,0.24203114013553387,0.03315210523313869,0.1761245348034709,0.17143672363307705,0.004687811170393852
412,Envious,Envious,16,0.625,0.5375000000000001,0.08749999999999991,0.9995182229527452,1.0314144209052696,-0.03189619795252441,0.2699046250989713,0.3228984172855643,-0.052993792186593,-0.07236006381402571,0.035386525483518956,-0.10774658929754466
413,Undefined,Trustful,16,0.625,0.625,0.0,0.9995182229527452,0.999518222952745,2.220446049250313e-16,0.13866303321710405,0.34065693049562584,-0.2019938972785218,0.013663033217104048,0.12290887549172227,-0.10924584227461823
414,Envious,Envious,16,0.75,0.47500000000000003,0.27499999999999997,0.856362344486913,0.9939929401591328,-0.1376305956722198,0.18837437331656948,0.16970125376074746,0.018673119555822015,-0.05952937782599388,0.08605097241745156,-0.14558035024344546
415,Pessimist,Pessimist,16,0.625,0.5562499999999999,0.06875000000000009,0.9995182229527452,0.9871580405978775,0.012360182354867688,0.1614460317546217,0.16993747863125205,-0.008491446876630365,0.0048061925873358335,0.04504745942808672,-0.04024126684075088
416,Undefined,Envious,16,0.6875,0.49999999999999994,0.18750000000000006,0.9411224525623375,1.0337836283162778,-0.09266117575394028,0.17462820059713013,-0.0105355388891533,0.18516373948628342,0.17462820059713013,-0.010535538889153307,0.18516373948628345
417,Pessimist,Pessimist,13,0.6923076923076923,0.5230769230769231,0.16923076923076918,0.945979911022913,1.0054651773418346,-0.05948526631892159,0.21193679479223315,0.2127554084311557,-0.0008186136389225496,0.21193679479223315,0.11855491733884671,0.09338187745338644
418,Optimist,Optimist,16,0.6875,0.47500000000000003,0.21249999999999997,0.9411224525623375,0.982094800606534,-0.04097234804419647,0.39813448139199414,0.11787515584598969,0.28025932554600447,0.2975319517396934,0.05959548552508245,0.23793646621461093
420,Undefined,Optimist,16,0.625,0.55,0.07499999999999996,0.9995182229527452,1.0083085280057156,-0.008790305052970404,0.31708509398418805,0.25486657704931337,0.06221851693487468,0.013144033326639604,0.12363552944735715,-0.11049149612071754
421,Envious,Envious,16,0.9375,0.63125,0.30625,0.382374286644794,0.9828199816516106,-0.6004456950068165,0.1651095977317971,0.36451218902721133,-0.19940259129541424,0.1344705355022307,0.16713788422444747,-0.03266734872221677
423,Envious,Envious,16,1.0,0.6312500000000001,0.3687499999999999,0.0,0.9630834646122145,-0.9630834646122145,0.0,0.46629605524458384,-0.46629605524458384,0.0,0.2018177371183374,-0.2018177371183374
424,Optimist,Optimist,16,0.9375,0.50625,0.43125,0.382374286644794,1.0013522168023987,-0.6189779301576047,0.382374286644794,0.22345575238244397,0.15891853426235003,0.09353165849888112,-0.007865337956812525,0.10139699645569364
425,Envious,Envious,16,0.6875,0.47500000000000003,0.21249999999999997,0.9411224525623375,0.9874530404393076,-0.046330587876970086,0.11649464222470829,0.24627716237154673,-0.12978252014683844,0.11649464222470829,0.09320136434654464,0.023293277878163654
426,Undefined,Envious,18,0.7222222222222222,0.6722222222222222,0.050000000000000044,0.8924800408963943,0.942733154667832,-0.05025311377143771,0.14896206810711277,0.1634866685910234,-0.014524600483910632,0.013839651133245812,0.07216576273722573,-0.05832611160397992
427,Pessimist,Pessimist,18,0.8888888888888888,0.4611111111111111,0.42777777777777776,0.5433331970225614,0.9906952541051646,-0.4473620570826031,0.2810361125534236,0.0838481636527668,0.19718794890065677,0.2810361125534236,0.015163121712044841,0.2658729908413787
428,Trustful,Trustful,18,0.6111111111111112,0.6111111111111112,0.0,1.0041536270551445,1.0041536270551445,0.0,0.360575599779297,0.1921915812515308,0.1683840185277662,0.09916809481035427,0.046997590584935765,0.0521705042254185
429,Optimist,Optimist,18,0.6666666666666666,0.44999999999999984,0.21666666666666679,0.9583706963014053,1.009316854350018,-0.05094615804861269,0.5665742787833066,0.3820701465062543,0.18450413227705226,0.3147926690255577,0.15329472499619948,0.16149794402935821
431,Pessimist,Pessimist,18,0.6666666666666666,0.5111111111111111,0.15555555555555556,0.9583706963014053,0.9979732766835379,-0.0396025803821326,-0.034484865293750944,0.20149875106329507,-0.235983616357046,-0.09314230712883609,0.060080780245292856,-0.15322308737412893
432,Trustful,Trustful,18,0.8333333333333334,0.8333333333333331,2.220446049250313e-16,0.6900972838952698,0.69009728389527,-2.220446049250313e-16,0.008769059926196587,0.16258779763294642,-0.15381873770674984,-0.007369498710098621,0.08273110373173523,-0.09010060244183385
434,Pessimist,Pessimist,16,0.75,0.4750000000000001,0.2749999999999999,0.856362344486913,1.0079856336436797,-0.1516232891567667,0.1676876236364887,0.24355154694639253,-0.07586392330990382,0.04892921551835583,0.1348512401235103,-0.08592202460515447
436,Trustful,Trustful,16,0.8125,0.8125000000000002,-2.220446049250313e-16,0.7412964801529259,0.7412964801529263,-3.3306690738754696e-16,0.2761280400973657,0.19307839086547643,0.08304964923188926,0.14488644821549856,0.1264512939218206,0.018435154293677952
437,Optimist,Optimist,16,0.8125,0.6125000000000002,0.19999999999999984,0.7412964801529259,0.9721035019860634,-0.2308070218331375,0.3067671023269321,0.41435086075742794,-0.10758375843049583,0.3067671023269321,0.3756768427925794,-0.0689097404656473
439,Trustful,Trustful,15,1.0,1.0000000000000002,-2.220446049250313e-16,0.0,0.0,0.0,0.0,0.0,0.0,0.0,0.0,0.0
440,Trustful,Trustful,15,0.6,0.6000000000000003,-3.3306690738754696e-16,1.0190404291509674,1.0190404291509676,-2.220446049250313e-16,0.18380239328871895,0.34031696906719616,-0.15651457577847722,0.0681132270547461,0.06033440986056061,0.0077788171941854875
441,Undefined,Trustful,15,0.6,0.6000000000000003,-3.3306690738754696e-16,1.0190404291509674,1.0190404291509676,-2.220446049250313e-16,-0.004278472748238116,0.1353152217770345,-0.13959369452527262,0.04102176328363294,0.10054154380323409,-0.05951978051960115
442,Envious,Envious,15,0.8,0.5599999999999999,0.2400000000000001,0.7700179295836611,1.0187486235470948,-0.24873069396343372,0.2738382601910635,0.07480877620825173,0.19902948398281178,0.262154964738045,0.07410571190545884,0.18804925283258617
443,Envious,Envious,15,1.0,0.6,0.4,0.0,0.997346666153661,-0.997346666153661,0.0,0.24967231974149387,-0.24967231974149387,0.0,0.15566315694013352,-0.15566315694013352
444,Trustful,Trustful,15,0.9333333333333333,0.9333333333333331,2.220446049250313e-16,0.40144916971772016,0.4014491697177202,-5.551115123125783e-17,0.13701850183231928,0.141776259374643,-0.004757757542323715,0.13701850183231928,0.13018880929928314,0.006829692533036141
445,Optimist,Optimist,15,0.7333333333333333,0.4266666666666666,0.3066666666666667,0.884730576637466,0.9886781660849705,-0.10394758944750448,0.5129905437896111,0.18000467319103994,0.3329858705985711,0.19823404242664555,0.13675504000518202,0.061479002421463536
446,Undefined,Trustful,15,0.5333333333333333,0.5333333333333333,0.0,1.0448814666779354,1.0448814666779356,-2.220446049250313e-16,-0.022105570691509646,0.13440900508696757,-0.15651457577847722,-0.05478723706971378,0.07076143020631992,-0.1255486672760337
447,Trustful,Trustful,15,0.8666666666666667,0.8666666666666667,0.0,0.6145993412492041,0.6145993412492043,-2.220446049250313e-16,0.1511013382348107,0.20385205641091064,-0.05275071817609994,0.0941178067499212,0.16816283399915996,-0.07404502724923875
448,Optimist,Optimist,15,0.8,0.47333333333333344,0.3266666666666666,0.7700179295836611,1.0228193162453885,-0.25280138666172736,0.5382689280764644,0.25274047809840644,0.285528449978058,0.12286075975836974,0.03499358807340939,0.08786717168496036
449,Envious,Envious,15,0.8666666666666667,0.5666666666666667,0.30000000000000004,0.6145993412492041,0.9931666430133705,-0.3785673017641664,0.1511013382348107,0.15834196250164648,-0.007240624266835777,0.06143614037171696,0.03141162635691043,0.030024514014806533
450,Envious,Envious,15,0.8666666666666667,0.5400000000000001,0.32666666666666655,0.6145993412492041,0.998748048472006,-0.3841487072228019,0.27660847017978724,0.33589187254762576,-0.05928340236783852,0.012177802294386364,0.09187767980897714,-0.07969987751459078
452,Pessimist,Pessimist,15,0.7333333333333333,0.5266666666666667,0.20666666666666655,0.884730576637466,1.0067555929740293,-0.12202501633656326,0.4715584071006372,0.2590071127540121,0.21255129434662506,0.073794405881903,0.07847823844090845,-0.004683832559005452
454,Undefined,Pessimist,15,0.6666666666666666,0.5066666666666666,0.16000000000000003,0.9663856687507884,0.9916717299756551,-0.025286061224866763,0.10512366451766075,0.20640067284225633,-0.10127700832459557,-0.12662533698953604,0.05980239691630366,-0.1864277339058397
455,Pessimist,Pessimist,15,0.7333333333333333,0.5466666666666665,0.18666666666666676,0.884730576637466,0.9904583284752987,-0.10572775183783267,0.073794405881903,0.10148529856141114,-0.02769089267950814,-0.02685726107322617,0.01903619517220024,-0.04589345624542641
456,Trustful,Trustful,15,0.7333333333333333,0.7333333333333332,1.1102230246251565e-16,0.884730576637466,0.8847305766374663,-3.3306690738754696e-16,-0.03127896029928534,0.21781587139253641,-0.24909483169182176,-0.10590665888353523,0.08820244250625923,-0.19410910138979448
457,Optimist,Optimist,15,0.8666666666666667,0.52,0.3466666666666667,0.6145993412492041,1.0021540477883788,-0.3875547065391747,0.08573800547840238,0.19013705599420158,-0.1043990505157992,0.06143614037171696,0.10056069401184939,-0.039124553640132426
458,Undefined,Pessimist,15,0.4666666666666667,0.4933333333333333,-0.026666666666666616,1.0448814666779354,1.0027821688103598,0.0420992978675756,0.11122776264182366,0.2424439778891077,-0.13121621524728405,-0.09845537253995373,0.10733031766478426,-0.205785690204738
460,Trustful,Trustful,15,1.0,1.0000000000000002,-2.220446049250313e-16,0.0,0.0,0.0,0.0,0.0,0.0,0.0,0.0,0.0
461,Envious,Envious,15,0.8,0.6066666666666666,0.19333333333333347,0.7700179295836611,0.9899215836940066,-0.21990365411034551,0.5055872616982602,0.25077158714554304,0.25481567455271714,0.19083076033529478,0.1874350297670087,0.0033957305682860706
462,Undefined,Optimist,15,0.6,0.5133333333333334,0.08666666666666656,1.0190404291509674,0.9982292578920214,0.020811171258945937,0.10745259144027508,0.13972316374603733,-0.032270572305762246,-0.12429641006692149,0.049074121608821145,-0.17337053167574262
463,Optimist,Optimist,15,0.6666666666666666,0.5000000000000001,0.16666666666666652,0.9663856687507884,1.0173472412287496,-0.05096157247796129,0.27709953587554015,0.10463855160773497,0.17246098426780518,0.19409203601977132,0.025315693536538963,0.16877634248323237
464,Pessimist,Pessimist,15,0.6,0.49333333333333335,0.10666666666666663,1.0190404291509674,1.0023120124976874,0.016728416653279954,0.0593627567439764,0.24247268286288162,-0.18310992611890523,0.04381136194806079,0.08543748984779902,-0.04162612789973823
465,Undefined,Trustful,15,0.5333333333333333,0.5333333333333333,0.0,1.0448814666779354,1.0448814666779356,-2.220446049250313e-16,0.18361946244480776,0.2082610456194867,-0.024641583174678933,0.17039699457150648,0.10470618617348844,0.06569080839801804
466,Undefined,Trustful,15,0.6,0.6000000000000003,-3.3306690738754696e-16,1.0190404291509674,1.0190404291509676,-2.220446049250313e-16,0.34143759172873767,0.28688030792882224,0.054557283799915424,0.23412822676628353,0.11522266287130674,0.11890556389497679
467,Optimist,Optimist,17,0.8235294117647058,0.47058823529411764,0.3529411764705882,0.7147270241606074,0.9985746256412432,-0.2838476014806358,0.38672111282426475,0.08955071650898698,0.29717039631527775,0.3193536406050496,0.007288508814623628,0.312065131790426
469,Trustful,Trustful,17,0.7058823529411765,0.7058823529411763,2.220446049250313e-16,0.9164132552123273,0.9164132552123273,0.0,0.004117929960571365,0.08446333581765475,-0.08034540585708339,0.004117929960571365,0.08446333581765475,-0.08034540585708339
470,Undefined,Trustful,17,0.47058823529411764,0.47058823529411786,-2.220446049250313e-16,1.0399347534540846,1.0399347534540841,4.440892098500626e-16,0.16235063207191325,0.16039158453492058,0.001959047536992664,0.06766589828151237,0.09233358601032245,-0.024667687728810075
471,Pessimist,Pessimist,17,0.5294117647058824,0.5235294117647059,0.00588235294117645,1.0399347534540846,0.9887579936199009,0.05117675983418368,0.3438727201333698,0.1594299820738867,0.18444273805948308,0.15298374967239736,0.06820570737327981,0.08477804229911755
472,Pessimist,Pessimist,17,0.5882352941176471,0.4647058823529413,0.12352941176470578,1.019850024613141,0.9895138670860202,0.03033615752712082,0.29400931913498085,0.15684675447544866,0.1371625646595322,0.24372973253066643,0.07925062624299986,0.16447910628766657
474,Envious,Envious,17,1.0,0.8941176470588231,0.10588235294117687,0.0,0.508492423459719,-0.508492423459719,0.0,0.17462373996429972,-0.17462373996429972,0.0,0.14768282991079465,-0.14768282991079465
475,Envious,Envious,17,0.9411764705882353,0.5882352941176472,0.3529411764705881,0.3651891659823677,0.9990120144731732,-0.6338228484908055,0.1318679884364258,0.2406093122700561,-0.1087413238336303,0.06696192680347046,0.13902270904441383,-0.07206078224094337
476,Envious,Envious,17,0.9411764705882353,0.6941176470588235,0.24705882352941178,0.3651891659823677,0.9021945667396819,-0.5370054007573142,0.1318679884364258,0.19726457826626986,-0.06539658982984406,0.1318679884364258,0.15198434400163022,-0.020116355565204413
477,Pessimist,Pessimist,17,0.5882352941176471,0.48823529411764705,0.10000000000000003,1.019850024613141,0.995951203207714,0.023898821405426984,0.2770008476693998,0.18657457434289254,0.09042627332650727,0.12669752049623972,0.06383042653007334,0.06286709396616638
478,Envious,Envious,17,0.8823529411764706,0.49411764705882355,0.388235294117647,0.5649915816219103,1.0176037487739336,-0.45261216715202324,0.3316704040759684,0.06844090874675121,0.26322949532921713,0.12718599098138306,0.0009009378161822842,0.12628505316520078
479,Undefined,Envious,15,0.7333333333333333,0.6400000000000001,0.09333333333333316,0.884730576637466,0.9787474733969173,-0.09401689675945124,0.438876740722433,0.3110794692791744,0.1277972714432586,0.35586924086666427,0.07539090227248937,0.2804783385941749
480,Pessimist,Pessimist,14,0.8571428571428571,0.5785714285714286,0.27857142857142847,0.6431976014712191,1.0184368238030004,-0.3752392223317813,0.20051313411033106,0.2472867120745781,-0.046773577964247054,0.20051313411033106,0.19201548862731166,0.0084976454830194
482,Undefined,Envious,15,0.8,0.58,0.22000000000000008,0.7700179295836611,0.9899702179613189,-0.2199522883776578,0.4812853965915749,0.21062281283590142,0.2706625837556734,0.230170124720824,0.07135434701243036,0.1588157777083936
485,Envious,Envious,15,0.8,0.5933333333333332,0.2066666666666669,0.7700179295836611,1.0095583576107194,-0.23954042802705833,0.14274092563899599,0.1315141692953504,0.011226756343645589,0.17318659323593433,0.08449318593295149,0.08869340730298284
486,Optimist,Optimist,15,0.7333333333333333,0.4600000000000001,0.2733333333333332,0.884730576637466,1.0089788708560503,-0.1242482942185843,0.20489174043397052,0.20015410455639288,0.0047376358775776395,0.14511861028465323,0.055776458136321636,0.08934215214833159
487,Pessimist,Pessimist,15,0.8,0.49999999999999994,0.3000000000000001,0.7700179295836611,1.0067069587067172,-0.23668902912305612,0.05973342578322727,0.2113157377506765,-0.15158231196744923,0.011129695569856546,0.04654825088386938,-0.035418555314012834
488,Envious,Envious,15,1.0,0.88,0.12,0.0,0.5531394071242839,-0.5531394071242839,0.0,0.23666818271573262,-0.23666818271573262,0.0,0.10696800434333605,-0.10696800434333605
489,Optimist,Optimist,15,0.8666666666666667,0.54,0.32666666666666666,0.6145993412492041,0.9702062579715307,-0.3556069167223266,0.1991911729311095,0.2301568320769135,-0.030965659145804014,0.1991911729311095,0.0547358733739926,0.1444552995571169
490,Trustful,Trustful,15,0.8,0.8000000000000002,-1.1102230246251565e-16,0.7700179295836611,0.7700179295836612,-1.1102230246251565e-16,0.2998622285619428,0.22433182121238113,0.07553040734956165,-0.03919613790770804,0.10662019384986743,-0.14581633175757547
491,Envious,Envious,15,0.8666666666666667,0.6733333333333335,0.19333333333333325,0.6145993412492041,0.9383789411248038,-0.3237795998755997,0.20142717171237529,0.36779539282826146,-0.16636822111588617,0.0941178067499212,0.1873255602639592,-0.09320775351403798
492,Trustful,Trustful,15,0.8666666666666667,0.8666666666666667,0.0,0.6145993412492041,0.6145993412492043,-2.220446049250313e-16,0.1687455053341711,0.17495081322120354,-0.006205307887032441,0.1687455053341711,0.1302116792616383,0.038533826072532806
493,Optimist,Optimist,15,0.7333333333333333,0.5333333333333334,0.19999999999999984,0.884730576637466,0.9932490312046163,-0.10851845456715026,0.6529815751302693,0.2667123102936429,0.38626926483662644,0.20489174043397052,0.1346563401147578,0.07023540031921272
494,Trustful,Trustful,15,0.6,0.6000000000000003,-3.3306690738754696e-16,1.0190404291509674,1.0190404291509676,-2.220446049250313e-16,0.4222090928032406,0.38646476181626715,0.03574433098697344,0.10745259144027508,0.1321432690520165,-0.02469067761174143
495,Undefined,Optimist,18,0.5555555555555556,0.46666666666666656,0.08888888888888902,1.0311509220851378,1.0056778430608313,0.02547307902430651,0.2861978632423614,0.30037007588081294,-0.014172212638451531,0.11844508498381279,0.06314990444269139,0.0552951805411214
496,Trustful,Trustful,18,0.6666666666666666,0.6666666666666666,0.0,0.9583706963014053,0.958370696301405,2.220446049250313e-16,0.3646036108166556,0.20886099131441951,0.15574261950223608,0.16174336334980943,0.06639223062830224,0.09535113272150719
497,Pessimist,Pessimist,18,0.8333333333333334,0.5000000000000001,0.33333333333333326,0.6900972838952698,1.014734503583504,-0.3246372196882342,0.380313923188724,0.2317911468650047,0.14852277632371927,0.380313923188724,0.04099915536244089,0.3393147678262831
498,Optimist,Optimist,18,0.6666666666666666,0.4833333333333333,0.18333333333333335,0.9583706963014053,1.0056778430608313,-0.047307146759426044,-0.08383447384888043,0.08503275269209912,-0.16886722654097955,-0.11106919583071717,0.0037596553989664794,-0.11482885122968366
499,Envious,Envious,18,0.8888888888888888,0.7999999999999998,0.08888888888888902,0.5433331970225614,0.7520901344089411,-0.20875693738637968,0.32297430711806074,0.2991326736074886,0.02384163351057217,0.14269027946047563,0.03413143613627252,0.10855884332420311
501,Trustful,Trustful,18,0.8888888888888888,0.8888888888888885,3.3306690738754696e-16,0.5433331970225614,0.5433331970225617,-2.220446049250313e-16,0.062112308702417685,0.2547714163652777,-0.19265910766286004,0.02983519142982738,0.11915984789986221,-0.08932465647003483
502,Optimist,Optimist,18,0.8333333333333334,0.5888888888888889,0.24444444444444446,0.6900972838952698,0.9611896460649384,-0.2710923621696686,0.24022411317623887,0.12249519391471278,0.1177289192615261,-0.007369498710098621,0.02060972190343044,-0.02797922061352906
503,Pessimist,Pessimist,18,0.6111111111111112,0.488888888888889,0.12222222222222218,1.0041536270551445,1.007354762515978,-0.0032011354608334486,-0.028896152185111657,0.09103711695300401,-0.11993326913811567,-0.09252098705881484,0.035330578909314216,-0.12785156596812905
504,Trustful,Trustful,18,1.0,1.0000000000000002,-2.220446049250313e-16,0.0,0.0,0.0,0.0,0.0,0.0,0.0,0.0,0.0
505,Undefined,Envious,16,0.75,0.66875,0.08125000000000004,0.856362344486913,0.9494136654897037,-0.09305132100279079,0.3461096844035726,0.2801182692807958,0.06599141512277679,0.07432746280377434,0.11285250941461109,-0.03852504661083675
506,Undefined,Pessimist,16,0.625,0.46249999999999997,0.16250000000000003,0.9995182229527452,1.0040748226602487,-0.00455659970750355,0.19208509398418805,0.2930407061497866,-0.10095561216559856,0.01104778446920307,0.10780912143281995,-0.09676133696361688
507,Trustful,Trustful,15,0.8,0.8000000000000002,-1.1102230246251565e-16,0.7700179295836611,0.7700179295836612,-1.1102230246251565e-16,0.2495363950843782,0.27010239247918466,-0.020565997394806468,0.12286075975836974,0.10457930853091066,0.018281451227459083
508,Optimist,Optimist,16,0.875,0.54375,0.33125000000000004,0.5886486632273765,1.0057073337899276,-0.4170586705625511,0.4185644431995964,0.21486348153524917,0.20370096166434723,0.2935644431995964,0.06323814519109121,0.23032629800850518
509,Pessimist,Pessimist,16,0.5625,0.44999999999999996,0.11250000000000004,1.0337836283162776,0.9913609181819282,0.042422710134349395,0.3985309682329372,0.19953787486894942,0.1989930933639878,-0.077590561309828,0.15472950640709413,-0.23232006771692212
510,Optimist,Optimist,16,0.875,0.55,0.32499999999999996,0.5886486632273765,0.9936700457970965,-0.40502138256972,0.5886486632273765,0.23518340096567122,0.35346526226170527,0.1136994082884975,0.11168085876586097,0.0020185495226365396
511,Pessimist,Pessimist,16,0.6875,0.53125,0.15625,0.9411224525623375,1.0198844519531869,-0.07876199939084938,0.0414246346807835,0.23835988474804623,-0.19693525006726273,0.0252307302494309,0.06068191457066819,-0.03545118432123729
514,Envious,Envious,16,1.0,0.6749999999999999,0.32500000000000007,0.0,0.9360279814267272,-0.9360279814267272,0.0,0.4256237676923104,-0.4256237676923104,0.0,0.24603452051706873,-0.24603452051706873
515,Envious,Envious,16,0.8125,0.7375000000000003,0.07499999999999973,0.7412964801529259,0.8611920635985729,-0.11989558344564699,0.23518916309401616,0.321106753783332,-0.08591759068931581,0.011682882299152042,0.10643613696726868,-0.09475325466811664
516,Optimist,Optimist,16,0.6875,0.4499999999999999,0.2375000000000001,0.9411224525623375,1.0106183343777926,-0.06949588181545507,0.08860510356600027,0.15394769683074527,-0.06534259326474501,-0.06079236678169886,0.05693682536421565,-0.11772919214591451
517,Optimist,Optimist,16,0.8125,0.48124999999999996,0.33125000000000004,0.7412964801529259,1.0106183343777928,-0.2693218542248669,0.1838633511843688,0.23502461437499245,-0.05116126319062364,0.22894757121214893,0.07907167659239299,0.14987589461975592
518,Pessimist,Pessimist,16,0.625,0.50625,0.11875000000000002,0.9995182229527452,1.0014736284444605,-0.0019554054917153563,0.2943020954466705,0.4151747406225509,-0.12087264517588037,0.14490462509897128,0.21852750700931786,-0.07362288191034658
519,Pessimist,Pessimist,15,0.6666666666666666,0.58,0.08666666666666667,0.9663856687507884,0.9904403742739912,-0.02405470552320288,0.18147346636610462,0.24782086368505887,-0.06634739731895425,0.10288766573639485,0.06218308145431804,0.04070458428207681
520,Undefined,Envious,16,0.6875,0.6124999999999998,0.07500000000000018,0.9411224525623375,0.9967191580147017,-0.05559670545236417,0.17462820059713013,0.2887747309565439,-0.11414653035941374,0.08650885470856362,0.13596037260379945,-0.04945151789523583
521,Optimist,Optimist,16,0.75,0.4937500000000001,0.2562499999999999,0.856362344486913,1.0105868278594676,-0.15422448337255468,0.43627812445913283,0.32004193161170535,0.11623619284742748,0.31127812445913283,0.1125633987477355,0.19871472571139734
522,Envious,Envious,16,0.9375,0.6750000000000002,0.26249999999999984,0.382374286644794,0.9289556108066372,-0.5465813241618432,0.1344705355022307,0.13099993799674645,0.0034705975054842575,0.11168753696471317,0.07036124423157836,0.04132629273313482
523,Optimist,Optimist,15,0.8,0.5533333333333333,0.2466666666666667,0.7700179295836611,1.0063461328360415,-0.23632820325238035,0.009407592305662682,0.055552486629042344,-0.04614489432337966,0.009407592305662682,0.05555248662904237,-0.04614489432337969
524,Pessimist,Pessimist,15,0.5333333333333333,0.5266666666666666,0.00666666666666671,1.0448814666779354,0.9851142020592889,0.059767264618646454,0.12384633229549047,0.3181582634866042,-0.19431193119111373,-0.10790266921170621,0.17407627923452967,-0.2819789484462359
525,Pessimist,Pessimist,15,0.6,0.48,0.12,1.0190404291509674,0.9831453948936472,0.03589503425732021,0.3741192581069418,0.3165090652011487,0.05761019290579311,-0.04794660821847785,0.12349402214191363,-0.17144063036039148
526,Pessimist,Pessimist,15,0.7333333333333333,0.5466666666666669,0.18666666666666643,0.884730576637466,0.9915623995336585,-0.10683182289619253,0.3382250737673038,0.18865996968719623,0.1495651040801076,0.2812415422824144,0.0840847588617268,0.1971567834206876
527,Optimist,Optimist,14,0.7857142857142857,0.5071428571428571,0.2785714285714286,0.8011200801483715,1.0061618630207128,-0.2050417828723412,0.32341954166797904,0.1889259026598481,0.13449363900813094,0.12365300723013006,0.08298809549650142,0.04066491173362864
528,Optimist,Optimist,15,0.6666666666666666,0.4666666666666667,0.19999999999999996,0.9663856687507884,0.960444829372605,0.005940839378183349,0.13114763288854003,0.23222236361252813,-0.1010747307239881,0.0984659665103359,0.0789197548886956,0.019546211621640303
529,Pessimist,Pessimist,15,0.6666666666666666,0.52,0.1466666666666666,0.9663856687507884,1.000149430790351,-0.03376376203956255,0.23845699785099406,0.3261009017616679,-0.08764390391067384,0.022116164661891924,0.13267009113705336,-0.11055392647516143
530,Undefined,Envious,15,0.8,0.5933333333333332,0.2066666666666669,0.7700179295836611,1.0036647605487203,-0.23364683096505923,0.03543156067654185,0.4379529574015865,-0.40252139672504467,-0.06694220954278118,0.2417549729158418,-0.308697182458623
531,Undefined,Optimist,15,0.6666666666666666,0.48000000000000004,0.1866666666666666,0.9663856687507884,0.9795058543499027,-0.01312018559911432,0.21415513274430875,0.3296556475653398,-0.11550051482103108,0.09567636784590794,0.1055697166916143,-0.009893348845706362
533,Undefined,Trustful,15,0.6,0.6000000000000003,-3.3306690738754696e-16,1.0190404291509674,1.0190404291509676,-2.220446049250313e-16,0.2794284627981546,0.27622600835982347,0.003202454438331115,0.0476794612909579,0.09082680715406605,-0.043147345863108144
534,Optimist,Optimist,15,1.0,0.6666666666666667,0.33333333333333326,0.0,0.945094433750479,-0.945094433750479,0.0,0.4522499556559679,-0.4522499556559679,0.0,0.29070306142753444,-0.29070306142753444
536,Undefined,Pessimist,15,0.6,0.5133333333333333,0.08666666666666667,1.0190404291509674,1.0034460996647272,0.015594329486240177,0.18380239328871895,0.33544641475331016,-0.15164402146459122,-0.11330994097488589,0.08998407244266492,-0.20329401341755082
537,Pessimist,Pessimist,15,0.6666666666666666,0.5933333333333333,0.07333333333333336,0.9663856687507884,0.9762270411066052,-0.009841372355816835,0.47020599935819074,0.39500844607182667,0.07519755328636407,0.09567636784590805,0.07609499982351316,0.019581368022394893
538,Pessimist,Pessimist,15,1.0,0.4999999999999999,0.5000000000000001,0.0,1.006236802394045,-1.006236802394045,0.0,0.1775787288079653,-0.1775787288079653,0.0,0.10342584044535767,-0.10342584044535767
540,Trustful,Trustful,15,0.6,0.6000000000000003,-3.3306690738754696e-16,1.0190404291509674,1.0190404291509676,-2.220446049250313e-16,0.2407859247736085,0.27173329982408934,-0.03094737505048084,0.20810425839540436,0.10246232463226979,0.10564193376313458
541,Pessimist,Pessimist,16,0.6875,0.4874999999999999,0.20000000000000012,0.9411224525623375,1.0106183343777926,-0.06949588181545507,0.08026726282669638,0.10094847400164927,-0.02068121117495289,0.08026726282669638,0.10094847400164934,-0.02068121117495296
543,Trustful,Trustful,16,0.75,0.7499999999999998,2.220446049250313e-16,0.856362344486913,0.8563623444869134,-4.440892098500626e-16,0.2661939044313527,0.26552925518425613,0.0006646492470965826,0.13857865568345173,0.11798511655811891,0.02059353912533282
544,Pessimist,Pessimist,16,0.6875,0.525,0.16249999999999998,0.9411224525623375,0.995993976969625,-0.054871524407287486,0.05586979247899715,0.12652526775252088,-0.07065547527352373,0.05586979247899715,0.12652526775252088,-0.07065547527352373
545,Undefined,Pessimist,16,0.5625,0.44375,0.11875000000000002,1.0337836283162776,0.9767365607737605,0.057047067542517094,0.29792843858063645,0.2359010121546268,0.06202742642600964,-0.02155325179484291,0.042527309650094165,-0.06408056144493707
546,Trustful,Trustful,16,0.75,0.7499999999999998,2.220446049250313e-16,0.856362344486913,0.8563623444869134,-4.440892098500626e-16,0.2211096844035726,0.24323802795514476,-0.02212834355157217,0.0426876236364887,0.06829440771346054,-0.02560678407697184
547,Optimist,Optimist,16,0.75,0.5,0.25,0.856362344486913,0.9845568463820894,-0.12819450189517645,0.17392921551835583,0.2615250609681457,-0.08759584544978988,-0.1273965963912913,0.007488118553087609,-0.13488471494437893
548,Trustful,Trustful,16,0.8125,0.8125000000000002,-2.220446049250313e-16,0.7412964801529259,0.7412964801529263,-3.3306690738754696e-16,0.49339272901036263,0.18653107366824515,0.3068616553421175,0.49339272901036263,0.1549213263290875,0.3384714026812751
549,Envious,Envious,16,0.8125,0.8125000000000002,-2.220446049250313e-16,0.7412964801529259,0.7412964801529263,-3.3306690738754696e-16,0.39279019935806186,0.21241031824996037,0.1803798811081015,0.39279019935806186,0.17194963094945834,0.22084056840860353
552,Optimist,Optimist,16,0.8125,0.44375,0.36875,0.7412964801529259,0.9721035019860635,-0.23080702183313762,0.14488644821549856,0.15160279965217793,-0.006716351436679369,0.14488644821549856,0.07984158053844846,0.0650448676770501
553,Envious,Envious,16,0.875,0.5937500000000001,0.2812499999999999,0.5886486632273765,0.9962712400128844,-0.40762257678550784,0.08254134616846676,0.13125947745515124,-0.04871813128668448,0.08254134616846676,0.07272051623133245,0.009820829937134304
554,Trustful,Trustful,14,0.6428571428571429,0.6428571428571429,0.0,0.9918107815595227,0.991810781559523,-2.220446049250313e-16,0.0969128859928281,0.19494236840881995,-0.09802948241599185,0.0969128859928281,0.11562557335799864,-0.01871268736517054
555,Undefined,Pessimist,16,0.5625,0.4999999999999999,0.06250000000000011,1.0337836283162776,1.0152513931654896,0.018532235150787946,-0.013697188102794078,-0.016980516134823435,0.003283328032029357,-0.013697188102793856,-0.016980516134823407,0.003283328032029551
556,Trustful,Trustful,16,1.0,1.0000000000000002,-2.220446049250313e-16,0.0,0.0,0.0,0.0,0.0,0.0,0.0,0.0,0.0
557,Envious,Envious,16,0.75,0.66875,0.08125000000000004,0.856362344486913,0.9494136654897037,-0.09305132100279079,0.5612781244591328,0.24807672961813634,0.3132013948409965,0.10235127628543983,0.09347323000569369,0.008878046279746143
558,Pessimist,Pessimist,17,0.8823529411764706,0.5176470588235295,0.3647058823529411,0.5649915816219103,0.9761929480398712,-0.4112013664179609,0.28726525688988197,0.186792313863583,0.10047294302629897,0.28726525688988197,0.05646084103011175,0.2308044158597702
559,Envious,Envious,17,0.9411764705882353,0.611764705882353,0.3294117647058823,0.3651891659823677,0.9866598646489975,-0.6214706986666297,0.1318679884364258,0.22326195591506565,-0.09139396747863984,0.1318679884364258,0.16145285160597758,-0.02958486316955178
560,Pessimist,Pessimist,17,0.7647058823529411,0.5529411764705882,0.21176470588235297,0.8295587932862386,0.9778047091557022,-0.14824591586946356,0.5518324685542102,0.17512030207031218,0.37671216648389805,0.1350162628456948,0.10007611708434637,0.03494014576134842
561,Pessimist,Pessimist,17,0.7647058823529411,0.5470588235294117,0.21764705882352942,0.8295587932862386,0.9766788653522863,-0.1471200720660477,0.1199013173319109,0.27991689583204277,-0.16001557850013187,-0.04215088867770478,0.10073131884096792,-0.1428822075186727
562,Trustful,Trustful,16,0.6875,0.6875000000000001,-1.1102230246251565e-16,0.9411224525623375,0.9411224525623375,0.0,-0.04263648831586686,0.10428581851646221,-0.14692230683232907,-0.00016751703598782974,0.0806917959014008,-0.08085931293738863
563,Envious,Envious,17,0.7647058823529411,0.5588235294117648,0.2058823529411763,0.8295587932862386,1.0081526967720849,-0.17859390348584625,0.11554638079385404,0.10944036467878222,0.006106016115071819,0.02521658354151024,0.010212944962354852,0.015003638579155388
565,Envious,Envious,17,0.8823529411764706,0.5647058823529413,0.3176470588235293,0.5649915816219103,1.0091569332141321,-0.4441653515922218,0.15014831601451173,0.1662730250775351,-0.01612470906302338,0.15014831601451173,0.09453657792521557,0.05561173808929616
566,Envious,Envious,14,0.8571428571428571,0.6071428571428573,0.24999999999999978,0.6431976014712191,0.9668705313110458,-0.32367292983982676,0.07656045600250294,0.3118435726337998,-0.23528311663129686,0.05052274338819718,0.12875367688881362,-0.07823093350061644
568,Envious,Envious,15,0.6666666666666666,0.6266666666666666,0.040000000000000036,0.9663856687507884,0.9722536169429357,-0.00586794819214731,0.18147346636610462,0.23545311665280338,-0.053979650286698766,0.12942552962434606,0.0659845605135039,0.06344096911084215
569,Trustful,Trustful,15,0.8,0.8000000000000002,-1.1102230246251565e-16,0.7700179295836611,0.7700179295836612,-1.1102230246251565e-16,0.10954536374371993,0.19409182091954028,-0.08454645717582035,0.10954536374371993,0.083778178599514,0.025767185144205923
570,Optimist,Optimist,15,0.7333333333333333,0.49333333333333335,0.23999999999999994,0.884730576637466,0.9916717299756551,-0.1069411533381891,0.182825874108551,0.19621977047599462,-0.01339389636744362,-0.10590665888353523,0.05861469741818883,-0.16452135630172407
572,Trustful,Trustful,16,0.75,0.7499999999999998,2.220446049250313e-16,0.856362344486913,0.8563623444869134,-4.440892098500626e-16,0.1329903385150063,0.252832492253847,-0.11984215373884072,0.0017487466331390644,0.13243281207749566,-0.1306840654443566
574,Envious,Envious,16,0.9375,0.58125,0.35624999999999996,0.382374286644794,1.0013522168023987,-0.6189779301576047,0.11168753696471317,0.264191051132282,-0.1525035141675688,0.11168753696471317,0.18765315211978098,-0.0759656151550678
575,Undefined,Optimist,16,0.5625,0.48749999999999993,0.07500000000000007,1.0337836283162776,1.0152513931654896,0.018532235150787946,0.15062721709037397,0.24740902974519965,-0.09678181265482569,-0.09937278290962603,0.034708476335126054,-0.1340812592447521
576,Trustful,Trustful,16,1.0,1.0000000000000002,-2.220446049250313e-16,0.0,0.0,0.0,0.0,0.0,0.0,0.0,0.0,0.0
577,Optimist,Optimist,16,0.625,0.475,0.15000000000000002,0.9995182229527452,1.017744621782759,-0.018226398830013868,0.5115667843596674,0.2425197205947867,0.26904706376488075,0.4399888451267514,0.15861563320522878,0.28137321192152265
578,Trustful,Trustful,16,0.625,0.625,0.0,0.9995182229527452,0.999518222952745,2.220446049250313e-16,-0.07026381495658895,0.23005703086490256,-0.30032084582149154,-0.13202371646297684,0.07331536403908438,-0.20533908050206123
579,Trustful,Trustful,16,0.9375,0.9375,0.0,0.382374286644794,0.38237428664479406,-5.551115123125783e-17,0.11168753696471317,0.1877501659098297,-0.07606262894511653,0.09353165849888112,0.12728670336976075,-0.03375504487087963
580,Envious,Envious,16,1.0,0.69375,0.30625,0.0,0.908326709517167,-0.908326709517167,0.0,0.250436151084927,-0.250436151084927,0.0,0.174938433875498,-0.174938433875498
