User_ID,n,coop_rate,H_D,I_D;T,I_D;S,I_D;S-T,I_D;TS_quad,I_D;T_norm,I_D;S_norm,I_D;S-T_norm,I_D;Opp,phenotype_entropy,phenotype_kmeans
2,14,0.2857142857142857,0.9146453914555226,0.4719609240946346,0.27518324536867256,0.9146453914555226,0.46956521111470695,0.5160042662474674,0.30086331592482984,1.0,0.22600024438491662,Envious,Envious
3,14,0.9285714285714286,0.4227571495297672,0.4227571495297672,0.22837518378373275,0.4227571495297672,0.11340086418110334,1.0,0.5402041906038834,1.0,0.04770911142796047,Trustful,Trustful
4,14,0.6428571428571429,0.9918107815595227,0.7435082799446692,0.603046850067454,0.7974288158134883,0.21188720559545748,0.7496473054825812,0.6080261086890217,0.8040130543445109,-0.003397792480621886,Pessimist,Pessimist
5,14,0.6428571428571429,0.9918107815595227,0.9918107815595227,0.06189681487332355,0.7974288158134883,0.5087256743873156,1.0,0.062407886689835164,0.8040130543445109,-0.006190650859747127,Optimist,
6,14,0.2857142857142857,0.9146453914555226,0.22365842247978096,0.18864235136027652,0.666342889840669,0.07366803175764702,0.2445302021626783,0.206246435091178,0.7285259359152109,-0.012376150985820789,Envious,Undefined
7,14,0.07142857142857142,0.4227571495297672,0.22837518378373275,0.4227571495297672,0.4227571495297672,0.17445464791491358,0.5402041906038834,1.0,1.0,0.0753959373497119,Envious,Envious
8,14,0.5714285714285714,1.036752958923143,0.3646704546967161,0.20530456007018616,0.8423709931771086,0.14185506335644837,0.3517428636765048,0.19802650024113014,0.8125088874133183,-0.0123761509858209,Optimist,Optimist
9,14,0.2857142857142857,0.9146453914555226,-0.024644079135072605,0.4369448529751301,0.4719609240946346,0.34800824598680646,-0.026943861922110825,0.4777204991759671,0.5160042662474674,0.010218535043909238,Envious,Envious
10,14,0.5,1.0515248228888916,0.7682062501545335,-0.02822607757891893,0.6088403555280035,0.016165497444981636,0.7305640660426951,-0.026842996916965234,0.5790071164038855,0.2063066395708809,Envious,Optimist
11,14,0.5,1.0515248228888916,0.6088403555280035,-0.02822607757891893,0.8571428571428572,0.1613644622072603,0.5790071164038855,-0.026842996916965234,0.8151427702752638,0.6893917467430879,Envious,Undefined
18,14,0.42857142857142855,1.036752958923143,0.09746348833254781,0.5401479556934359,0.7534343861887849,-0.0010020795006946415,0.09400840141684419,0.5209996760023506,0.7267250888498682,0.07656045600250283,Envious,
19,14,0.5,1.0515248228888916,0.6627608913968228,0.6088403555280035,0.803222321274038,0.3438756452032403,0.6302855405505275,0.5790071164038855,0.7638643461286218,-0.0515248228888916,Optimist,Optimist
20,14,0.6428571428571429,0.9918107815595227,0.1579666697266383,0.7084922088251646,0.603046850067454,0.0969128859928281,0.15927097452827807,0.7143421124250453,0.6080261086890217,-0.04833996984424238,Undefined,Optimist
22,14,0.21428571428571427,0.8011200801483715,0.8011200801483715,0.5178015074140134,0.276632253664151,0.10773739819270234,1.0,0.6463469338056211,0.34530685289141333,-0.044098103169639136,Envious,
23,14,0.5714285714285714,1.036752958923143,0.5940684915622549,0.5590524204427505,0.6479890274310742,0.240167174249168,0.5730087254144935,0.5392339762631865,0.6250177748266366,-0.050185080484450584,Optimist,Optimist
24,14,0.35714285714285715,0.9918107815595227,0.2397700288499709,0.3547443484526003,0.5491263141986347,0.21188720559545748,0.24174977052876623,0.3576734141716028,0.5536603598270919,-0.026446649383040866,Pessimist,Pessimist
25,14,0.5,1.0515248228888916,0.6627608913968228,0.21054746319101614,0.6627608913968228,0.4588499648058697,0.6302855405505275,0.20023061615661303,0.6302855405505275,0.08535460854447752,Optimist,Optimist
26,14,0.21428571428571427,0.8011200801483715,0.552817578533518,0.4123561486563027,0.8011200801483715,0.0727213270731979,0.6900558258771061,0.5147245199245689,1.0,0.12010175780898513,Envious,
27,13,0.46153846153846156,1.0512157228883472,0.8418812982387717,0.5744786041920062,0.8418812982387717,0.5164103347948164,0.800864446667138,0.5464897372477974,0.800864446667138,-0.051806738121554785,Optimist,Optimist
28,14,0.9285714285714286,0.4227571495297672,0.4227571495297672,0.22837518378373275,0.4227571495297672,0.06062407338396342,1.0,0.5402041906038834,1.0,0.04770911142796047,Trustful,Trustful
29,14,0.6428571428571429,0.9918107815595227,0.46018970721031105,0.9918107815595227,0.5491263141986347,0.06189681487332366,0.4639894179076265,1.0,0.5536603598270919,-0.03541321651870155,Undefined,Optimist
30,14,0.21428571428571427,0.8011200801483715,0.552817578533518,0.21797418291026827,0.6067381144023372,0.26949900579915986,0.6900558258771061,0.2720867798868533,0.7573622599622845,-0.02932623920389077,Envious,Envious
31,14,0.6428571428571429,0.9918107815595227,0.49520577832981555,0.682454496210859,0.9918107815595227,0.46018970721031105,0.49929461096516237,0.6880894107016743,1.0,-0.006190650859747127,Pessimist,Pessimist
32,17,0.8235294117647058,0.7147270241606074,0.3057581979714367,0.3501633451575231,0.7147270241606074,0.18811113914790734,0.4277971695984582,0.48992599037200724,1.0,0.12530303455523784,Trustful,Trustful
33,17,0.5294117647058824,1.0399347534540846,0.6753710744510003,0.6465343099996437,1.0399347534540846,0.8354503403594993,0.649436007603163,0.621706609815872,1.0,-0.04020522180667818,Pessimist,Pessimist
34,17,0.5882352941176471,1.019850024613141,0.6552863456100567,0.2618859021556158,0.49520707970155775,0.487359700182213,0.6425320682407455,0.25678864130532997,0.48556853238240033,0.01089702546986726,Optimist,Optimist
35,17,0.5882352941176471,1.019850024613141,0.42196516806411477,0.8153656115185557,0.5820444339726137,0.1842096398307962,0.41375217716367513,0.7994956040990907,0.5707157130220203,-0.04184397172070664,Pessimist,Pessimist
37,17,0.5294117647058824,1.0399347534540846,0.470886661356415,0.470886661356415,0.6753710744510003,0.22528375360375152,0.45280404351560666,0.45280404351560666,0.649436007603163,0.3492937223306518,Pessimist,Pessimist
38,17,0.23529411764705882,0.8295587932862386,0.39175320264571134,0.260510701188569,0.5094002614692408,0.22970099663609544,0.47224284260047283,0.31403524776896674,0.614061674219964,0.17522874204791372,Envious,Envious
40,17,0.35294117647058826,0.9790995889625321,-0.027754093775664734,0.5701307627733614,0.6145359099594478,0.0429000309715587,-0.028346548286342726,0.5823010950065662,0.6276541394636054,0.45051076384871525,Pessimist,Pessimist
41,17,0.47058823529411764,1.0399347534540846,0.30493295602968806,0.2819706309965594,0.6753710744510003,0.19118739652326977,0.2932231613732212,0.27114261741903506,0.649436007603163,0.2946964508033012,Pessimist,Pessimist
42,17,0.4117647058823529,1.019850024613141,0.21748075496952946,0.49520707970155775,0.8153656115185557,0.14226590323096966,0.21324778126276583,0.48556853238240033,0.7994956040990907,-0.029853410180741724,Envious,Pessimist
43,17,0.35294117647058826,0.9790995889625321,0.5701307627733614,0.08204558552851982,0.6589410571455343,0.4211855289122156,0.5823010950065662,0.08379697678706666,0.6730071839206445,-0.04106685637741425,Envious,Envious
45,17,0.7058823529411765,0.9164132552123273,0.5962547233953295,0.39177031030074405,0.9164132552123273,0.10619660604937098,0.6506395668154985,0.4275039760418713,1.0,0.02128781099430932,Trustful,Trustful
47,16,0.625,0.9995182229527452,0.4892655628694048,0.14700087395640804,0.6593497828971849,0.3108435021023209,0.48950139340534676,0.14707172974009688,0.6596675956035645,-0.025745749509716087,Optimist,Optimist
48,16,0.625,0.9995182229527452,0.5815302517824017,0.5343497828971849,0.6593497828971849,0.21748334126960656,0.5818105547535325,0.5346073444450324,0.6596675956035645,-0.01645702912199798,Pessimist,Pessimist
49,16,0.6875,0.9411224525623375,0.2752307302494308,0.5065930747363436,0.7238577636493406,0.05586979247899726,0.29244943577754057,0.5382860363782345,0.7691430181891172,-0.03190205118527156,Trustful,Trustful
51,16,0.6875,0.9411224525623375,0.33441260585112687,0.7238577636493406,-0.05084005423221338,-0.024564987383686954,0.35533378779843344,0.7691430181891172,-0.05402065809161627,-0.009948331919306663,Trustful,Trustful
52,16,0.625,0.9995182229527452,0.44208509398418805,0.3477241562137544,0.6121693140119682,0.4934109058938354,0.4422981830968466,0.3478917624798462,0.6124643852950644,0.003710720667618461,Undefined,Trustful
53,16,0.4375,1.0337836283162776,0.5686151882607173,0.8165189394032807,0.35135049934772045,0.6110841595405965,0.5500330752836745,0.7898354327134628,0.33986850799713736,0.1361349046017174,Pessimist,Pessimist
54,16,0.25,0.856362344486913,0.34401343554613595,0.5161939044313527,0.6390976555739161,0.3196159651984368,0.4017148088783033,0.6027751077035374,0.7462935049495077,0.05207378160506704,Envious,Envious
55,16,0.4375,1.0337836283162776,0.04182112152172668,0.6464347193755006,0.8636994082884974,0.12313272094751859,0.04045442428783739,0.6253094957871873,0.8354740630737245,0.4016755343196483,Envious,
56,16,0.5,1.0450842200277801,0.526493719205136,0.8278195311147832,0.36474733991665964,0.37448100010953567,0.5037811394675358,0.7921079614930732,0.349012388596743,0.00371072066761835,Pessimist,Pessimist
57,16,0.5625,1.0337836283162776,0.7449410001703647,0.35135049934772045,0.6464347193755006,0.4924101289561159,0.7205966314088852,0.33986850799713736,0.6253094957871873,-0.03822893327345045,Optimist,Optimist
58,16,0.3125,0.9411224525623375,0.21150885470856362,0.7710382325345574,0.7238577636493406,0.2975319517396934,0.22474105695034816,0.8192751436705159,0.7691430181891172,-0.03190205118527156,Envious,Undefined
59,16,0.3125,0.9411224525623375,0.3365088547085636,0.5926161717674734,0.6009540125067773,0.4188212310720749,0.3575611800487505,0.6296908230740782,0.6385502873410319,-0.04320264289677411,Envious,
60,16,0.75,0.856362344486913,0.5161939044313527,0.29059137477905195,0.6390976555739161,0.08725284377380438,0.6027751077035374,0.3393322658916757,0.7462935049495077,0.017194681369072096,Trustful,Optimist
61,16,0.625,0.9995182229527452,0.5649888451267513,0.3642655628694048,0.3949046250989713,0.08524097245002016,0.5652611749865641,0.3644411422468147,0.3950949727883465,-0.04508422002778001,Undefined,Trustful
62,14,0.2857142857142857,0.9146453914555226,0.4719609240946346,0.3830243171063109,0.9146453914555226,0.13472181549145734,0.5160042662474674,0.41876810475892134,1.0,0.07241606384939869,Envious,Envious
63,14,0.5,1.0515248228888916,0.27160124692482635,0.41445838978196914,0.6088403555280035,-0.014113038789459242,0.2582927582999387,0.3941498866791493,0.5790071164038855,0.10031067847344999,Undefined,Pessimist
64,14,0.5714285714285714,1.036752958923143,0.5590524204427505,0.7884504573082894,0.8423709931771086,0.08080127962263806,0.5392339762631865,0.7604998380011754,0.8125088874133183,-0.050185080484450584,Undefined,
65,14,0.2857142857142857,0.9146453914555226,-0.005739614385757874,0.3830243171063109,0.6052891061068588,-0.015268575230676484,-0.006275234576565382,0.41876810475892134,0.6617746197175179,-0.04938624039442263,Pessimist,
66,12,0.5,1.0601122933703735,0.8333333333333334,0.5436470814493375,0.2539608295653416,0.016064748542563123,0.7860802469179462,0.5128202784262992,0.2395603099346522,-0.039391453746465466,Undefined,Trustful
67,14,0.9285714285714286,0.4227571495297672,0.22837518378373275,0.22837518378373275,0.4227571495297672,0.22837518378373275,0.5402041906038834,0.5402041906038834,1.0,0.06062407338396342,Trustful,Trustful
68,14,0.7857142857142857,0.8011200801483715,0.552817578533518,0.30451507691866436,0.35843561278748354,0.06973247136131089,0.6900558258771061,0.3801116517542122,0.4474180858393905,0.20420439844521432,Trustful,
69,14,0.35714285714285715,0.9918107815595227,0.4341519945960053,0.6545716729563456,0.7435082799446692,0.7084922088251646,0.43773671618425536,0.6599763635631157,0.7496473054825812,-0.05103535370186818,Optimist,Envious
70,14,0.8571428571428571,0.6431976014712191,0.24490470913423157,0.14659259824151188,0.3948950998563655,0.16011249429901203,0.3807612288572725,0.2279122277604939,0.613956113880247,0.12808527889139454,Trustful,
71,15,0.4,1.0190404291509674,0.3741192581069418,0.2430219235548743,0.6058682596141385,0.23189222798501774,0.36712896505847786,0.23848114029916612,0.5945478140832243,-0.039103209766359504,Envious,Envious
72,15,0.7333333333333333,0.884730576637466,0.15680190573767172,0.5699740752745006,0.6529815751302693,0.43385114327673946,0.17723124969142337,0.6442346295306776,0.7380569773139423,-0.0372901302820996,Trustful,Undefined
73,15,0.8,0.7700179295836611,0.40717159352439686,0.3065199265692677,0.588594761554029,0.14716262486505527,0.5287819645245785,0.39806855761787147,0.7643909822622893,0.037524332979986585,Trustful,Trustful
74,15,0.26666666666666666,0.884730576637466,0.23980940559344044,0.884730576637466,0.884730576637466,0.5959980436453798,0.27105359747468816,1.0,1.0,0.0034054756798009844,Envious,Envious
75,15,0.5333333333333333,1.0448814666779354,0.5990276307629023,0.36727862925570565,0.500611962589039,0.18082986378038002,0.5732972110869501,0.3515026737180249,0.47910885450066365,0.060758702686438015,Undefined,Trustful
76,15,0.6,1.0190404291509674,0.4244450915845064,0.4244450915845064,0.6561940930917032,0.011129695569856546,0.4165144771911952,0.4165144771911952,0.6439333262159418,0.10798680264773308,Pessimist,Trustful
77,15,0.06666666666666667,0.40144916971772016,0.16970016821052344,0.22002600168808803,0.40144916971772016,0.22002600168808803,0.4227189418023918,0.5480793542126386,1.0,0.07724537168300188,Envious,Envious
78,15,0.4666666666666667,1.0448814666779354,0.6317092971411065,0.6820351306186712,1.0448814666779354,0.7068905956085185,0.6045750807979626,0.6527392363337758,1.0,0.0034054756798009844,Envious,Envious
79,15,0.2,0.7700179295836611,0.5382689280764644,0.588594761554029,0.7700179295836611,0.7700179295836611,0.6990342788089358,0.7643909822622893,1.0,0.262154964738045,Envious,Envious
80,15,0.5333333333333333,1.0448814666779354,0.26886296108184227,0.45028612911147436,0.45028612911147436,-0.08081120544059317,0.25731431713173847,0.43094469896485055,0.43094469896485055,0.03887674072243308,Undefined,Optimist
81,15,0.6666666666666666,0.9663856687507884,0.387198499502422,0.19036716315469526,0.9663856687507884,-0.13328303499686078,0.400666640682844,0.19698881027569043,1.0,0.060758702686438015,Trustful,Optimist
82,15,0.26666666666666666,0.884730576637466,0.3404610725485696,0.884730576637466,0.5218842405782018,-0.11428646015505417,0.38481892854041094,1.0,0.5898792856936074,-0.04692035779776349,Undefined,Undefined
83,15,0.8666666666666667,0.6145993412492041,0.433176173219572,0.25175300518993987,0.433176173219572,0.0941178067499212,0.7048106695642069,0.40962133912841364,0.7048106695642069,0.08522410996133045,Trustful,Trustful
84,15,0.4,1.0190404291509674,0.6058682596141385,0.4244450915845064,0.47477092506207097,0.3585678633110262,0.5945478140832243,0.4165144771911952,0.4658999893239126,-0.039103209766359504,Envious,Envious
85,15,0.2,0.7700179295836611,0.588594761554029,0.7700179295836611,0.7700179295836611,0.7700179295836611,0.7643909822622893,1.0,1.0,-0.034957369525560056,Optimist,Envious
86,18,0.3333333333333333,0.9583706963014053,0.5868258330388778,0.1605026349466342,0.43563985968085106,-0.03274088837421385,0.6123161270514499,0.16747448097698983,0.45456300089526464,-0.03534054655761809,Envious,Envious
87,18,0.3888888888888889,1.0041536270551445,0.43948459586995314,0.5487323746633428,0.6598434857744538,0.1642280157375522,0.43766669165834543,0.5464625729357728,0.6571140789577784,0.00788029169058746,Envious,Envious
88,18,0.3888888888888889,1.0041536270551445,0.2882986225119264,0.48142279043459024,0.6179052912098167,-0.062062848957897154,0.2871060908851291,0.4794314111541343,0.6153493594619895,-0.03068204438504263,Optimist,Undefined
89,18,0.9444444444444444,0.3496182913972408,0.3496182913972408,0.19843231803921405,0.12925940149274012,0.12925940149274012,1.0,0.5675684680174604,0.36971578625408336,0.048990321600724474,Trustful,Trustful
90,18,1.0,0.0,0.0,0.0,0.0,0.0,0.0,0.0,0.0,0.0,Trustful,Trustful
91,18,0.16666666666666666,0.6900972838952698,0.6900972838952698,0.2493795040862684,0.6900972838952698,0.6900972838952698,1.0,0.36136862136109293,1.0,0.31668908831502085,Envious,Envious
92,18,0.3888888888888889,1.0041536270551445,0.5505957069810642,0.13711264915389965,0.7635431828950727,0.4740113764440981,0.548318197680351,0.13654549011191283,0.7603848279015792,-0.021526653475013147,Optimist,Optimist
93,18,0.2222222222222222,0.804279368755536,0.4327345054930085,0.2773605342635703,0.611155200832872,0.4581058951571238,0.5380400421840734,0.34485596055103485,0.7598792466584272,-0.04007486224691559,Envious,Envious
95,18,0.6111111111111112,1.0041536270551445,0.13711264915389965,0.13711264915389965,0.6598434857744538,0.126402816792191,0.13654549011191283,0.13654549011191283,0.6571140789577784,-0.010046597011293734,Optimist,Optimist
96,18,0.4444444444444444,1.0311509220851378,0.5084200854645835,0.5356548074464204,0.838026754162474,0.1603832795484499,0.4930607872962804,0.5194727522167638,0.8127100856078967,-0.003684749355049366,Optimist,Optimist
97,18,0.5555555555555556,1.0311509220851378,0.22587144673987458,0.838026754162474,0.8107920321806371,0.11844508498381279,0.2190479025932785,0.8127100856078967,0.7862981206874132,-0.04007486224691581,Optimist,Optimist
98,18,0.2222222222222222,0.804279368755536,0.3488581163637342,0.5019074220394824,0.45996922747484525,0.031202008430727735,0.4337524123036048,0.624046123197323,0.5719023082570888,-0.02256867534513385,Envious,Envious
99,18,0.4444444444444444,1.0311509220851378,0.16779469353894227,0.5084200854645835,0.5084200854645836,0.04372408676456807,0.16272563981190735,0.4930607872962804,0.4930607872962805,0.05101614535687604,Undefined,Optimist
100,18,0.16666666666666666,0.6900972838952698,0.3457871426145791,0.38772533717921626,0.6900972838952698,0.4697383939907691,0.5010701399413945,0.5618415638309598,1.0,0.1908745046211094,Envious,Envious
101,18,0.5,1.0400748622469156,0.047219300651759166,0.20026860632750754,0.28228166313906033,0.13652441605562016,0.04539990568539404,0.19255210715780516,0.2714051395581621,-0.023783861240694426,Pessimist,Pessimist
102,18,0.4444444444444444,1.0311509220851378,0.1622466118661715,0.5701815880205652,0.838026754162474,0.06397564102013908,0.15734516489408276,0.5529564836809482,0.8127100856078967,-0.012933737612623064,Envious,Envious
103,18,0.2222222222222222,0.804279368755536,0.45996922747484525,0.3087832541168185,0.6530933953975092,0.563668924595464,0.5719023082570888,0.38392536985575026,0.8120230615986616,-0.007060607844056377,Envious,Envious
104,17,0.29411764705882354,0.9164132552123273,0.6830920776663854,0.711928842117742,0.9164132552123273,0.6830920776663854,0.7453974217211832,0.7768644092263729,1.0,0.1499869064463546,Envious,Envious
105,17,0.4117647058823529,1.019850024613141,0.42196516806411477,0.18864399051817293,0.6552863456100567,0.2984436698223575,0.41375217716367513,0.18497228608660488,0.6425320682407455,0.14998690644635448,Envious,Envious
106,17,0.4117647058823529,1.019850024613141,0.1227960211791288,0.487359700182213,0.49520707970155775,0.15783428596569937,0.12040595991132022,0.4778738916705746,0.48556853238240033,0.001203082153365509,Pessimist,Pessimist
107,17,0.29411764705882354,0.9164132552123273,0.23169104439224508,0.040802073931272775,0.4361754574868305,0.059330048277024816,0.25282375944962043,0.04452366189511214,0.47595935022324765,-0.02217542848568832,Undefined,Undefined
108,17,0.6470588235294118,0.9790995889625321,0.41005149686486253,0.0010826706756918991,0.5856991455080913,0.09317961757587301,0.41880468696688855,0.0011057819734549296,0.5982018092038078,0.01906808311155883,Undefined,Optimist
109,17,0.5294117647058824,1.0399347534540846,0.7197762216370867,0.625091487846686,0.6753710744510003,-0.05388265985912799,0.6921359433814387,0.6010872179917826,0.649436007603163,0.01906808311155861,Undefined,Pessimist
110,17,0.5882352941176471,1.019850024613141,0.5435137262047552,0.6996914927961431,0.5396122268876442,0.38298102307531057,0.5329349542457734,0.6860729282833097,0.5291093924249646,0.3814444125401065,Envious,
111,17,0.47058823529411764,1.0399347534540846,0.10632298235333071,0.30493295602968806,0.8798554875455856,0.19254548983528386,0.10224005111876963,0.2932231613732212,0.8460679716907193,-0.038847128494663874,Undefined,Optimist
112,17,0.5294117647058824,1.0399347534540846,0.6753710744510003,0.32637577818264585,0.8354503403594993,0.11207104546759883,0.649436007603163,0.3138425531973108,0.8033680359124437,0.09452972263175219,Undefined,Optimist
113,17,0.5294117647058824,1.0399347534540846,0.5577240156274709,0.6753710744510003,0.8354503403594993,0.43761554621768173,0.5363067382593206,0.649436007603163,0.8033680359124437,0.08713578033335334,Envious,
114,17,0.6470588235294118,0.9790995889625321,0.6589410571455343,0.03024649604403451,0.7457784114165902,0.31433573067943377,0.6730071839206445,0.03089215477670063,0.7616982172434855,-0.04176708137999385,Undefined,Undefined
115,17,0.47058823529411764,1.0399347534540846,0.6465343099996437,0.6753710744510003,0.8354503403594993,0.6021291628135573,0.621706609815872,0.649436007603163,0.8033680359124437,0.01976830811413821,Envious,Envious
116,17,0.35294117647058826,0.9790995889625321,0.4968888511359184,0.6145359099594478,0.5856991455080913,0.21328808698566226,0.5074957202897296,0.6276541394636054,0.5982018092038078,0.06388941590357056,Optimist,Optimist
117,17,0.7058823529411765,0.9164132552123273,0.5074444290231566,0.20088133983977163,0.7563339893038283,0.3106810191439563,0.5537288184527458,0.21920387848736284,0.8253197834077491,-0.02217542848568832,Optimist,Optimist
118,17,0.5294117647058824,1.0399347534540846,0.5152918085425013,0.5596969557285878,0.6753710744510003,0.16235063207191314,0.4955039792938823,0.538203915072158,0.649436007603163,-0.018762399653720507,Optimist,Optimist
119,17,0.7647058823529411,0.8295587932862386,0.4649951142831543,0.4205899670970679,0.5094002614692408,0.3473480554596249,0.5605330424394743,0.5070044106589847,0.614061674219964,-0.022023138316429658,Optimist,Optimist
120,17,0.17647058823529413,0.7147270241606074,0.2344892264351106,0.32132658070616654,0.3945684923436095,0.16173578528281052,0.3280822167183344,0.44957944759894897,0.5520548111455562,-0.038430942888738384,Envious,Envious
121,17,0.4117647058823529,1.019850024613141,0.7421236998811127,0.5376392867865273,0.6108811984239704,0.09547875960794316,0.7276792488803655,0.5271748529794561,0.5989912081981814,-0.04184397172070664,Envious,Envious
122,17,0.35294117647058826,0.9790995889625321,0.33680958522741944,0.6145359099594478,0.6145359099594478,0.12447779261348935,0.34399931225005176,0.6276541394636054,0.6276541394636054,-0.04217017365166009,Envious,Envious
123,17,0.6470588235294118,0.9790995889625321,0.3812147324135059,0.4968888511359184,0.24997223095636356,-0.06443823774636603,0.3893523567070909,0.5074957202897296,0.25530827892721075,0.03599455915830252,Undefined,Trustful
124,17,0.5882352941176471,1.019850024613141,0.2463175194208861,0.1750485478845598,0.2618859021556158,0.08611187720842728,0.24152327643892693,0.17164146066570998,0.25678864130532997,-0.038847128494664096,Undefined,Undefined
125,17,0.6470588235294118,0.9790995889625321,0.7457784114165902,0.5856991455080913,0.3597719102605482,0.06832376659094719,0.7616982172434855,0.5982018092038078,0.3674518040006203,-0.04176708137999385,Undefined,Optimist
126,17,0.8235294117647058,0.7147270241606074,0.3945684923436095,0.24808466906872356,0.3501633451575231,0.23839072575222164,0.5520548111455562,0.3471040840523417,0.48992599037200724,0.021377794669281025,Trustful,Optimist
127,17,0.6470588235294118,0.9790995889625321,0.2943773781424499,0.4544566440509489,0.7746151758679468,-0.016131591243168764,0.3006613233842498,0.4641577314239276,0.7911505475032832,0.01906808311155883,Undefined,Trustful
128,17,0.4117647058823529,1.019850024613141,0.028564724609673964,0.6552863456100567,0.5820444339726137,0.08365046662216746,0.02800875022825969,0.6425320682407455,0.5707157130220203,0.12020823428890914,Undefined,Undefined
129,13,0.6153846153846154,1.0167248755262976,0.5399877568299567,0.5399877568299567,0.7493221814795322,0.08102929388526336,0.5311050903032517,0.5311050903032517,0.736996014867496,-0.05503820420924299,Undefined,Undefined
130,13,0.6153846153846154,1.0167248755262976,0.44420987238099274,0.08102929388526336,0.2725850627831913,0.15886326126201689,0.4369027286275964,0.07969638181943699,0.2681011051707477,-0.05503820420924299,Undefined,
131,13,0.7692307692307693,0.8348381080955067,0.3581009893991658,0.5674354140487413,0.6255036834459312,0.21193679479223304,0.42894662561115204,0.6796951511272241,0.7492514744839279,-0.04090601119260895,Trustful,Trustful
132,13,0.15384615384615385,0.6748704654821854,0.40746777143542,0.25620161618303433,0.6748704654821854,0.31168988698645606,0.6037718232998832,0.3796308021865824,1.0,-0.04827192381954892,Envious,
133,13,0.7692307692307693,0.8348381080955067,0.26232310495020184,0.8348381080955067,0.6255036834459312,2.2371548889399406e-05,0.31422032895531365,1.0,0.7492514744839279,0.1920058354921066,Trustful,
134,13,0.38461538461538464,1.0167248755262976,0.7116125664277582,0.7493221814795322,1.0167248755262976,0.5374077582361885,0.6999067137601005,0.736996014867496,1.0,-0.04858797043183016,Optimist,
135,16,0.0625,0.382374286644794,0.1651095977317971,0.21229006661701388,0.1344705355022307,0.09353165849888112,0.43180099577452863,0.5551891798995898,0.35167253708967855,0.026927428889288563,Envious,Envious
136,16,0.1875,0.7412964801529259,0.13668288229915204,0.3539475712121489,0.7412964801529259,0.2227059793302818,0.18438355767041414,0.4774709993754877,1.0,0.16106217576337867,Envious,Envious
137,16,0.75,0.856362344486913,0.29892921551835583,0.46901343554613595,0.42183296666091913,0.19623043700861842,0.3490686126530451,0.5476810588012765,0.4925870098990155,-0.040587394148873135,Trustful,Optimist
138,16,0.3125,0.9411224525623375,0.7238577636493406,0.30586979247899715,0.5537735436215605,0.5184229837866563,0.7691430181891172,0.32500530791314547,0.5884181618596332,0.4188212310720749,Envious,Envious
139,16,0.3125,0.9411224525623375,0.6009540125067773,0.3836893235937804,0.9411224525623375,0.6522798244164246,0.6385502873410319,0.40769330553014915,1.0,0.3231973043459361,Envious,Envious
140,16,0.25,0.856362344486913,0.6390976555739161,0.3461096844035726,0.29892921551835583,-0.00710809399662915,0.7462935049495077,0.40416266155530606,0.3490686126530451,0.16061766515572828,Envious,Envious
141,17,0.11764705882352941,0.5649915816219103,0.24483304980491244,0.24483304980491244,0.40491231571341135,0.055463582224111074,0.43333928817501133,0.43333928817501133,0.7166696440875057,0.06372001807927907,Envious,
142,17,0.29411764705882354,0.9164132552123273,0.7563339893038283,0.411240192352585,0.551849576209243,0.059330048277024816,0.8253197834077491,0.44874972073303676,0.6021841926341222,0.001203082153365731,Envious,
143,17,0.6470588235294118,0.9790995889625321,0.10348840768147749,0.3656463496787761,0.8190203230540332,-0.0015051162145276464,0.1056975294935373,0.3734516425098494,0.8365035919603222,0.01906808311155883,Undefined,Trustful
144,17,0.4117647058823529,1.019850024613141,0.057401489061030486,0.6108811984239704,0.8153656115185557,0.41999222796299795,0.05628424540442067,0.5989912081981814,0.7994956040990907,0.028520343724551145,Envious,Envious
145,6,0.16666666666666666,0.7702470083891011,0.3166890883150208,0.3166890883150208,0.7702470083891011,0.0,0.4111526365773833,0.4111526365773833,1.0,0.109170338675599,Optimist,
146,17,0.6470588235294118,0.9790995889625321,0.5856991455080913,0.28652999862310524,0.4544566440509489,0.3079728207760629,0.5982018092038078,0.2926464292837836,0.4641577314239276,-0.04176708137999385,Optimist,Trustful
147,14,0.6428571428571429,0.9918107815595227,0.3547443484526003,0.1603623827065659,0.9918107815595227,0.015109526869495515,0.3576734141716028,0.16168646851611368,1.0,-0.026446649383040866,Undefined,
148,17,0.6470588235294118,0.9790995889625321,0.41005149686486253,0.6510936776261895,0.4544566440509489,0.3348366451263026,0.41880468696688855,0.6649922898201782,0.4641577314239276,0.021619477372790352,Pessimist,Pessimist
149,17,0.17647058823529413,0.7147270241606074,0.11684216761158117,0.22664184691576583,0.3945684923436095,-0.0334611595615788,0.16347803239817807,0.3171026689272586,0.5520548111455562,0.15388840576346563,Envious,Envious
150,14,0.6428571428571429,0.9918107815595227,0.49520577832981555,0.3547443484526003,0.21188720559545748,-0.043548543884387225,0.49929461096516237,0.3576734141716028,0.2136367233902077,-0.026446649383040866,Undefined,Trustful
151,16,0.5,1.0450842200277801,0.23974733991665964,0.2211096844035726,0.487651091059223,0.08986809252170547,0.22940480328971644,0.21157116351608019,0.46661415579144466,-0.031902051185271674,Undefined,Undefined
152,17,0.058823529411764705,0.3651891659823677,0.3651891659823677,0.3651891659823677,0.3651891659823677,0.3651891659823677,1.0,1.0,1.0,0.06696192680347046,Envious,Envious
153,18,0.3888888888888889,1.0041536270551445,0.5067941800987056,0.701781680339091,0.35747153905840023,-0.05290745804786767,0.5046978534399839,0.6988787984535674,0.3559928774113457,0.011162552832050476,Pessimist,Pessimist
154,18,0.3888888888888889,1.0041536270551445,0.3302368170765636,0.6179052912098167,0.701781680339091,0.5827978220015192,0.3288708103809181,0.6153493594619895,0.6988787984535674,0.24494227163578275,Pessimist,Pessimist
155,18,0.5,1.0400748622469156,0.8888888888888888,0.04908263296948068,0.8888888888888888,0.5427154152904767,0.8546393352576432,0.047191442415448336,0.8546393352576432,-0.030682044385042406,Optimist,Optimist
156,18,0.2777777777777778,0.8924800408963943,0.35504573169303977,0.4789969830692297,0.7412940675383676,0.11625670457029569,0.39781924012153463,0.5367032999282896,0.8306001631070901,0.065163119095629,Envious,Envious
157,18,0.6111111111111112,1.0041536270551445,0.5086575124164271,0.30998526282099226,0.8529676536971178,0.25920056821236814,0.5065534781845621,0.3087030255819302,0.8494393992267837,0.05125357230871952,Optimist,Pessimist
158,17,0.17647058823529413,0.7147270241606074,0.7147270241606074,0.5546477582521084,0.7147270241606074,0.38672111282426475,1.0,0.776027405572778,1.0,-0.04217017365166009,Envious,Envious
159,18,0.3333333333333333,0.9583706963014053,0.2825905540051027,0.39370166511621385,0.6140605550207145,0.005589996953164644,0.2948656037749183,0.41080311265318115,0.640733859445546,0.03270536353681719,Undefined,Undefined
160,16,0.875,0.5886486632273765,0.3407449120848132,0.14787769351951557,0.24848022317181628,0.03680385142726483,0.5788595700134872,0.25121554291612325,0.4221197442451953,-0.04508422002778012,Trustful,Trustful
161,16,0.5625,1.0337836283162776,0.35135049934772045,0.25908581043472356,0.8636994082884974,0.34139818679823486,0.33986850799713736,0.2506189915743746,0.8354740630737245,0.2661939044313527,Optimist,Pessimist
162,15,0.7333333333333333,0.884730576637466,0.2071277392152363,0.3404610725485696,0.5699740752745006,0.22425801079752483,0.2341139152242848,0.38481892854041094,0.6442346295306776,-0.0372901302820996,Trustful,
163,17,0.5882352941176471,1.019850024613141,0.42196516806411477,0.3351278137930588,0.2618859021556158,0.08365046662216746,0.41375217716367513,0.32860499652405517,0.25678864130532997,-0.038847128494664096,Undefined,Pessimist
164,18,0.5,1.0400748622469156,0.6957647209662249,0.21310874659258638,0.7377029155308621,0.3223565253859759,0.6689563859500809,0.2048975072161623,0.7092786705152866,-0.04007486224691559,Envious,Pessimist
165,18,0.3888888888888889,1.0041536270551445,0.12240917657109929,0.23340093228402603,0.4611712361790191,0.46854073488911774,0.12190283764655167,0.23243548197750868,0.45926362635514656,0.14300270866445453,Envious,Undefined
166,18,0.3888888888888889,1.0041536270551445,0.5505957069810642,0.43948459586995314,0.6179052912098167,0.11588734208080198,0.548318197680351,0.43766669165834543,0.6153493594619895,-0.010046597011293734,Optimist,Optimist
169,14,0.6428571428571429,0.9918107815595227,0.1603623827065659,0.5141102430791302,0.7435082799446692,-0.10644743825840508,0.16168646851611368,0.5183551667695562,0.7496473054825812,0.028629422926995662,Undefined,Undefined
170,16,0.625,0.9995182229527452,0.7822535340397483,0.3949046250989713,0.6121693140119682,0.43474803018260355,0.7826305874932821,0.3950949727883465,0.6124643852950644,0.003710720667618461,Optimist,Optimist
171,16,0.375,0.9995182229527452,0.14700087395640793,0.054736185043411045,0.27200087395640793,-0.03587589654353518,0.14707172974009677,0.05476256839191099,0.2721319808986289,-0.04508422002778001,Undefined,Envious
172,16,0.375,0.9995182229527452,0.6593497828971849,0.3949046250989713,0.5815302517824017,0.028242465838275277,0.6596675956035645,0.3950949727883465,0.5818105547535325,-0.03822893327345056,Optimist,Optimist
173,16,0.25,0.856362344486913,0.3911939044313527,0.25174874663313906,0.6084585933443496,0.1511462169808383,0.4568088577805642,0.29397456375078423,0.7105153528310564,-0.04128637922764722,Undefined,Undefined
174,16,0.4375,1.0337836283162776,0.6157956571459342,0.2284467482051571,0.25908581043472356,-0.008108870934348644,0.5956717056439363,0.22098120143112354,0.2506189915743746,-0.025745749509716198,Pessimist,Envious
175,16,0.625,0.9995182229527452,0.6121693140119682,0.1776399361859743,0.5343497828971849,0.3061320044969832,0.6124643852950644,0.17772556028162848,0.5346073444450324,0.09301265860841668,Optimist,
176,16,0.6875,0.9411224525623375,0.6009540125067773,0.3365088547085636,0.3836893235937804,0.3037735436215605,0.6385502873410319,0.3575611800487505,0.40769330553014915,0.2710382325345574,Trustful,Optimist
177,16,0.5,1.0450842200277801,0.487651091059223,0.40983155994443976,0.35640949917735587,-0.026794066738990763,0.46661415579144466,0.3921517061405307,0.34103423661672155,-0.03360181320176525,Optimist,Optimist
178,16,0.5,1.0450842200277801,0.6105548422017864,0.36474733991665964,1.0450842200277801,0.4523005312243189,0.5842159229861463,0.349012388596743,1.0,0.5487949406953986,Optimist,Optimist
179,16,0.125,0.5886486632273765,0.5886486632273765,0.37138397431437964,0.5886486632273765,0.2935644431995964,1.0,0.6309093989582809,1.0,0.13792538097003,Envious,Envious
180,16,0.75,0.856362344486913,0.46901343554613595,0.6390976555739161,0.5161939044313527,0.3911939044313527,0.5476810588012765,0.7462935049495077,0.6027751077035374,0.017194681369072096,Pessimist,Pessimist
181,16,0.3125,0.9411224525623375,0.5065930747363436,0.4225319517396934,0.21360510356600027,-0.07733377343734926,0.5382860363782345,0.4489659667445942,0.2269684492006651,-0.03190205118527156,Envious,Envious
186,14,0.8571428571428571,0.6431976014712191,0.6431976014712191,0.6431976014712191,0.6431976014712191,0.30595849286804183,1.0,1.0,1.0,0.16011249429901203,Trustful,Trustful
187,14,0.21428571428571427,0.8011200801483715,0.1640536470414491,0.6067381144023372,0.35843561278748354,-0.013819566935198146,0.20478034580167498,0.7573622599622845,0.4474180858393905,-0.0510353537018684,Envious,Envious
188,14,0.8571428571428571,0.6431976014712191,0.25443366997915023,0.20051313411033106,0.33384131612255524,0.07656045600250294,0.3955762107899205,0.31174421927520723,0.5190338324629052,0.19811742113040343,Trustful,Trustful
190,16,0.3125,0.9411224525623375,0.5537735436215605,0.3836893235937804,0.5537735436215605,0.3037735436215605,0.5884181618596332,0.40769330553014915,0.5884181618596332,0.11503349119722073,Pessimist,Envious
191,16,0.6875,0.9411224525623375,0.3836893235937804,0.21360510356600027,0.7710382325345574,0.17462820059713002,0.40769330553014915,0.2269684492006651,0.8192751436705159,0.3231973043459361,Pessimist,Pessimist
192,16,0.875,0.5886486632273765,0.3407449120848132,0.3407449120848132,0.5886486632273765,0.13792538097003,0.5788595700134872,0.5788595700134872,1.0,-0.0384004309396172,Trustful,
193,16,0.75,0.856362344486913,0.6390976555739161,0.856362344486913,0.856362344486913,0.5856755948068322,0.7462935049495077,1.0,1.0,0.25301173558884427,Trustful,Trustful
194,16,0.75,0.856362344486913,-0.043335473394641055,0.856362344486913,0.46901343554613595,0.856362344486913,-0.050604132320420256,1.0,0.5476810588012765,0.028677088195087186,Pessimist,
195,16,0.875,0.5886486632273765,0.2935644431995964,0.37138397431437964,0.4185644431995964,0.0674429136568312,0.49870909684917036,0.6309093989582809,0.7110598721225977,0.008414358837829261,Trustful,Optimist
196,16,1.0,0.0,0.0,0.0,0.0,0.0,0.0,0.0,0.0,0.0,Trustful,Trustful
197,16,0.6875,0.9411224525623375,0.5537735436215605,0.26078557245121703,0.6009540125067773,0.09680866948234679,0.5884181618596332,0.2771005746820638,0.6385502873410319,-0.04320264289677411,Trustful,Optimist
198,16,0.6875,0.9411224525623375,0.3836893235937804,0.43086979247899715,0.7710382325345574,0.5926161717674734,0.40769330553014915,0.4578254310115478,0.8192751436705159,0.07725552723785223,Pessimist,Pessimist
199,15,0.8666666666666667,0.6145993412492041,0.38285033974200744,0.38285033974200744,0.38285033974200744,0.29984283988623867,0.6229267004482055,0.6229267004482055,0.6229267004482055,0.16371990788847757,Trustful,Trustful
200,15,1.0,0.0,0.0,0.0,0.0,0.0,0.0,0.0,0.0,0.0,Trustful,Trustful
201,15,0.7333333333333333,0.884730576637466,0.7033074086078339,0.23980940559344044,0.884730576637466,0.2812415422824144,0.7949396428468037,0.27105359747468816,1.0,-0.03961905720471415,Trustful,Optimist
202,15,0.26666666666666666,0.884730576637466,0.290135239071005,0.4715584071006372,0.23980940559344044,0.042834842767892733,0.3279362630075495,0.5329966201607459,0.27105359747468816,0.0034054756798009844,Envious,Envious
203,15,0.3333333333333333,0.9663856687507884,0.05703382982136196,0.7346366672435917,0.7346366672435917,0.7849625007211563,0.05901766930700402,0.7601899438277369,0.7601899438277369,0.12053183283575541,Pessimist,Pessimist
204,15,0.4666666666666667,1.0448814666779354,0.26886296108184227,0.45028612911147436,0.6317092971411065,0.49837596380777316,0.25731431713173847,0.43094469896485055,0.6045750807979626,-0.020102801090627453,Optimist,Pessimist
205,15,0.4666666666666667,1.0448814666779354,0.1682112941267131,1.0448814666779354,0.6820351306186712,0.7367826633222949,0.16098600606011226,1.0,0.6527392363337758,-0.04692035779776349,Pessimist,Pessimist
206,15,0.13333333333333333,0.6145993412492041,0.29984283988623867,0.1687455053341711,0.433176173219572,0.24285930840134917,0.4878671677011449,0.274561806381353,0.7048106695642069,0.13382784017470117,Envious,
207,15,0.4666666666666667,1.0448814666779354,0.73012496531497,0.3999602956339098,0.7561489336858491,0.6731414338300804,0.6987634373842492,0.38278054342903745,0.7236695814788698,0.13771532819330246,Optimist,Optimist
208,15,0.8,0.7700179295836611,0.40717159352439686,0.588594761554029,0.5382689280764644,0.2235124267134989,0.5287819645245785,0.7643909822622893,0.6990342788089358,-0.01885237484648239,Trustful,Trustful
209,15,0.6,1.0190404291509674,0.5731865932359343,0.4658772282734803,0.555542426136574,0.3828697284177116,0.562476793696493,0.4571724682813955,0.5451623019505071,0.4199730940219749,Pessimist,Pessimist
210,15,0.5333333333333333,1.0448814666779354,0.6820351306186712,0.6317092971411065,1.0448814666779354,0.1769617644374828,0.6527392363337758,0.6045750807979626,1.0,0.03040596323084821,Undefined,Envious
211,15,0.6,1.0190404291509674,1.0190404291509674,0.4244450915845064,0.8376172611213353,0.3325438949401469,1.0,0.4165144771911952,0.8219666631079708,0.20093266487100747,Optimist,Optimist
212,15,0.9333333333333333,0.40144916971772016,0.11271663672563392,0.22002600168808803,0.22002600168808803,0.09335036636207972,0.2807743675367192,0.5480793542126386,0.5480793542126386,0.04069560596190058,Trustful,Trustful
213,15,0.9333333333333333,0.40144916971772016,0.16970016821052344,0.40144916971772016,0.22002600168808803,0.11271663672563392,0.4227189418023918,1.0,0.5480793542126386,0.06345829864830327,Trustful,Trustful
214,15,0.4,1.0190404291509674,0.1926960900773097,0.6561940930917032,0.6058682596141385,0.1992105616068136,0.18909562816644876,0.6439333262159418,0.5945478140832243,-0.039103209766359504,Pessimist,Pessimist
215,15,0.4,1.0190404291509674,0.4244450915845064,0.555542426136574,1.0190404291509674,0.31713572662205236,0.4165144771911952,0.5451623019505071,1.0,-0.013262172239391301,Envious,Envious
216,15,0.8,0.7700179295836611,0.35684576004683227,0.5055872616982602,0.588594761554029,0.3065199265692677,0.46342526107122495,0.6565915445262746,0.7643909822622893,-0.034957369525560056,Trustful,Trustful
217,15,0.4666666666666667,1.0448814666779354,0.18585546122607344,0.6820351306186712,0.6317092971411065,0.09395426458171419,0.17787229188491274,0.6527392363337758,0.6045750807979626,0.03688073039426221,Envious,Pessimist
218,15,0.4,1.0190404291509674,0.5731865932359343,0.21034025717667015,0.47477092506207097,0.20810425839540436,0.562476793696493,0.20641011991243477,0.4658999893239126,0.011683295453018383,Undefined,Undefined
219,15,0.7333333333333333,0.884730576637466,0.4212325736230726,0.23980940559344044,0.05838623756380834,0.014021275732585492,0.47611395462788453,0.27105359747468816,0.06599324032149183,0.03887674072243308,Trustful,
220,15,0.5333333333333333,1.0448814666779354,0.8634582986483033,0.6317092971411065,0.500611962589039,0.2643909635193108,0.8263696181668879,0.6045750807979626,0.47910885450066365,0.03040596323084821,Optimist,Optimist
221,15,0.5333333333333333,1.0448814666779354,0.31918879455940685,0.5243999321786524,0.6317092971411065,0.4220261619593295,0.30547847266755157,0.5018750441099447,0.6045750807979626,0.0034054756798009844,Optimist,Pessimist
222,15,0.2,0.7700179295836611,0.7700179295836611,0.3241640936686281,0.588594761554029,0.3065199265692677,1.0,0.42098252678856385,0.7643909822622893,0.13440082873356718,Envious,Envious
223,15,0.4666666666666667,1.0448814666779354,0.5487017972853377,0.36727862925570565,0.21853712760427768,0.025984264004788926,0.525133055551137,0.3515026737180249,0.20915016159592537,-0.04440466619731276,Undefined,Undefined
224,15,0.0,0.0,0.0,0.0,0.0,0.0,0.0,0.0,0.0,0.0,Envious,Envious
225,15,0.13333333333333333,0.6145993412492041,0.433176173219572,0.433176173219572,0.6145993412492041,0.38285033974200744,0.7048106695642069,0.7048106695642069,1.0,-0.047595327854931035,Envious,Envious
226,15,0.3333333333333333,0.9663856687507884,0.6035393326915242,0.42211616466189195,0.7849625007211563,0.196328034801037,0.6245325776319691,0.4367988664479536,0.8122662888159846,0.1522369800337915,Pessimist,Pessimist
227,15,0.4,1.0190404291509674,0.2430219235548743,0.7872914276437707,0.6058682596141385,0.2407859247736085,0.23848114029916612,0.7725811509752536,0.5945478140832243,-0.028116740674323903,Envious,Undefined
228,14,0.35714285714285715,0.9918107815595227,0.603046850067454,0.1603623827065659,0.7974288158134883,0.015109526869495404,0.6080261086890217,0.16168646851611368,0.8040130543445109,-0.026446649383040866,Envious,Optimist
229,14,0.42857142857142855,1.036752958923143,0.20530456007018616,0.8423709931771086,1.036752958923143,0.7884504573082894,0.19802650024113014,0.8125088874133183,1.0,0.3948950998563653,Envious,Envious
230,14,0.2857142857142857,0.9146453914555226,0.9146453914555226,0.7202634257094882,0.27757895834860014,0.3189816776606137,1.0,0.7874783303322567,0.30348259657972404,-0.036568752959919015,Optimist,Envious
231,14,0.5714285714285714,1.036752958923143,0.6479890274310742,0.32910378123749173,0.8423709931771086,0.29109885440610017,0.6250177748266366,0.3174370310737536,0.8125088874133183,0.009528960844918721,Optimist,
232,14,0.2857142857142857,0.9146453914555226,0.4369448529751301,0.4180403882258154,0.02927645673374657,-0.0010020795006943084,0.4777204991759671,0.45705187183042173,0.032008532494934926,-0.049691503618221944,Envious,Undefined
233,10,0.6,1.0430853464991168,0.3478383419775267,0.42332709219387354,0.6954618442383218,0.3709505944546686,0.33347064374451096,0.40584128002054337,0.6667353218722555,0.05237649773920494,Optimist,
234,14,0.5,1.0515248228888916,0.27160124692482635,0.803222321274038,0.8571428571428572,0.036818641367472926,0.2582927582999387,0.7638643461286218,0.8151427702752638,0.023145288369450068,Undefined,
235,14,0.5714285714285714,1.036752958923143,0.3457659899474014,0.25922509593900533,1.036752958923143,-0.0010020795006946415,0.33350856341566887,0.2500355496532731,1.0,-0.04025897424033431,Undefined,Undefined
236,14,0.7857142857142857,0.8011200801483715,0.30451507691866436,0.21797418291026827,0.6067381144023372,0.11651975936513903,0.3801116517542122,0.2720867798868533,0.7573622599622845,-0.036166015214620595,Trustful,
237,14,0.42857142857142855,1.036752958923143,0.5940684915622549,1.036752958923143,0.4536070616850397,0.052918456368124644,0.5730087254144935,1.0,0.4375266622399548,-0.050185080484450584,Envious,Envious
238,14,0.6428571428571429,0.9918107815595227,0.3547443484526003,0.7435082799446692,0.603046850067454,0.6444495693794674,0.3576734141716028,0.7496473054825812,0.6080261086890217,0.10031067847345021,Pessimist,Pessimist
239,14,0.6428571428571429,0.9918107815595227,0.49520577832981555,0.4062691713414919,0.5491263141986347,0.25328992490747104,0.49929461096516237,0.40962366904569686,0.5536603598270919,-0.026446649383040866,Optimist,
240,14,0.2857142857142857,0.9146453914555226,0.27757895834860014,0.22365842247978096,0.4369448529751301,0.03865196063814258,0.30348259657972404,0.2445302021626783,0.4777204991759671,-0.049691503618221944,Envious,Envious
241,14,0.2857142857142857,0.9146453914555226,0.4180403882258154,0.4180403882258154,0.7202634257094882,0.3362370291024829,0.45705187183042173,0.45705187183042173,0.7874783303322567,0.023145288369450068,Optimist,Optimist
242,14,0.35714285714285715,0.9918107815595227,0.7084922088251646,0.603046850067454,0.603046850067454,0.682454496210859,0.7143421124250453,0.6080261086890217,0.6080261086890217,-0.003397792480621886,Envious,Envious
245,13,0.3076923076923077,0.945979911022913,0.527311061723762,0.46924279232657207,0.7366454863733375,0.16155048463426436,0.557423107593867,0.49603885543316395,0.7787115537969335,0.06775964241321641,Envious,
246,13,0.38461538461538464,1.0167248755262976,0.5399877568299567,0.8073904508767221,0.8073904508767221,0.7493221814795322,0.5311050903032517,0.7941090754357558,0.7941090754357558,-0.03768724350288455,Optimist,Envious
247,13,0.23076923076923078,0.8348381080955067,0.41616925879635563,0.40590730096336636,0.8348381080955067,0.46075680267083186,0.49850294896785574,0.48621079587436605,1.0,0.2488423794274881,Envious,Envious
248,13,0.23076923076923078,0.8348381080955067,0.11105694969781621,0.5674354140487413,0.3581009893991658,-0.01598031602550909,0.13302812679594536,0.6796951511272241,0.42894662561115204,-0.05305116198132698,Pessimist,
249,13,0.6153846153846154,1.0167248755262976,0.44420987238099274,0.5980560262271466,0.5980560262271466,0.25464114571098084,0.4369027286275964,0.5882181508715116,0.5882181508715116,0.03305772100049997,Optimist,
250,13,0.5384615384615384,1.0512157228883472,0.213878024290045,1.0512157228883472,1.0512157228883472,0.7838130288415818,0.20345778666855197,1.0,1.0,0.32163579820716404,Pessimist,Pessimist
251,13,0.23076923076923078,0.8348381080955067,0.41616925879635563,0.41616925879635563,0.5297257989969673,0.5674354140487413,0.49850294896785574,0.49850294896785574,0.6345251778280896,-0.008786340590525743,Envious,Undefined
252,13,0.6153846153846154,1.0167248755262976,0.38872160157757096,0.5022781417781826,1.0167248755262976,0.27000506418942305,0.3823272263072673,0.49401578919585626,1.0,0.2751070248348759,Optimist,
253,13,0.5384615384615384,1.0512157228883472,0.7838130288415818,0.6325468735891961,0.8418812982387717,0.8418812982387717,0.7456252905806594,0.601728893334276,0.800864446667138,0.07523052760177062,Optimist,Envious
254,13,0.5384615384615384,1.0512157228883472,0.5164103347948164,0.5744786041920062,0.5164103347948164,0.4129504911066313,0.49125058116131876,0.5464897372477974,0.49125058116131876,0.4964793754946899,Optimist,Pessimist
255,13,0.6153846153846154,1.0167248755262976,0.7493221814795322,0.6535442970305683,0.5399877568299567,0.0026023701426576284,0.736996014867496,0.6427936531918406,0.5311050903032517,-0.05503820420924299,Pessimist,Pessimist
256,13,0.23076923076923078,0.8348381080955067,0.41616925879635563,0.6255036834459312,0.6255036834459312,0.5297257989969673,0.49850294896785574,0.7492514744839279,0.7492514744839279,-0.01856031461927732,Envious,Envious
257,8,0.5,1.0901684400555602,0.31547062217400623,0.6556390622295665,0.40983155994443976,0.05298743841027198,0.28937787096270035,0.601410789507126,0.3759341629111486,-0.09016844005556024,Undefined,
258,13,0.5384615384615384,1.0512157228883472,0.3070759101452408,0.8418812982387717,0.5367689891402322,0.4206324503458524,0.2921150278284568,0.800864446667138,0.5106173523217404,0.0516531055666305,Pessimist,Pessimist
259,14,0.35714285714285715,0.9918107815595227,0.5491263141986347,0.3547443484526003,0.6545716729563456,0.2604231727724621,0.5536603598270919,0.3576734141716028,0.6599763635631157,-0.03656875295991879,Envious,Envious
261,14,0.9285714285714286,0.4227571495297672,0.22837518378373275,0.22837518378373275,0.17445464791491358,0.0753959373497119,0.5402041906038834,0.5402041906038834,0.41265924919060387,0.09265128879158102,Trustful,Trustful
263,16,0.0625,0.382374286644794,0.1651095977317971,0.21229006661701388,0.1651095977317971,0.21229006661701388,0.43180099577452863,0.5551891798995898,0.43180099577452863,0.0351358881084734,Envious,
266,14,0.35714285714285715,0.9918107815595227,0.49520577832981555,0.9918107815595227,0.7974288158134883,0.39913592347650084,0.49929461096516237,1.0,0.8040130543445109,-0.003397792480621886,Envious,Envious
270,16,0.3125,0.9411224525623375,0.353050261364214,0.6932187014197742,0.6009540125067773,0.34471242062491014,0.37513743339454425,0.7365871460535123,0.6385502873410319,0.02474895320217585,Pessimist,Pessimist
272,14,0.7857142857142857,0.8011200801483715,0.21797418291026827,0.8011200801483715,0.8011200801483715,0.2434612931848541,0.2720867798868533,1.0,1.0,0.20420439844521432,Trustful,Trustful
275,14,0.42857142857142855,1.036752958923143,0.6479890274310742,0.15138402420136698,0.7884504573082894,0.6893917467430877,0.6250177748266366,0.14601745082898718,0.7604998380011754,-0.050185080484450584,Optimist,Envious
276,14,0.35714285714285715,0.9918107815595227,0.603046850067454,0.10644184683774671,0.9918107815595227,0.34521538760768167,0.6080261086890217,0.10732071965418405,1.0,0.10031067847345021,Envious,Envious
277,14,0.7142857142857143,0.9146453914555226,0.13472181549145734,0.9146453914555226,0.666342889840669,0.2680499975036815,0.14729404067413224,1.0,0.7285259359152109,-0.045547111465117585,Trustful,Trustful
278,13,0.3076923076923077,0.945979911022913,0.34542429429297117,0.1086422124246108,0.7366454863733375,0.15386852539504325,0.3651497143522369,0.11484621518773387,0.7787115537969335,-0.030005284263663556,Envious,Envious
279,13,0.3076923076923077,0.945979911022913,0.31797663707418633,0.6408676019243735,0.7366454863733375,0.46666279373280384,0.3361346613908004,0.6774642827577454,0.7787115537969335,-0.0017535966283597215,Envious,Envious
280,13,0.9230769230769231,0.44673183443267733,0.44673183443267733,0.14161952533413785,0.1793291403859119,0.09123321517616911,1.0,0.31701238733968035,0.4014245830804719,0.11357891174950091,Trustful,Trustful
281,12,0.16666666666666666,0.7101347150187276,0.2565767949446473,0.7101347150187276,0.7101347150187276,0.15281742012493638,0.3613072132910456,1.0,1.0,0.10917033867559889,Envious,Envious
282,13,0.15384615384615385,0.6748704654821854,0.40746777143542,0.1981333467858445,0.6748704654821854,0.6748704654821854,0.6037718232998832,0.2935872243931745,1.0,0.1546249654505779,Envious,Envious
283,13,0.23076923076923078,0.8348381080955067,0.3581009893991658,0.6255036834459312,0.5674354140487413,0.10079499186482688,0.42894662561115204,0.7492514744839279,0.6796951511272241,0.1920058354921066,Envious,
284,13,0.46153846153846156,1.0512157228883472,0.6325468735891961,0.4787007197430423,0.7838130288415818,0.22907668144792448,0.601728893334276,0.4553781962352617,0.7456252905806594,-0.04858797043183016,Pessimist,Pessimist
285,13,0.6923076923076923,0.945979911022913,0.46924279232657207,0.46924279232657207,0.46924279232657207,0.1238408695824903,0.49603885543316395,0.49603885543316395,0.49603885543316395,0.2751070248348759,Pessimist,Trustful
286,13,0.3076923076923077,0.945979911022913,0.6785772169761476,0.6785772169761476,0.527311061723762,0.41117452292938217,0.7173273016362305,0.7173273016362305,0.557423107593867,-0.03768724350288466,Optimist,Optimist
287,13,0.5384615384615384,1.0512157228883472,0.8418812982387717,0.8418812982387717,0.4232124489396205,0.26936629509346677,0.800864446667138,0.800864446667138,0.40259334000141395,0.1546249654505778,Pessimist,Pessimist
288,13,0.6153846153846154,1.0167248755262976,0.7493221814795322,0.5022781417781826,0.38872160157757096,0.015279065248852364,0.736996014867496,0.49401578919585626,0.3823272263072673,-0.03768724350288455,Undefined,Undefined
289,13,0.23076923076923078,0.8348381080955067,0.6255036834459312,0.5674354140487413,0.8348381080955067,0.5674354140487413,0.7492514744839279,0.6796951511272241,1.0,-0.04090601119260895,Envious,Envious
290,10,0.3,0.9534256512751409,0.33366739696989767,0.9534256512751409,0.9534256512751409,0.28464489740259147,0.3499668763092755,1.0,1.0,-0.07051700102674396,Envious,
291,13,0.23076923076923078,0.8348381080955067,0.41616925879635563,0.5297257989969673,0.8348381080955067,0.46075680267083186,0.49850294896785574,0.6345251778280896,1.0,-0.04090601119260895,Envious,Envious
292,13,0.5384615384615384,1.0512157228883472,0.5744786041920062,0.8418812982387717,0.8418812982387717,0.3548822217094414,0.5464897372477974,0.800864446667138,0.800864446667138,0.0516531055666305,Pessimist,Pessimist
293,13,0.3076923076923077,0.945979911022913,0.7366454863733375,0.6785772169761476,0.945979911022913,0.3599841823548944,0.7787115537969335,0.7173273016362305,1.0,0.14360656756205392,Envious,Envious
294,13,0.6153846153846154,1.0167248755262976,0.5022781417781826,0.5399877568299567,0.5980560262271466,0.11105694969781632,0.49401578919585626,0.5311050903032517,0.5882181508715116,0.1920058354921067,Optimist,
295,13,0.7692307692307693,0.8348381080955067,0.2923507607627548,0.6255036834459312,0.8348381080955067,0.3581009893991658,0.3501885670141323,0.7492514744839279,1.0,0.2488423794274881,Trustful,
296,13,0.3076923076923077,0.945979911022913,0.10606221383084269,0.6785772169761476,0.945979911022913,0.6408676019243735,0.11211888603020631,0.7173273016362305,1.0,-0.030005284263663556,Pessimist,
297,13,0.6153846153846154,1.0167248755262976,0.33065333218038107,0.7493221814795322,0.4819194874327668,0.015279065248852364,0.3252141657390074,0.736996014867496,0.4739920297349919,0.07523052760177085,Undefined,Trustful
298,13,0.5384615384615384,1.0512157228883472,0.6325468735891961,0.5744786041920062,1.0512157228883472,0.1735884106445028,0.601728893334276,0.5464897372477974,1.0,-0.04858797043183016,Optimist,Optimist
299,13,0.6923076923076923,0.945979911022913,0.431533177274798,0.25990836767699654,0.527311061723762,0.2496464098440072,0.45617583655467886,0.27475040923009747,0.557423107593867,-0.030005284263663556,Trustful,Trustful
300,13,0.15384615384615385,0.6748704654821854,0.6748704654821854,0.36975815638364595,0.4655360408326099,0.16042373173407043,1.0,0.547895003998225,0.6898154010932912,0.19555334819207626,Envious,Envious
301,13,0.23076923076923078,0.8348381080955067,0.6255036834459312,0.09069829535240037,0.8348381080955067,0.19335410862406643,0.7492514744839279,0.10864177673837615,1.0,0.0677596424132163,Optimist,
302,13,0.3076923076923077,0.945979911022913,0.1086422124246108,0.46924279232657207,0.7366454863733375,0.27768702342864415,0.11484621518773387,0.49603885543316395,0.7787115537969335,-0.050363938609079395,Envious,Pessimist
303,12,0.5833333333333334,1.0399810500215263,0.5235158381004903,0.29673687806345017,0.8132020899844862,-0.004066494806284071,0.5033897858904777,0.28532912023474666,0.781939334344269,0.23656171177248608,Undefined,
304,13,0.3076923076923077,0.945979911022913,0.6408676019243735,0.6785772169761476,0.945979911022913,0.6408676019243735,0.6774642827577454,0.7173273016362305,1.0,0.1270596372722147,Envious,Envious
305,13,0.5384615384615384,1.0512157228883472,0.3651441795424307,0.8418812982387717,0.8418812982387717,0.08747952766267597,0.3473541839149354,0.800864446667138,0.800864446667138,0.1754716036002315,Pessimist,Pessimist
306,13,0.38461538461538464,1.0167248755262976,0.23487544773141722,0.5399877568299567,0.8073904508767221,0.08102929388526336,0.2310118040633522,0.5311050903032517,0.7941090754357558,-0.030005284263663556,Envious,Pessimist
307,13,0.5384615384615384,1.0512157228883472,0.32743456449065667,0.4232124489396205,0.7838130288415818,0.10783818200809181,0.3114817989888784,0.40259334000141395,0.7456252905806594,0.07523052760177062,Optimist,
308,18,0.2777777777777778,0.8924800408963943,0.2858728151465658,0.6721211509918936,0.8924800408963943,0.3568671487303675,0.3203128384355119,0.7530937614210673,1.0,0.0313291225057043,Envious,Envious
309,18,0.5555555555555556,1.0311509220851378,0.597416310002402,0.32957114386049335,0.8799649487271111,0.145988697831692,0.5793684486014317,0.31961484667448326,0.8533813333044337,-0.04007486224691581,Envious,
310,18,0.4444444444444444,1.0311509220851378,0.4664818908999464,0.4245436963353093,1.0311509220851378,0.5701815880205652,0.45238953959974343,0.41171829190320647,1.0,-0.010046597011293512,Optimist,Envious
311,18,0.5,1.0400748622469156,0.3514545796855342,0.5993570824379142,0.5445787476081981,0.4601216698447712,0.3379127719001618,0.576263405831287,0.5235957212077241,-0.04007486224691581,Pessimist,Pessimist
312,18,0.5,1.0400748622469156,0.32421985770369743,0.5865169421728352,0.3514545796855342,0.396496834971068,0.3117274241233676,0.5639180057729297,0.3379127719001618,-0.028919853878992097,Optimist,Optimist
313,16,0.3125,0.9411224525623375,0.10514651022165078,0.30586979247899715,0.5537735436215605,0.16432838582334686,0.11172457944805662,0.32500530791314547,0.5884181618596332,0.07917179090697901,Envious,Envious
314,16,0.6875,0.9411224525623375,0.3836893235937804,0.21360510356600027,0.5537735436215605,0.19335297624273162,0.40769330553014915,0.2269684492006651,0.5884181618596332,0.07917179090697901,Optimist,Optimist
315,16,0.4375,1.0337836283162776,0.3575920912295877,0.6464347193755006,1.0337836283162776,0.33515659491636773,0.34590612719607255,0.6253094957871873,1.0,-0.03360181320176525,Pessimist,Pessimist
316,16,0.5,1.0450842200277801,0.44047062217400623,0.7743974703476992,1.0450842200277801,0.4803140272576385,0.42146902013533205,0.7409904919692639,1.0,0.31127812445913283,Envious,Envious
317,16,0.6875,0.9411224525623375,0.3836893235937804,0.6009540125067773,0.5210382325345574,0.30586979247899715,0.40769330553014915,0.6385502873410319,0.5536348974737112,-0.009948331919306663,Pessimist,Pessimist
318,16,0.625,0.9995182229527452,0.44208509398418805,0.2392655628694048,0.21857881318932393,0.17968903035296813,0.4422981830968466,0.23938089108828256,0.21868417020312575,-0.03822893327345056,Undefined,Trustful
319,9,0.2222222222222222,0.8443542310024515,0.5419822842863979,0.45810589515712374,0.8443542310024515,0.45810589515712374,0.641889700301418,0.5425517849460432,1.0,-0.0775844371266936,Envious,
320,16,0.5625,1.0337836283162776,0.3985309682329372,0.27562721709037397,0.6936151882607173,0.20356750081020292,0.385507138357399,0.2666198317913854,0.670948126147449,-0.003963527909918163,Undefined,Trustful
321,16,0.625,0.9995182229527452,0.31708509398418805,0.7516144718101818,0.3191813428416247,0.13866303321710416,0.3172379319383145,0.7519767569517503,0.319335191207129,-0.025745749509716087,Optimist,Optimist
322,16,0.375,0.9995182229527452,0.3191813428416247,0.44208509398418805,0.6121693140119682,0.19208509398418805,0.319335191207129,0.4422981830968466,0.6124643852950644,0.16035055983490432,Optimist,Optimist
323,16,0.625,0.9995182229527452,0.7822535340397483,0.44208509398418805,0.6121693140119682,0.24550715475127205,0.7826305874932821,0.4422981830968466,0.6124643852950644,-0.04421373728283895,Optimist,Optimist
324,16,0.375,0.9995182229527452,0.7516144718101818,0.10191665392862781,0.5649888451267513,0.028242465838275277,0.7519767569517503,0.10196577870041114,0.5652611749865641,-0.04421373728283895,Optimist,Optimist
325,16,0.25,0.856362344486913,0.3911939044313527,0.25174874663313906,0.6390976555739161,0.0795682777479223,0.4568088577805642,0.29397456375078423,0.7462935049495077,-0.040587394148873135,Envious,Pessimist
326,14,0.6428571428571429,0.9918107815595227,0.5141102430791302,0.7435082799446692,0.5141102430791302,0.5467306012187071,0.5183551667695562,0.7496473054825812,0.5183551667695562,-0.03541321651870155,Pessimist,Pessimist
327,16,0.5625,1.0337836283162776,0.3207114371181541,0.35135049934772045,0.3041700304625037,0.15638703192498604,0.3102307178538864,0.33986850799713736,0.29422987763687564,-0.04345943076925263,Undefined,
328,16,0.3125,0.9411224525623375,0.6704357028822567,0.3836893235937804,0.7710382325345574,0.05586979247899715,0.7123788206910819,0.40769330553014915,0.8192751436705159,-0.03190205118527156,Envious,Envious
329,18,0.4444444444444444,1.0311509220851378,0.31529591754191966,0.05299883307278175,0.4264070286530307,0.05113550075506024,0.30577087290417704,0.051397745895053235,0.41352533321773444,0.22582953145948081,Optimist,Optimist
330,18,0.2777777777777778,0.8924800408963943,0.2019964260172915,0.5481698996157036,0.6518695967363224,0.6357310381000273,0.22633158923577626,0.6142097016143123,0.7304024368786934,0.3568671487303675,Envious,Envious
331,18,0.2777777777777778,0.8924800408963943,0.21856323091781338,0.6518695967363224,0.8924800408963943,0.5167471797624554,0.24489425074233767,0.7304024368786934,1.0,0.19915934088204346,Envious,Envious
332,18,0.4444444444444444,1.0311509220851378,0.838026754162474,0.6176678642579732,0.6868407808044471,0.790540477925066,0.8127100856078967,0.5990082062953098,0.6660914189123303,0.10975102730975161,Optimist,Optimist
333,18,0.6111111111111112,1.0041536270551445,0.27359514992912604,0.3302368170765635,0.6179052912098167,0.12551323729199604,0.272463438419768,0.328870810380918,0.6153493594619895,0.00788029169058746,Pessimist,Pessimist
334,18,0.7222222222222222,0.8924800408963943,0.3278110097112029,0.47899698306922966,0.6301829564272565,0.16704139917892002,0.3673034630353797,0.5367032999282896,0.7061031368211996,-0.020241953434684157,Trustful,Pessimist
335,18,0.3888888888888889,1.0041536270551445,0.26106390053008965,0.5012460984259348,0.6179052912098167,0.06421306797198267,0.25998402385470143,0.49917272110635735,0.6153493594619895,0.04636361938789202,Envious,Undefined
336,18,0.16666666666666666,0.6900972838952698,0.4969731159726059,0.31855242063274236,0.6900972838952698,0.4697383939907691,0.7201493580259146,0.46160509259602645,1.0,0.31668908831502085,Envious,Envious
337,18,0.2777777777777778,0.8924800408963943,0.5901080941803407,0.3494976500202689,0.45874542881365854,0.10558878748898082,0.6612003262141801,0.3916027630928737,0.5140119753859158,0.045648701970327,Envious,Undefined
338,18,0.5555555555555556,1.0311509220851378,0.8799649487271111,0.37705742009790133,0.597416310002402,0.2363869214512635,0.8533813333044337,0.3656665692888449,0.5793684486014317,-0.037843794040769874,Undefined,Undefined
339,18,0.5,1.0400748622469156,0.8469506943242517,0.4679944170712319,0.5865169421728352,0.5427154152904767,0.8143170506924378,0.44996224219880165,0.5639180057729297,0.04636361938789224,Optimist,Optimist
340,17,0.6470588235294118,0.9790995889625321,0.22113546650500693,0.8190203230540332,0.5412939983220049,0.7072477036487317,0.2258559486674131,0.8365035919603222,0.5528487647467687,-0.012230091926057729,Pessimist,Pessimist
341,15,0.26666666666666666,0.884730576637466,0.3404610725485696,0.5699740752745006,0.7033074086078339,0.3885509072448684,0.38481892854041094,0.6442346295306776,0.7949396428468037,0.02025605444290468,Envious,Undefined
342,13,0.46153846153846156,1.0512157228883472,0.21129802569627687,0.32743456449065667,0.4232124489396205,0.19781730017356314,0.20100348681592112,0.3114817989888784,0.40259334000141395,0.19555334819207626,Envious,Pessimist
343,15,0.2,0.7700179295836611,0.0924150921614314,0.35684576004683227,0.40717159352439686,0.19083076033529478,0.12001680559749961,0.46342526107122495,0.5287819645245785,0.17095059445466865,Envious,Envious
344,15,0.2,0.7700179295836611,0.5055872616982602,0.2257484254947647,0.2738382601910635,0.14716262486505527,0.6565915445262746,0.29317294678686767,0.3556258233352103,-0.01885237484648239,Envious,Undefined
345,15,0.4,1.0190404291509674,0.6058682596141385,0.5228607597583698,0.29334775703243887,0.14013425781847932,0.5945478140832243,0.5130912815637756,0.2878666524318834,-0.04808983469629857,Pessimist,Pessimist
346,15,0.2,0.7700179295836611,0.40717159352439686,0.40717159352439686,0.35684576004683227,0.14274092563899599,0.5287819645245785,0.5287819645245785,0.46342526107122495,0.004564925703880229,Envious,Envious
347,15,0.06666666666666667,0.40144916971772016,0.22002600168808803,0.22002600168808803,0.22002600168808803,0.11271663672563392,0.5480793542126386,0.5480793542126386,0.5480793542126386,0.06345829864830327,Envious,Envious
348,15,0.4,1.0190404291509674,0.2430219235548743,0.4244450915845064,0.5731865932359343,0.04381136194806079,0.23848114029916612,0.4165144771911952,0.562476793696493,-0.045943838617595434,Envious,Pessimist
349,15,0.3333333333333333,0.9663856687507884,0.20577533147278992,0.13780533089586489,0.6776531357587021,0.10233406585323301,0.21293292949882858,0.1425986905145239,0.7012243224122722,0.20093266487100747,Optimist,Optimist
350,15,0.26666666666666666,0.884730576637466,0.4715584071006372,0.3885509072448684,0.884730576637466,0.884730576637466,0.5329966201607459,0.4391742723774811,1.0,0.086595906379481,Envious,Envious
351,15,0.4666666666666667,1.0448814666779354,0.23618129470363813,0.45028612911147436,0.21853712760427768,0.3323609640962357,0.22603644742072593,0.43094469896485055,0.20915016159592537,-0.045943838617595656,Pessimist,Pessimist
352,15,0.6666666666666666,0.9663856687507884,0.6035393326915242,0.502887665736395,0.7346366672435917,0.28654683254729285,0.6245325776319691,0.5203798876554736,0.7601899438277369,0.12053183283575541,Trustful,Optimist
353,15,0.3333333333333333,0.9663856687507884,0.37179033118432736,0.502887665736395,0.42211616466189195,0.4132224678733012,0.38472252145970587,0.5203798876554736,0.4367988664479536,0.011683295453018605,Optimist,Pessimist
354,15,0.8,0.7700179295836611,0.35684576004683227,0.2257484254947647,0.35684576004683227,-0.058562408271262245,0.46342526107122495,0.29317294678686767,0.46342526107122495,-0.04469341237345026,Trustful,Trustful
355,15,0.8666666666666667,0.6145993412492041,0.6145993412492041,0.25175300518993987,0.433176173219572,0.29984283988623867,1.0,0.40962133912841364,0.7048106695642069,0.08522410996133045,Trustful,Optimist
356,15,0.6666666666666666,0.9663856687507884,0.37179033118432736,0.6035393326915242,0.7849625007211563,0.1814734663661045,0.38472252145970587,0.6245325776319691,0.8122662888159846,0.060758702686438015,Pessimist,Pessimist
357,15,0.6,1.0190404291509674,0.7872914276437707,0.555542426136574,0.6058682596141385,0.49017909338016563,0.7725811509752536,0.5451623019505071,0.5945478140832243,0.13771532819330234,Optimist,
358,15,0.3333333333333333,0.9663856687507884,0.42211616466189195,0.5532134992139595,0.5532134992139595,0.05479783104009606,0.4367988664479536,0.5724562326437213,0.5724562326437213,-0.0416150675328848,Envious,Pessimist
359,15,0.4,1.0190404291509674,0.6058682596141385,0.7546097612655664,1.0190404291509674,0.6473003963031124,0.5945478140832243,0.7405101305885221,1.0,0.09701972223140176,Pessimist,Pessimist
360,16,0.125,0.5886486632273765,0.37138397431437964,0.24848022317181628,0.5886486632273765,0.010963406935550757,0.6309093989582809,0.4221197442451953,1.0,0.09235938389499498,Envious,Undefined
361,16,0.375,0.9995182229527452,0.1776399361859744,0.5649888451267513,0.3949046250989713,0.3061320044969831,0.1777255602816286,0.5652611749865641,0.3950949727883465,0.09353165849888112,Pessimist,
362,16,0.1875,0.7412964801529259,0.5712122601251458,0.3539475712121489,0.4706097304728451,0.005441290417284916,0.7705584410805613,0.4774709993754877,0.634846843432685,0.00841435883782915,Envious,Envious
363,16,0.5625,1.0337836283162776,0.6464347193755006,0.25908581043472356,0.6936151882607173,0.4270737816050669,0.6253094957871873,0.2506189915743746,0.670948126147449,-0.0449024049132678,Undefined,Undefined
365,16,0.1875,0.7412964801529259,0.4462122601251458,0.524031791239929,0.7412964801529259,0.39279019935806186,0.6019349505518957,0.7069125582949265,1.0,0.39279019935806186,Envious,Envious
366,16,0.5,1.0450842200277801,0.2703864021462261,0.362651091059223,0.5348315599444398,-0.07397453562420742,0.25872211728451777,0.3470065704844181,0.5117592914475573,0.00371072066761835,Undefined,Undefined
367,16,0.375,0.9995182229527452,0.1776399361859744,0.3642655628694048,0.6121693140119682,0.2330239709875378,0.1777255602816286,0.3644411422468147,0.6124643852950644,0.09807165843805221,Envious,Envious
368,16,0.1875,0.7412964801529259,0.5712122601251458,0.08326082153206815,0.524031791239929,0.3539475712121489,0.7705584410805613,0.11231784280817284,0.7069125582949265,0.39279019935806186,Optimist,Envious
369,16,0.625,0.9995182229527452,0.9995182229527452,0.3949046250989713,0.9995182229527452,0.9995182229527452,1.0,0.3950949727883465,1.0,0.04059137477905217,Optimist,Optimist
370,16,0.875,0.5886486632273765,0.37138397431437964,0.4185644431995964,0.4185644431995964,0.047275163867214864,0.6309093989582809,0.7110598721225977,0.7110598721225977,0.07328801869775525,Trustful,Trustful
371,16,0.375,0.9995182229527452,0.2699046250989713,0.44208509398418805,0.6593497828971849,0.33938631547445064,0.2700347216298144,0.4422981830968466,0.6596675956035645,0.048447438471101,Envious,
372,16,0.0625,0.382374286644794,0.382374286644794,0.382374286644794,0.382374286644794,0.382374286644794,1.0,1.0,1.0,0.026927428889288563,Envious,Envious
373,16,0.1875,0.7412964801529259,0.5712122601251458,0.524031791239929,0.524031791239929,0.12048897786779922,0.7705584410805613,0.7069125582949265,0.7069125582949265,-0.024300461964346654,Envious,Envious
374,16,0.4375,1.0337836283162776,0.5992542504902838,0.5235309682329372,0.8165189394032807,0.5686151882607173,0.5796708654269256,0.5064221892211735,0.7898354327134628,0.05207378160506693,Optimist,Optimist
375,16,0.25,0.856362344486913,0.856362344486913,0.42183296666091913,0.856362344486913,0.46691718668869925,1.0,0.4925870098990155,1.0,0.09807165843805199,Envious,Envious
376,16,0.375,0.9995182229527452,0.3949046250989713,0.3642655628694048,0.7106755948068323,0.3149888451267514,0.3950949727883465,0.3644411422468147,0.7110181470302531,0.09301265860841668,Envious,Envious
377,16,0.125,0.5886486632273765,0.24848022317181628,0.4185644431995964,0.5886486632273765,0.0700581624047324,0.4221197442451953,0.7110598721225977,1.0,0.19920350542916282,Envious,Envious
378,16,0.125,0.5886486632273765,0.4185644431995964,0.24848022317181628,0.5886486632273765,0.37138397431437964,0.7110598721225977,0.4221197442451953,1.0,-0.02927648498902491,Envious,Envious
379,18,0.5555555555555556,1.0311509220851378,0.0401586928077029,0.5356548074464204,0.43924716891810967,0.030883946499489223,0.03894550443352769,0.5194727522167638,0.42597757467926006,-0.04007486224691581,Pessimist,Pessimist
380,18,0.4444444444444444,1.0311509220851378,0.6176678642579732,0.01292397082586616,0.5775930020110575,0.052570586808555086,0.5990082062953098,0.01253353951304432,0.5601439999133008,-0.02874724815312235,Optimist,Optimist
381,18,0.3333333333333333,0.9583706963014053,0.6140605550207145,0.09132971840016035,0.6140605550207145,-0.09314230712883609,0.640733859445546,0.09529686034081053,0.640733859445546,-0.04007486224691548,Envious,Undefined
382,18,0.2777777777777778,0.8924800408963943,0.5826966801898485,0.4789969830692297,0.8924800408963943,0.8924800408963943,0.6528960351926708,0.5367032999282896,1.0,-0.03784379404076976,Envious,Envious
383,18,0.6666666666666666,0.9583706963014053,0.7652465283787413,0.5048127762273249,0.5048127762273249,-0.07467908293885095,0.7984869856017313,0.526740621531444,0.526740621531444,-0.03557797350946201,Pessimist,Pessimist
384,18,0.7777777777777778,0.804279368755536,0.3087832541168185,0.024799529338614734,0.2668450595521813,0.027903590059511374,0.38392536985575026,0.030834471580425002,0.33178155491551586,-0.007060607844056377,Trustful,Trustful
385,18,0.5555555555555556,1.0311509220851378,0.22587144673987458,0.6868407808044471,0.3844688340883936,0.4226803640175878,0.2190479025932785,0.6660914189123303,0.3728540855211975,-0.03286024377239816,Optimist,Pessimist
387,18,0.3333333333333333,0.9583706963014053,0.39370166511621385,0.26975041374002384,0.31168860830466105,0.10013430316375393,0.41080311265318115,0.2814677188910918,0.3252276071331753,-0.021764080426856514,Optimist,
388,18,0.9444444444444444,0.3496182913972408,0.3496182913972408,0.19843231803921405,0.3496182913972408,0.19843231803921405,1.0,0.5675684680174604,1.0,0.06795923217272676,Trustful,Trustful
389,18,0.7777777777777778,0.804279368755536,0.34331003469096333,0.08842436421231781,0.4581058951571238,0.1607013414796884,0.4268542101510922,0.10994235044116214,0.5695855357647088,-0.029551843071399575,Trustful,Optimist
390,18,0.4444444444444444,1.0311509220851378,0.33511922553326423,0.4664818908999464,0.790540477925066,0.11146191725754706,0.32499532159230793,0.45238953959974343,0.7666583629935351,0.2247875095893599,Envious,Envious
391,18,0.5555555555555556,1.0311509220851378,0.3844688340883935,0.45177841831714605,0.6596060588226104,0.5010086714740913,0.37285408552119736,0.4381302568236899,0.6396794539918469,-0.012933737612623064,Optimist,Pessimist
392,18,0.6111111111111112,1.0041536270551445,0.39754640130531604,0.5086575124164271,0.48142279043459024,0.360575599779297,0.39590197216255657,0.5065534781845621,0.4794314111541343,0.3108329270407937,Optimist,Optimist
393,18,0.2777777777777778,0.8924800408963943,0.15637348209760493,0.24579795289965012,0.5481698996157036,0.17010320186287886,0.17521230160009588,0.27541002782849255,0.6142097016143123,0.0043318274757112585,Envious,Envious
394,17,0.29411764705882354,0.9164132552123273,0.5074444290231566,0.5230128117578865,0.551849576209243,0.35508616633004275,0.5537288184527458,0.5707172051289324,0.6021841926341222,0.18230898460889688,Envious,Optimist
395,18,0.6111111111111112,1.0041536270551445,0.6598434857744538,0.43948459586995314,0.5487323746633428,0.1425413754284861,0.6571140789577784,0.43766669165834543,0.5464625729357728,-0.010046597011293734,Optimist,Optimist
396,15,0.26666666666666666,0.884730576637466,0.3885509072448684,0.4715584071006372,0.438876740722433,0.17221007405576638,0.4391742723774811,0.5329966201607459,0.4960569379103425,-0.04771394613402036,Envious,Envious
397,15,0.6,1.0190404291509674,0.7872914276437707,0.555542426136574,0.2911117582511731,0.23412822676628364,0.7725811509752536,0.5451623019505071,0.2856724325390292,-0.0372901302820996,Pessimist,Pessimist
398,15,0.5333333333333333,1.0448814666779354,0.49837596380777316,0.3496344621563452,0.45028612911147436,0.15093779606660362,0.47696890001532394,0.33461638789322434,0.43094469896485055,0.11323053224270585,Pessimist,Pessimist
399,15,0.2,0.7700179295836611,0.39827789673580616,0.19083076033529478,0.2738382601910635,0.262154964738045,0.5172319778984237,0.2478263855991958,0.3556258233352103,-0.01885237484648239,Envious,
400,15,0.3333333333333333,0.9663856687507884,0.502887665736395,0.28878283132855864,0.7849625007211563,0.251075567504661,0.5203798876554736,0.2988277254792672,0.8122662888159846,-0.0416150675328848,Envious,Envious
401,15,0.4666666666666667,1.0448814666779354,0.26886296108184227,0.03711395957464547,0.45028612911147436,0.10061196258903893,0.25731431713173847,0.03551977976281317,0.43094469896485055,-0.04440466619731276,Optimist,Optimist
402,15,0.26666666666666666,0.884730576637466,0.7033074086078339,0.4145748756157477,0.6202999087520651,0.328777777095551,0.7949396428468037,0.46858884112651966,0.7011172950635388,-0.016384687498262607,Optimist,Optimist
403,15,0.4666666666666667,1.0448814666779354,0.21853712760427768,0.45028612911147436,0.7804507987925344,-0.10790266921170621,0.20915016159592537,0.43094469896485055,0.7469275929200622,-0.04440466619731276,Undefined,Undefined
404,15,0.6,1.0190404291509674,0.49855889465168446,0.29334775703243887,0.39176342520630225,-0.001578876786372696,0.4892434886681269,0.2878666524318834,0.38444345680446385,-0.04808983469629857,Undefined,Trustful
405,15,0.5333333333333333,1.0448814666779354,0.3999602956339098,0.7804507987925344,0.7804507987925344,0.3489376357953622,0.38278054342903745,0.7469275929200622,0.7469275929200622,0.03040596323084821,Optimist,Envious
406,15,0.4,1.0190404291509674,0.8376172611213353,0.555542426136574,0.6058682596141385,0.8376172611213353,0.8219666631079708,0.5451623019505071,0.5945478140832243,0.36089679023364074,Optimist,Envious
407,15,0.4,1.0190404291509674,0.5228607597583698,0.3741192581069418,0.39176342520630225,0.014997794912753548,0.5130912815637756,0.36712896505847786,0.38444345680446385,0.09701972223140176,Undefined,Envious
408,15,0.7333333333333333,0.884730576637466,0.290135239071005,0.4212325736230726,0.3885509072448684,-0.002555395966540752,0.3279362630075495,0.47611395462788453,0.4391742723774811,0.0034054756798009844,Trustful,
409,15,0.6666666666666666,0.9663856687507884,0.502887665736395,0.23845699785099406,0.9663856687507884,0.4607587026864379,0.5203798876554736,0.24675138049101944,1.0,0.08522410996133034,Optimist,Optimist
410,15,0.5333333333333333,1.0448814666779354,0.465694297429569,0.6317092971411065,0.6317092971411065,0.30526950032512257,0.4456910303043114,0.6045750807979626,0.6045750807979626,-0.045943838617595656,Envious,
411,14,0.35714285714285715,0.9918107815595227,0.5491263141986347,0.3547443484526003,0.5141102430791302,0.44767189065350543,0.5536603598270919,0.3576734141716028,0.5183551667695562,-0.03541321651870155,Envious,Envious
412,16,0.4375,1.0337836283162776,0.25908581043472356,0.2119053415495068,0.6936151882607173,-0.03809465845049331,0.2506189915743746,0.2049803612141129,0.670948126147449,-0.03822893327345045,Undefined,Envious
413,16,0.625,0.9995182229527452,0.4892655628694048,0.3642655628694048,0.31708509398418805,0.013663033217104048,0.48950139340534676,0.3644411422468147,0.3172379319383145,0.003710720667618461,Undefined,Undefined
414,16,0.5625,1.0337836283162776,0.5686151882607173,0.6464347193755006,0.8636994082884974,0.25174874663313895,0.5500330752836745,0.6253094957871873,0.8354740630737245,0.2661939044313527,Optimist,Envious
415,16,0.5625,1.0337836283162776,0.4291700304625037,0.1584832807824228,0.47635049934772045,0.11689112906565136,0.4151449285006501,0.153304111654916,0.46078355886091177,-0.03360181320176525,Envious,Pessimist
416,16,0.5,1.0450842200277801,0.1168435887740964,0.6577353110870031,0.875,0.526493719205136,0.11180303609501491,0.6293610586422589,0.8372530971491857,0.00371072066761835,Envious,Undefined
417,13,0.6153846153846154,1.0167248755262976,0.3306533321803812,0.33065333218038107,0.5980560262271466,0.2826817592956178,0.3252141657390075,0.3252141657390074,0.5882181508715116,0.07523052760177085,Pessimist,Pessimist
418,16,0.5625,1.0337836283162776,0.25908581043472356,0.22010890746585332,0.5214347193755006,0.39019312749363344,0.2506189915743746,0.2129158379344278,0.5043944449234129,-0.03360181320176525,Optimist,Optimist
419,16,0.75,0.856362344486913,0.46901343554613595,0.42183296666091913,0.856362344486913,0.16397690296887024,0.5476810588012765,0.4925870098990155,1.0,-0.040587394148873135,Pessimist,
420,16,0.3125,0.9411224525623375,0.4287735436215605,0.38159307473634374,0.7238577636493406,-0.04525173706376806,0.4555980387612309,0.4054659132798322,0.7691430181891172,-0.04421373728283917,Undefined,Undefined
421,16,0.25,0.856362344486913,0.29892921551835583,0.46901343554613595,0.6390976555739161,0.36055484220178635,0.3490686126530451,0.5476810588012765,0.7462935049495077,-0.009204342854065906,Envious,Envious
422,16,0.8125,0.7412964801529259,0.3067671023269321,0.23518916309401616,0.524031791239929,0.1485127913494647,0.4138251165898528,0.31726734092342884,0.7069125582949265,0.2651749506101608,Trustful,
423,16,0.25,0.856362344486913,0.25174874663313906,0.29892921551835583,0.856362344486913,0.29059137477905195,0.29397456375078423,0.3490686126530451,1.0,0.017194681369072096,Envious,Envious
424,16,0.5625,1.0337836283162776,0.8636994082884974,0.4291700304625037,0.7858798771737143,0.7449410001703647,0.8354740630737245,0.4151449285006501,0.7601976425702118,0.04844743847110089,Optimist,Optimist
425,16,0.5,1.0450842200277801,0.6105548422017864,0.4611573718540871,0.40983155994443976,0.39263687857536766,0.5842159229861463,0.44126335755201507,0.3921517061405307,0.07917179090697912,Optimist,Envious
426,18,0.3333333333333333,0.9583706963014053,0.35176347055157675,0.07662624581736,0.8071847229433785,-0.07145566681977,0.3670432244110978,0.07995470449282313,0.8422468738438147,0.310832927040794,Envious,Undefined
427,18,0.5,1.0400748622469156,0.20026860632750743,0.6957647209662249,0.6957647209662249,0.7777777777777777,0.19255210715780505,0.6689563859500809,0.6689563859500809,0.31726977694917347,Pessimist,Pessimist
428,18,0.6111111111111112,1.0041536270551445,0.8110294591324807,0.4247811232871528,0.6598434857744538,0.09916809481035427,0.8076746797309948,0.42302403919298426,0.6571140789577784,0.04636361938789202,Pessimist,Trustful
429,18,0.7222222222222222,0.8924800408963943,0.5901080941803407,0.4315107068318217,0.5481698996157036,0.24890201362054676,0.6612003262141801,0.4834961982997608,0.6142097016143123,-0.03993103264261577,Trustful,Optimist
431,18,0.4444444444444444,1.0311509220851378,0.14940647160109255,0.3425306395237565,0.6868407808044471,-0.020362081345103533,0.14489292343255714,0.3321828378246605,0.6660914189123303,-0.003684749355049366,Envious,Pessimist
432,18,0.8333333333333334,0.6900972838952698,0.22912794983069718,0.38772533717921626,0.15266297469191525,-0.007369498710098621,0.33202268024789094,0.5618415638309598,0.22121949796730922,-0.037919607557491575,Trustful,Trustful
434,16,0.625,0.9995182229527452,0.24136181172684157,0.44208509398418805,0.9995182229527452,0.04478387249392557,0.24147815035709716,0.4422981830968466,1.0,-0.04508422002778001,Pessimist,Pessimist
435,16,0.3125,0.9411224525623375,0.7710382325345574,0.2586893235937804,0.7710382325345574,0.6242560109347592,0.8192751436705159,0.2748731824317468,0.8192751436705159,0.07725552723785223,Optimist,
436,16,0.8125,0.7412964801529259,0.2761280400973657,0.5712122601251458,0.524031791239929,0.14488644821549856,0.3724933916324569,0.7705584410805613,0.7069125582949265,-0.044750914056776225,Trustful,Trustful
437,16,0.8125,0.7412964801529259,0.3539475712121489,0.058863351184368806,0.2761280400973657,0.3067671023269321,0.4774709993754877,0.07940594992738341,0.3724933916324569,-0.044750914056776225,Trustful,Optimist
438,16,0.375,0.9995182229527452,0.2392655628694048,0.3108435021023209,0.44208509398418805,-0.08331315330123068,0.23938089108828256,0.31099333155131165,0.4422981830968466,0.013644856333631439,Undefined,
439,15,1.0,0.0,0.0,0.0,0.0,0.0,0.0,0.0,0.0,0.0,Trustful,Trustful
440,15,0.6,1.0190404291509674,0.6058682596141385,0.25843009187296895,0.6058682596141385,0.0681132270547461,0.5945478140832243,0.25360141215229787,0.5945478140832243,0.086595906379481,Undefined,Trustful
441,15,0.6,1.0190404291509674,0.29334775703243887,0.2911117582511731,1.0190404291509674,0.04102176328363294,0.2878666524318834,0.2856724325390292,1.0,-0.013262172239391301,Undefined,Undefined
442,15,0.4,1.0190404291509674,0.6058682596141385,0.7872914276437707,0.8376172611213353,0.5111774643053513,0.5945478140832243,0.7725811509752536,0.8219666631079708,-0.013262172239391301,Envious,Envious
443,15,0.26666666666666666,0.884730576637466,0.884730576637466,0.1590379045189375,0.884730576637466,0.4693224083193714,1.0,0.17975857138721466,1.0,0.0034054756798009844,Envious,Envious
444,15,0.9333333333333333,0.40144916971772016,0.40144916971772016,0.22002600168808803,0.40144916971772016,0.13701850183231928,1.0,0.5480793542126386,1.0,0.06345829864830327,Trustful,Trustful
445,15,0.6666666666666666,0.9663856687507884,0.9663856687507884,0.7346366672435917,0.7849625007211563,0.2798891345399679,1.0,0.7601899438277369,0.8122662888159846,0.12053183283575541,Optimist,Optimist
446,15,0.5333333333333333,1.0448814666779354,0.054758126674006036,0.6731414338300804,0.73012496531497,-0.05478723706971378,0.05240606558761385,0.6442275562320442,0.6987634373842492,-0.01885237484648239,Undefined,Undefined
447,15,0.8666666666666667,0.6145993412492041,0.6145993412492041,0.433176173219572,0.20142717171237529,0.0941178067499212,1.0,0.7048106695642069,0.3277373700124123,-0.020218951741605373,Trustful,Trustful
448,15,0.6,1.0190404291509674,0.7872914276437707,0.4244450915845064,0.7872914276437707,0.371883259325676,0.7725811509752536,0.4165144771911952,0.7725811509752536,0.09701972223140176,Optimist,Optimist
449,15,0.4,1.0190404291509674,0.4658772282734803,0.5731865932359343,0.8376172611213353,0.3828697284177116,0.4571724682813955,0.562476793696493,0.8219666631079708,-0.013262172239391301,Envious,Envious
450,15,0.4666666666666667,1.0448814666779354,0.45028612911147436,0.5487017972853377,0.8634582986483033,0.2996792977180316,0.43094469896485055,0.525133055551137,0.8263696181668879,0.0034054756798009844,Envious,Envious
452,15,0.4666666666666667,1.0448814666779354,0.6820351306186712,0.6317092971411065,0.8634582986483033,0.49837596380777316,0.6527392363337758,0.6045750807979626,0.8263696181668879,0.0034054756798009844,Optimist,Pessimist
453,15,0.8666666666666667,0.6145993412492041,0.25175300518993987,0.1687455053341711,0.38285033974200744,0.16371990788847757,0.40962133912841364,0.274561806381353,0.6229267004482055,-0.020218951741605373,Trustful,
454,15,0.4666666666666667,1.0448814666779354,0.03711395957464547,0.45028612911147436,1.0448814666779354,-0.04812953906238904,0.03551977976281317,0.43094469896485055,1.0,-0.04692035779776349,Pessimist,Undefined
455,15,0.5333333333333333,1.0448814666779354,0.500611962589039,0.45028612911147436,0.8634582986483033,0.13329362896724317,0.47910885450066365,0.43094469896485055,0.8263696181668879,-0.022248797169330592,Pessimist,Pessimist
456,15,0.7333333333333333,0.884730576637466,0.7033074086078339,0.5218842405782018,0.2071277392152363,-0.10590665888353523,0.7949396428468037,0.5898792856936074,0.2341139152242848,-0.0372901302820996,Trustful,Trustful
457,15,0.5333333333333333,1.0448814666779354,0.73012496531497,0.5487017972853377,0.6317092971411065,0.4917182658004482,0.6987634373842492,0.525133055551137,0.6045750807979626,0.03040596323084821,Optimist,Optimist
458,15,0.3333333333333333,0.9663856687507884,0.3214644977067628,0.6035393326915242,0.3214644977067628,-0.06964180550464638,0.33264617647145805,0.6245325776319691,0.33264617647145805,-0.04097146494716064,Undefined,Undefined
459,15,0.6666666666666666,0.9663856687507884,0.28878283132855864,0.6035393326915242,0.9663856687507884,0.3302149680175326,0.2988277254792672,0.6245325776319691,1.0,-0.048089834696298794,Pessimist,
460,15,1.0,0.0,0.0,0.0,0.0,0.0,0.0,0.0,0.0,0.0,Trustful,Trustful
461,15,0.3333333333333333,0.9663856687507884,0.5205318328357553,0.28878283132855864,0.7346366672435917,0.7019550008653874,0.5386377816515304,0.2988277254792672,0.7601899438277369,0.011683295453018605,Optimist,Envious
462,15,0.5333333333333333,1.0448814666779354,0.36727862925570565,0.41536846395200444,0.581383463663542,-0.09845537253995351,0.3515026737180249,0.3975268747684983,0.5564109252621496,0.13771532819330246,Undefined,Undefined
463,15,0.5333333333333333,1.0448814666779354,0.45028612911147436,0.26886296108184227,0.6317092971411065,0.2725878339469183,0.43094469896485055,0.25731431713173847,0.6045750807979626,0.03040596323084821,Optimist,Optimist
464,15,0.4666666666666667,1.0448814666779354,0.581383463663542,0.3999602956339098,0.3999602956339098,0.06965239947502877,0.5564109252621496,0.38278054342903745,0.38278054342903745,-0.020102801090627453,Undefined,Pessimist
465,15,0.5333333333333333,1.0448814666779354,0.03711395957464547,0.26886296108184227,0.8634582986483033,0.17039699457150648,0.03551977976281317,0.25731431713173847,0.8263696181668879,-0.04440466619731276,Undefined,Undefined
466,15,0.6,1.0190404291509674,0.6058682596141385,0.4244450915845064,0.5731865932359343,0.23412822676628353,0.5945478140832243,0.4165144771911952,0.562476793696493,-0.045943838617595434,Undefined,Undefined
467,17,0.5294117647058824,1.0399347534540846,0.7197762216370867,0.6753710744510003,0.7197762216370867,0.6445613698985269,0.6921359433814387,0.649436007603163,0.6921359433814387,-0.038847128494663874,Optimist,Optimist
468,17,0.29411764705882354,0.9164132552123273,0.5074444290231566,0.47860766457180004,0.39177031030074405,0.059818518762167705,0.5537288184527458,0.5222618309475561,0.4275039760418713,-0.04226015732663202,Envious,
469,17,0.7058823529411765,0.9164132552123273,0.23169104439224508,0.551849576209243,0.711928842117742,0.004117929960571365,0.25282375944962043,0.6021841926341222,0.7768644092263729,-0.04226015732663202,Trustful,Trustful
470,17,0.47058823529411764,1.0399347534540846,0.1199184249869436,0.5152918085425013,0.6753710744510003,0.06766589828151237,0.11531341229691702,0.4955039792938823,0.649436007603163,-0.018762399653720507,Undefined,Undefined
471,17,0.47058823529411764,1.0399347534540846,0.470886661356415,0.6021291628135573,0.3976447497189719,0.18182051412375388,0.45280404351560666,0.5790066740375964,0.38237470995003997,0.17865887853491458,Optimist,Pessimist
472,17,0.6470588235294118,0.9790995889625321,0.3079728207760629,0.17673031931892058,0.4544566440509489,0.20297929688005756,0.3145469819902542,0.1805029042103741,0.4641577314239276,0.17522874204791372,Undefined,Pessimist
473,17,0.6470588235294118,0.9790995889625321,0.9790995889625321,0.28652999862310524,0.3812147324135059,0.04544343697665554,1.0,0.2926464292837836,0.3893523567070909,-0.03171708163293141,Undefined,
474,17,0.058823529411764705,0.3651891659823677,0.3651891659823677,0.1318679884364258,0.3651891659823677,0.16070475288778238,1.0,0.36109501792501897,1.0,0.07912699124585165,Envious,Envious
475,17,0.29411764705882354,0.9164132552123273,0.5230128117578865,0.551849576209243,0.9164132552123273,0.61818601603343,0.5707172051289324,0.6021841926341222,1.0,0.0945297226317523,Envious,Envious
476,17,0.23529411764705882,0.8295587932862386,0.2741061438221819,0.260510701188569,0.6694795273777396,0.36291643819435476,0.33042401098098156,0.31403524776896674,0.807030837109982,0.0002813184072646413,Envious,Envious
477,17,0.47058823529411764,1.0399347534540846,0.470886661356415,0.44204989690505836,0.7197762216370867,0.24146698312758408,0.45280404351560666,0.4250746457283157,0.6921359433814387,0.028520343724551367,Optimist,Pessimist
478,17,0.47058823529411764,1.0399347534540846,0.470886661356415,0.5152918085425013,0.6753710744510003,0.31606698807704126,0.45280404351560666,0.4955039792938823,0.649436007603163,-0.021759242879763052,Envious,Envious
479,15,0.3333333333333333,0.9663856687507884,0.6035393326915242,0.7346366672435917,0.6035393326915242,0.1730936650945858,0.6245325776319691,0.7601899438277369,0.6245325776319691,0.060758702686438015,Envious,Undefined
480,14,0.2857142857142857,0.9146453914555226,0.9146453914555226,0.666342889840669,0.9146453914555226,0.4719609240946346,1.0,0.7285259359152109,1.0,-0.049691503618221944,Pessimist,Pessimist
481,15,0.6,1.0190404291509674,0.4244450915845064,0.39176342520630225,0.555542426136574,0.3828697284177116,0.4165144771911952,0.38444345680446385,0.5451623019505071,0.13771532819330234,Optimist,
482,15,0.4,1.0190404291509674,0.6058682596141385,0.8376172611213353,0.4244450915845064,0.1074525914402753,0.5945478140832243,0.8219666631079708,0.4165144771911952,-0.013262172239391301,Envious,Undefined
483,15,0.2,0.7700179295836611,0.588594761554029,0.5055872616982602,0.35684576004683227,0.08738949471573787,0.7643909822622893,0.6565915445262746,0.46342526107122495,0.004564925703880229,Envious,
484,15,0.0,0.0,0.0,0.0,0.0,0.0,0.0,0.0,0.0,0.0,Envious,
485,15,0.3333333333333333,0.9663856687507884,0.14004132967713068,0.33910866480612323,0.5532134992139595,0.13780533089586489,0.14491246528744267,0.350904070467515,0.5724562326437213,-0.048089834696298794,Envious,Envious
486,15,0.6,1.0190404291509674,0.6058682596141385,0.16001442369910557,0.3741192581069418,0.2794284627981546,0.5945478140832243,0.1570246077797174,0.36712896505847786,0.24199510603823393,Optimist,Optimist
487,15,0.6,1.0190404291509674,0.5731865932359343,0.8376172611213353,0.555542426136574,0.2601521951371628,0.562476793696493,0.8219666631079708,0.5451623019505071,-0.022435561847166996,Pessimist,Pessimist
488,15,0.06666666666666667,0.40144916971772016,0.22002600168808803,0.16970016821052344,0.40144916971772016,0.16970016821052344,0.5480793542126386,0.4227189418023918,1.0,0.06345829864830327,Envious,Envious
489,15,0.4666666666666667,1.0448814666779354,0.8634582986483033,0.18585546122607355,0.6820351306186712,0.6294732983598408,0.8263696181668879,0.17787229188491285,0.6527392363337758,-0.04161506753288502,Optimist,Optimist
490,15,0.8,0.7700179295836611,0.5382689280764644,0.5382689280764644,0.40717159352439686,-0.03919613790770804,0.6990342788089358,0.6990342788089358,0.5287819645245785,-0.04413075913333575,Trustful,Trustful
491,15,0.26666666666666666,0.884730576637466,0.4715584071006372,0.884730576637466,0.5218842405782018,0.3642490421381831,0.5329966201607459,1.0,0.5898792856936074,-0.04692035779776349,Envious,Envious
492,15,0.8666666666666667,0.6145993412492041,0.6145993412492041,0.38285033974200744,0.433176173219572,0.1687455053341711,1.0,0.6229267004482055,0.7048106695642069,-0.047595327854931035,Trustful,Trustful
493,15,0.6666666666666666,0.9663856687507884,0.9663856687507884,0.37179033118432736,0.5532134992139595,0.28654683254729285,1.0,0.38472252145970587,0.5724562326437213,-0.022248797169330703,Optimist,Optimist
494,15,0.6,1.0190404291509674,0.555542426136574,0.4725349262808052,0.6058682596141385,0.10745259144027508,0.5451623019505071,0.4637057694310583,0.5945478140832243,-0.028116740674323903,Undefined,Trustful
495,18,0.4444444444444444,1.0311509220851378,0.4664818908999464,0.3844688340883936,0.14199505761060038,0.11844508498381279,0.45238953959974343,0.3728540855211975,0.13770540720020463,0.3788788371352292,Undefined,Undefined
496,18,0.6666666666666666,0.9583706963014053,0.26975041374002384,0.35176347055157675,0.20057749719355,0.16174336334980943,0.2814677188910918,0.3670432244110978,0.2092900982549125,0.08108121927441991,Trustful,Trustful
497,18,0.5,1.0400748622469156,0.6538265264015878,0.5846536098551138,0.4754058310617242,0.22738397291115997,0.6286341013848753,0.5621264690428756,0.4570880888657244,0.0005806886341526152,Pessimist,Pessimist
498,18,0.5,1.0400748622469156,0.36615805226833453,0.2804183308213388,0.5173440256263614,-0.02936502988520684,0.3520497086885732,0.2696136028281078,0.49741037343093003,-0.030682044385042406,Optimist,Optimist
499,18,0.16666666666666666,0.6900972838952698,0.22912794983069723,0.5389113105372431,0.4969731159726059,0.09633019841052015,0.332022680247891,0.78092078191548,0.7201493580259146,-0.011173603463332404,Envious,Envious
500,18,0.5,1.0400748622469156,0.4334676364970871,0.23479538690165236,0.3933927742501714,0.11949627791912987,0.4167658043005188,0.22574854505608802,0.3782350564653674,-0.04007486224691581,Optimist,
501,18,0.8888888888888888,0.5433331970225614,0.171788333760034,0.12985013919539684,0.15708486117723364,0.02983519142982738,0.31617492673266684,0.23898804620621208,0.2891133139628699,0.12115608152133567,Trustful,Trustful
502,18,0.6111111111111112,1.0041536270551445,0.701781680339091,0.12240917657109929,0.8529676536971178,0.3066868444497761,0.6988787984535674,0.12190283764655167,0.8494393992267837,-0.010046597011293734,Optimist,Optimist
503,18,0.4444444444444444,1.0311509220851378,0.5356548074464204,0.3005924449591193,0.3844688340883936,-0.03828897004698484,0.5194727522167638,0.2915115901281235,0.3728540855211975,-0.02874724815312235,Undefined,Pessimist
504,18,1.0,0.0,0.0,0.0,0.0,0.0,0.0,0.0,0.0,0.0,Trustful,Trustful
505,16,0.25,0.856362344486913,0.6390976555739161,0.25174874663313906,0.26829015328878947,0.07432746280377434,0.7462935049495077,0.29397456375078423,0.31329046053459386,-0.04128637922764722,Envious,Undefined
506,16,0.4375,1.0337836283162776,0.25908581043472356,0.6464347193755006,0.47635049934772045,0.09249365871795212,0.2506189915743746,0.6253094957871873,0.46078355886091177,0.1361349046017174,Undefined,Undefined
507,15,0.8,0.7700179295836611,0.588594761554029,0.35684576004683227,0.5382689280764644,0.12286075975836974,0.7643909822622893,0.46342526107122495,0.6990342788089358,0.10200407469757566,Trustful,Trustful
508,16,0.625,0.9995182229527452,0.829434002924965,0.3642655628694048,0.6121693140119682,0.704434002924965,0.8298337978017822,0.3644411422468147,0.6124643852950644,0.04059137477905217,Optimist,Optimist
509,16,0.6875,0.9411224525623375,0.5065930747363436,0.7710382325345574,0.6009540125067773,0.30586979247899715,0.5382860363782345,0.8192751436705159,0.6385502873410319,0.00035148285447661465,Optimist,Pessimist
510,16,0.375,0.9995182229527452,0.7822535340397483,0.7822535340397483,0.4892655628694048,0.5245689680138661,0.7826305874932821,0.7826305874932821,0.48950139340534676,0.11378378582214987,Optimist,Optimist
511,16,0.375,0.9995182229527452,0.0691813428416247,0.3949046250989713,0.829434002924965,0.03644603175462169,0.06921468889006481,0.3950949727883465,0.8298337978017822,0.013644856333631439,Pessimist,Pessimist
512,16,0.5,1.0450842200277801,0.487651091059223,0.139144810264359,0.6577353110870031,0.20491577997221988,0.46661415579144466,0.13314219810979472,0.6293610586422589,0.1603505598349042,Optimist,
513,16,0.25,0.856362344486913,0.46901343554613595,0.46901343554613595,0.6862781244591328,0.015846402207055132,0.5476810588012765,0.5476810588012765,0.8013875538517686,0.16113666504619284,Envious,
514,16,0.1875,0.7412964801529259,0.15322428895480245,0.23104382006958557,0.7412964801529259,0.39279019935806186,0.20669771549865312,0.31167532324168373,1.0,0.1796708534694954,Envious,Envious
515,16,0.25,0.856362344486913,0.5161939044313527,0.3911939044313527,0.46901343554613595,0.2968329666609192,0.6027751077035374,0.4568088577805642,0.5476810588012765,-0.040587394148873135,Envious,Envious
516,16,0.5625,1.0337836283162776,0.7386994082884974,0.4291700304625037,0.3985309682329372,0.0318688089722412,0.7145590122099501,0.4151449285006501,0.385507138357399,-0.0449024049132678,Optimist,Optimist
517,16,0.625,0.9995182229527452,0.6121693140119682,0.4892655628694048,0.9995182229527452,0.48716931401196817,0.6124643852950644,0.48950139340534676,1.0,0.16035055983490432,Optimist,Optimist
518,16,0.25,0.856362344486913,0.25174874663313906,0.46901343554613595,0.856362344486913,0.055170807400223065,0.29397456375078423,0.5476810588012765,1.0,-0.04508422002778012,Envious,Pessimist
519,15,0.5333333333333333,1.0448814666779354,0.23618129470363813,0.3999602956339098,0.6317092971411065,0.2140651300417461,0.22603644742072593,0.38278054342903745,0.6045750807979626,0.03688073039426221,Envious,Pessimist
520,16,0.375,0.9995182229527452,0.27200087395640793,0.26366303321710416,0.9995182229527452,-0.07236006381402571,0.2721319808986289,0.26379012124281154,1.0,-0.03822893327345056,Envious,Undefined
521,16,0.5,1.0450842200277801,0.6270962488574368,0.487651091059223,0.875,0.5,0.6000437446474577,0.46661415579144466,0.8372530971491857,-0.031902051185271674,Optimist,Optimist
522,16,0.25,0.856362344486913,0.5161939044313527,0.46901343554613595,0.6862781244591328,0.5856755948068322,0.6027751077035374,0.5476810588012765,0.8013875538517686,-0.007504580837572328,Envious,Envious
523,15,0.4,1.0190404291509674,0.4244450915845064,0.6058682596141385,0.8376172611213353,0.25843009187296895,0.4165144771911952,0.5945478140832243,0.8219666631079708,-0.013262172239391301,Optimist,Optimist
524,15,0.6,1.0190404291509674,0.3741192581069418,0.7546097612655664,0.3741192581069418,0.0476794612909579,0.36712896505847786,0.7405101305885221,0.36712896505847786,0.06820615519609474,Undefined,Pessimist
525,15,0.6666666666666666,0.9663856687507884,0.3214644977067628,0.5532134992139595,0.28878283132855864,0.13114763288854003,0.33264617647145805,0.5724562326437213,0.2988277254792672,0.07020599935819072,Trustful,Pessimist
526,15,0.4,1.0190404291509674,0.10968859022154098,0.34143759172873767,0.6561940930917032,0.04381136194806079,0.10763909564700008,0.33505794467174654,0.6439333262159418,0.5382689280764644,Envious,Pessimist
527,14,0.5714285714285714,1.036752958923143,0.8423709931771086,0.15138402420136698,0.7884504573082894,0.3592858860049015,0.8125088874133183,0.14601745082898718,0.7604998380011754,-0.04409810316963925,Optimist,Optimist
528,15,0.6,1.0190404291509674,0.704283927788002,0.21034025717667015,0.2430219235548743,0.15112072691051492,0.6911246184558049,0.20641011991243477,0.23848114029916612,0.011683295453018383,Optimist,Optimist
529,15,0.3333333333333333,0.9663856687507884,0.3214644977067628,0.6035393326915242,0.3214644977067628,-0.12662533698953604,0.33264617647145805,0.6245325776319691,0.33264617647145805,-0.048089834696298794,Pessimist,Pessimist
530,15,0.26666666666666666,0.884730576637466,0.4715584071006372,0.5218842405782018,0.7033074086078339,-0.002555395966540752,0.5329966201607459,0.5898792856936074,0.7949396428468037,0.03887674072243308,Envious,Undefined
531,15,0.4,1.0190404291509674,0.6561940930917032,0.47477092506207097,0.5731865932359343,0.14833112824608696,0.6439333262159418,0.4658999893239126,0.562476793696493,0.011683295453018383,Optimist,Undefined
532,15,0.4666666666666667,1.0448814666779354,0.36504263047443986,0.7804507987925344,0.8634582986483033,0.8131324651707387,0.3493627192326852,0.7469275929200622,0.8263696181668879,0.11323053224270585,Envious,
533,15,0.6,1.0190404291509674,0.18603839206998485,0.14237025659974512,0.7872914276437707,0.0476794612909579,0.18256232701678599,0.13971011603373143,0.7725811509752536,-0.045943838617595434,Undefined,Undefined
534,15,0.2,0.7700179295836611,0.7700179295836611,0.35684576004683227,0.588594761554029,0.7700179295836611,1.0,0.46342526107122495,0.7643909822622893,0.13440082873356718,Optimist,Optimist
536,15,0.4666666666666667,1.0448814666779354,0.6820351306186712,0.31918879455940685,0.6317092971411065,0.09395426458171408,0.6527392363337758,0.30547847266755157,0.6045750807979626,-0.020102801090627453,Undefined,Undefined
537,15,0.3333333333333333,0.9663856687507884,0.5532134992139595,0.2711386642291982,0.5532134992139595,0.3340830673604297,0.5724562326437213,0.2805698314832103,0.5724562326437213,0.060758702686438015,Optimist,Pessimist
538,15,0.4,1.0190404291509674,0.34143759172873767,1.0190404291509674,0.5228607597583698,1.0190404291509674,0.33505794467174654,1.0,0.5130912815637756,-0.022435561847166996,Pessimist,Pessimist
540,15,0.6,1.0190404291509674,0.4244450915845064,0.011272922047677492,0.6058682596141385,0.20810425839540436,0.4165144771911952,0.011062291274419541,0.5945478140832243,-0.04808983469629857,Pessimist,Trustful
541,16,0.375,0.9995182229527452,0.6121693140119682,0.3949046250989713,0.4892655628694048,0.13866303321710405,0.6124643852950644,0.3950949727883465,0.48950139340534676,-0.01645702912199798,Envious,Pessimist
542,16,0.8125,0.7412964801529259,0.524031791239929,0.3539475712121489,0.4011280400973657,0.14488644821549856,0.7069125582949265,0.4774709993754877,0.5411168821611225,0.3212122601251458,Trustful,
543,16,0.75,0.856362344486913,0.2045682777479222,0.29892921551835583,0.42183296666091913,0.13857865568345173,0.23888051484852324,0.3490686126530451,0.4925870098990155,0.017194681369072096,Trustful,Trustful
544,16,0.375,0.9995182229527452,0.5815302517824017,0.07127759169906145,0.829434002924965,0.11426556286940481,0.5818105547535325,0.07131194815887942,0.8298337978017822,0.003710720667618461,Optimist,Pessimist
545,16,0.5,1.0450842200277801,0.75,0.362651091059223,0.6270962488574368,0.15983155994443976,0.7176455118421592,0.3470065704844181,0.6000437446474577,-0.03360181320176525,Undefined,Undefined
546,16,0.75,0.856362344486913,0.2211096844035726,0.25174874663313906,0.5161939044313527,0.0426876236364887,0.2581964116323328,0.29397456375078423,0.6027751077035374,0.017194681369072096,Trustful,Trustful
547,16,0.4375,1.0337836283162776,0.20566374966763967,0.18336252817737697,0.6936151882607173,0.05002468743807331,0.1989427420151778,0.1773703153686225,0.670948126147449,-0.03822893327345045,Optimist,Optimist
548,16,0.8125,0.7412964801529259,0.3067671023269321,0.5712122601251458,0.7412964801529259,0.49339272901036263,0.4138251165898528,0.7705584410805613,1.0,0.21899525866266334,Trustful,Trustful
549,16,0.1875,0.7412964801529259,0.5712122601251458,0.3539475712121489,0.524031791239929,0.39279019935806186,0.7705584410805613,0.4774709993754877,0.7069125582949265,-0.04383542732536849,Optimist,Envious
551,16,0.5,1.0450842200277801,0.75,0.6577353110870031,0.487651091059223,0.03483155994443976,0.7176455118421592,0.6293610586422589,0.46661415579144466,-0.04508422002778012,Optimist,
552,16,0.625,0.9995182229527452,0.9995182229527452,0.3949046250989713,0.7822535340397483,0.4031081910153178,1.0,0.3950949727883465,0.7826305874932821,0.24865172083798315,Optimist,Optimist
553,16,0.3125,0.9411224525623375,0.2586893235937804,0.7710382325345574,0.7710382325345574,0.18711138436086439,0.2748731824317468,0.8192751436705159,0.8192751436705159,-0.04320264289677411,Envious,Envious
554,14,0.6428571428571429,0.9918107815595227,0.49520577832981555,0.7974288158134883,0.7974288158134883,0.0969128859928281,0.49929461096516237,0.8040130543445109,0.8040130543445109,0.050718740720959166,Undefined,Trustful
555,16,0.5,1.0450842200277801,0.6270962488574368,0.31547062217400623,0.875,-0.0023965963912913057,0.6000437446474577,0.3018614348283055,0.8372530971491857,-0.03360181320176525,Undefined,Undefined
556,16,1.0,0.0,0.0,0.0,0.0,0.0,0.0,0.0,0.0,0.0,Trustful,Trustful
557,16,0.3125,0.9411224525623375,0.1829660413364339,0.523134481391994,0.3836893235937804,0.3571956043886445,0.1944125770650602,0.5558622897240282,0.40769330553014915,-0.009948331919306663,Envious,Envious
558,17,0.4117647058823529,1.019850024613141,0.6108811984239704,0.7421236998811127,1.019850024613141,0.3272804342737141,0.5989912081981814,0.7276792488803655,1.0,-0.04184397172070664,Pessimist,Pessimist
559,17,0.29411764705882354,0.9164132552123273,0.5962547233953295,0.39177031030074405,0.6830920776663854,0.6830920776663854,0.6506395668154985,0.4275039760418713,0.7453974217211832,0.1499869064463546,Envious,Envious
560,17,0.4117647058823529,1.019850024613141,0.6996914927961431,0.5820444339726137,0.6552863456100567,0.6533134055089398,0.6860729282833097,0.5707157130220203,0.6425320682407455,-0.029853410180741724,Optimist,Pessimist
561,17,0.5294117647058824,1.0399347534540846,0.630965927264914,0.44007695680394154,0.5596969557285878,0.13938830703878446,0.6067360718248873,0.42317746891547836,0.538203915072158,0.08126134091512527,Pessimist,Pessimist
562,16,0.6875,0.9411224525623375,0.3836893235937804,0.13578557245121703,0.523134481391994,-0.00016751703598782974,0.40769330553014915,0.14428045158366143,0.5558622897240282,-0.04320264289677411,Trustful,Trustful
563,17,0.4117647058823529,1.019850024613141,0.8153656115185557,0.1462117834332033,0.859770758704642,0.21550781486841264,0.7994956040990907,0.14336596548954902,0.8430364641416548,-0.008652270731293266,Envious,Envious
564,17,0.6470588235294118,0.9790995889625321,0.3656463496787761,0.4177725000802476,0.6145359099594478,-0.0233641239734107,0.3734516425098494,0.42669050706366374,0.6276541394636054,-0.032314820767001096,Undefined,
565,17,0.35294117647058826,0.9790995889625321,0.49886179123703533,0.24997223095636356,0.8190203230540332,0.3094923236562339,0.5095107758809667,0.25530827892721075,0.8365035919603222,-0.012230091926057729,Envious,Envious
566,14,0.35714285714285715,0.9918107815595227,0.46018970721031105,0.5491263141986347,0.7974288158134883,0.39913592347650084,0.4639894179076265,0.5536603598270919,0.8040130543445109,-0.03656875295991879,Envious,Envious
567,15,0.8,0.7700179295836611,0.3241640936686281,0.0924150921614314,0.2257484254947647,-0.08304720422185885,0.42098252678856385,0.12001680559749961,0.29317294678686767,-0.034957369525560056,Trustful,
568,15,0.3333333333333333,0.9663856687507884,0.7346366672435917,0.3214644977067628,0.7346366672435917,0.12942552962434606,0.7601899438277369,0.33264617647145805,0.7601899438277369,-0.048089834696298794,Optimist,Envious
569,15,0.8,0.7700179295836611,0.3065199265692677,0.35684576004683227,0.40717159352439686,0.10954536374371993,0.39806855761787147,0.46342526107122495,0.5287819645245785,0.10200407469757566,Trustful,Trustful
570,15,0.5333333333333333,1.0448814666779354,0.8634582986483033,0.26886296108184227,0.6820351306186712,0.05424423115693411,0.8263696181668879,0.25731431713173847,0.6527392363337758,-0.04692035779776349,Optimist,Optimist
571,15,0.4,1.0190404291509674,0.5709505944546686,0.4244450915845064,0.6058682596141385,0.31489972784078657,0.5602825738036388,0.4165144771911952,0.5945478140832243,-0.04808983469629857,Envious,
572,16,0.75,0.856362344486913,0.46901343554613595,0.3911939044313527,0.856362344486913,0.0017487466331390644,0.5476810588012765,0.4568088577805642,1.0,-0.029372092643682346,Trustful,Trustful
574,16,0.3125,0.9411224525623375,0.5065930747363436,0.9411224525623375,0.9411224525623375,0.9411224525623375,0.5382860363782345,1.0,1.0,0.02474895320217585,Envious,Envious
575,16,0.4375,1.0337836283162776,0.27562721709037397,0.5992542504902838,0.3985309682329372,-0.09937278290962603,0.2666198317913854,0.5796708654269256,0.385507138357399,0.1682169409752987,Undefined,Undefined
576,16,1.0,0.0,0.0,0.0,0.0,0.0,0.0,0.0,0.0,0.0,Trustful,Trustful
577,16,0.6875,0.9411224525623375,0.9411224525623375,0.5537735436215605,0.6932187014197742,0.38159307473634374,1.0,0.5884181618596332,0.7365871460535123,0.2134708287430429,Trustful,Optimist
578,16,0.625,0.9995182229527452,0.5815302517824017,0.1776399361859744,0.3949046250989713,-0.13202371646297684,0.5818105547535325,0.1777255602816286,0.3950949727883465,0.04059137477905217,Undefined,Trustful
579,16,0.9375,0.382374286644794,0.382374286644794,0.21229006661701388,0.21229006661701388,0.09353165849888112,1.0,0.5551891798995898,0.5551891798995898,0.06550784501721568,Trustful,Trustful
580,16,0.1875,0.7412964801529259,0.2761280400973657,0.524031791239929,0.7412964801529259,0.39279019935806186,0.3724933916324569,0.7069125582949265,1.0,0.1454054481059629,Envious,Envious
